bad,loan_amnt,int_rate,grade,fico_range_low,fico_range_high,dti,annual_inc,open_acc,total_acc,inq_last_6mths
0,10000.0,11.49,B,675.0,679.0,10.65,70000.0,8.0,16.0,1.0
0,16800.0,5.32,A,720.0,724.0,17.68,140000.0,17.0,36.0,0.0
0,9000.0,23.99,E,665.0,669.0,28.08,50000.0,9.0,11.0,3.0
1,3000.0,16.02,C,660.0,664.0,27.15,45000.0,12.0,18.0,1.0
0,14600.0,11.44,B,690.0,694.0,11.18,125000.0,10.0,15.0,2.0
0,10000.0,30.99,G,710.0,714.0,14.41,128831.0,18.0,32.0,3.0
0,24350.0,16.02,C,675.0,679.0,13.01,58000.0,10.0,23.0,0.0
0,11200.0,14.99,C,675.0,679.0,18.88,70000.0,13.0,17.0,2.0
0,2400.0,7.24,A,750.0,754.0,24.78,112000.0,22.0,33.0,0.0
1,4800.0,13.99,C,660.0,664.0,28.36,32000.0,14.0,18.0,0.0
0,8000.0,16.99,D,665.0,669.0,7.75,35000.0,6.0,11.0,2.0
0,5000.0,13.99,C,695.0,699.0,18.24,45000.0,11.0,20.0,0.0
1,9600.0,26.3,E,690.0,694.0,22.15,39000.0,8.0,9.0,3.0
1,8775.0,15.05,C,660.0,664.0,15.58,92000.0,12.0,27.0,0.0
0,22000.0,7.07,A,720.0,724.0,18.01,170000.0,12.0,26.0,0.0
1,10000.0,14.08,C,700.0,704.0,26.67,43696.0,14.0,39.0,2.0
0,8500.0,15.99,C,720.0,724.0,25.19,35000.0,12.0,13.0,2.0
0,6000.0,11.39,B,665.0,669.0,20.73,79040.0,7.0,42.0,0.0
0,6000.0,11.39,B,680.0,684.0,11.98,52000.0,7.0,17.0,2.0
1,7000.0,9.93,B,735.0,739.0,31.32,70000.0,15.0,21.0,1.0
0,12000.0,8.24,B,665.0,669.0,14.78,144000.0,11.0,40.0,0.0
0,4000.0,12.74,C,665.0,669.0,7.8,30000.0,7.0,12.0,0.0
0,14400.0,11.44,B,680.0,684.0,21.57,106000.0,23.0,36.0,1.0
0,20000.0,7.07,A,735.0,739.0,18.45,88000.0,12.0,19.0,0.0
0,5000.0,13.49,C,695.0,699.0,26.02,70000.0,10.0,19.0,3.0
0,13200.0,11.39,B,695.0,699.0,29.2,60000.0,16.0,43.0,1.0
0,5400.0,18.06,D,715.0,719.0,25.45,15000.0,11.0,16.0,0.0
0,30000.0,7.24,A,740.0,744.0,10.45,155000.0,27.0,45.0,1.0
0,12000.0,17.99,D,670.0,674.0,23.87,35000.0,10.0,20.0,0.0
1,7000.0,16.02,C,680.0,684.0,33.64,65000.0,13.0,28.0,0.0
0,6000.0,7.21,A,790.0,794.0,22.83,60864.0,15.0,49.0,0.0
1,12400.0,24.85,E,670.0,674.0,23.12,30000.0,27.0,45.0,1.0
1,15000.0,15.05,C,695.0,699.0,21.39,40000.0,7.0,12.0,0.0
0,35000.0,11.44,B,760.0,764.0,154.81,5000.0,7.0,14.0,0.0
0,25000.0,6.99,A,740.0,744.0,18.07,120000.0,26.0,43.0,0.0
0,3600.0,13.49,C,700.0,704.0,6.89,100000.0,8.0,19.0,0.0
0,28000.0,6.99,A,710.0,714.0,16.21,220000.0,15.0,44.0,0.0
0,14000.0,19.99,D,665.0,669.0,24.11,78000.0,7.0,10.0,1.0
0,12000.0,11.49,B,700.0,704.0,7.9,53000.0,8.0,10.0,0.0
1,25000.0,9.93,B,665.0,669.0,21.42,130000.0,13.0,29.0,0.0
0,7000.0,12.74,C,675.0,679.0,8.02,35000.0,11.0,20.0,0.0
0,24000.0,7.99,A,690.0,694.0,21.91,127000.0,29.0,38.0,1.0
0,35000.0,7.97,A,660.0,664.0,7.5,175000.0,9.0,21.0,0.0
1,4000.0,13.99,C,690.0,694.0,31.12,68000.0,25.0,39.0,1.0
0,6000.0,11.99,B,695.0,699.0,7.67,120000.0,7.0,12.0,0.0
0,33400.0,12.74,C,730.0,734.0,7.73,150000.0,11.0,22.0,0.0
0,21000.0,9.93,B,710.0,714.0,14.46,104000.0,12.0,29.0,0.0
0,1500.0,7.97,A,680.0,684.0,24.53,74000.0,33.0,57.0,0.0
0,25000.0,11.49,B,755.0,759.0,12.62,106000.0,8.0,18.0,0.0
0,35000.0,16.02,C,675.0,679.0,21.84,121600.0,15.0,38.0,2.0
0,6000.0,11.49,B,675.0,679.0,24.51,47000.0,13.0,24.0,0.0
0,20000.0,7.21,A,705.0,709.0,17.1,100000.0,13.0,36.0,0.0
0,35000.0,7.97,A,725.0,729.0,4.57,195000.0,7.0,32.0,2.0
0,8000.0,12.62,C,675.0,679.0,18.83,62000.0,11.0,17.0,0.0
0,4200.0,7.49,A,755.0,759.0,18.1,80000.0,10.0,13.0,0.0
1,5000.0,25.49,E,660.0,664.0,17.18,95000.0,9.0,13.0,1.0
1,14000.0,15.99,C,670.0,674.0,16.36,85000.0,13.0,23.0,1.0
0,4000.0,8.24,B,695.0,699.0,15.83,100000.0,17.0,36.0,0.0
1,15000.0,9.93,B,755.0,759.0,16.56,25000.0,4.0,10.0,0.0
0,6100.0,10.42,B,685.0,689.0,7.92,40000.0,7.0,17.0,0.0
0,13425.0,14.99,C,785.0,789.0,31.42,61000.0,16.0,36.0,1.0
0,18000.0,7.97,A,740.0,744.0,29.86,90000.0,14.0,25.0,0.0
1,13000.0,7.99,A,720.0,724.0,22.2,72000.0,13.0,25.0,0.0
0,35000.0,11.44,B,680.0,684.0,7.35,103000.0,4.0,20.0,0.0
0,15000.0,11.39,B,705.0,709.0,19.1,75000.0,12.0,23.0,0.0
0,17000.0,11.49,B,690.0,694.0,22.15,73900.0,13.0,24.0,1.0
0,28000.0,5.32,A,750.0,754.0,15.28,210000.0,13.0,46.0,1.0
0,13000.0,15.05,C,735.0,739.0,3.72,70000.0,6.0,7.0,1.0
0,15000.0,5.32,A,730.0,734.0,15.61,95000.0,9.0,15.0,0.0
0,8000.0,13.99,C,665.0,669.0,20.32,30000.0,10.0,10.0,1.0
0,16000.0,12.62,C,670.0,674.0,6.64,78000.0,6.0,10.0,2.0
0,10000.0,9.44,B,665.0,669.0,27.03,83500.0,27.0,44.0,0.0
0,6000.0,10.91,B,700.0,704.0,21.19,70000.0,16.0,27.0,0.0
0,35000.0,7.24,A,785.0,789.0,16.61,275000.0,8.0,33.0,1.0
0,6600.0,13.99,C,690.0,694.0,34.08,28000.0,15.0,20.0,0.0
0,4000.0,6.0,B,675.0,679.0,31.8,48000.0,23.0,53.0,0.0
0,9600.0,7.24,A,725.0,729.0,14.67,80000.0,11.0,19.0,1.0
0,4000.0,5.32,A,780.0,784.0,3.63,85000.0,10.0,14.0,1.0
0,12000.0,12.74,C,695.0,699.0,19.51,65000.0,8.0,16.0,0.0
0,4800.0,13.99,C,730.0,734.0,1.42,109000.0,3.0,16.0,1.0
0,5000.0,7.49,A,760.0,764.0,16.32,72000.0,10.0,15.0,1.0
0,7500.0,8.24,B,665.0,669.0,9.34,105000.0,9.0,18.0,0.0
1,15000.0,28.69,F,710.0,714.0,9.44,52992.0,7.0,14.0,1.0
0,8000.0,13.49,C,685.0,689.0,26.61,52000.0,11.0,21.0,2.0
1,8000.0,11.99,B,700.0,704.0,32.05,55000.0,14.0,19.0,1.0
1,5000.0,7.35,A,715.0,719.0,54.3,36400.0,10.0,38.0,0.0
0,3600.0,19.99,D,660.0,664.0,14.88,58975.0,7.0,26.0,0.0
0,16000.0,14.99,C,675.0,679.0,24.22,50000.0,10.0,22.0,0.0
0,2100.0,7.21,A,720.0,724.0,34.6,48000.0,24.0,42.0,1.0
0,5000.0,13.49,C,665.0,669.0,22.57,110000.0,10.0,21.0,0.0
0,7000.0,5.32,A,745.0,749.0,16.6,35000.0,7.0,11.0,0.0
0,18000.0,11.44,B,720.0,724.0,24.86,67000.0,28.0,38.0,0.0
0,2300.0,12.62,C,665.0,669.0,7.7,34000.0,7.0,20.0,0.0
0,10000.0,16.02,C,685.0,689.0,6.3,127000.0,12.0,22.0,2.0
0,12800.0,19.03,D,660.0,664.0,23.53,72000.0,19.0,37.0,2.0
0,2400.0,11.44,B,665.0,669.0,19.34,42000.0,10.0,11.0,0.0
0,4000.0,13.59,C,685.0,689.0,16.59,82000.0,7.0,27.0,2.0
0,9000.0,15.99,C,685.0,689.0,15.98,54000.0,5.0,15.0,0.0
1,15000.0,13.99,C,670.0,674.0,9.09,156000.0,8.0,9.0,0.0
0,11500.0,10.49,B,695.0,699.0,18.82,70000.0,10.0,28.0,0.0
0,21000.0,19.03,D,675.0,679.0,8.14,150000.0,15.0,20.0,1.0
0,8000.0,7.49,A,715.0,719.0,11.42,58000.0,8.0,23.0,0.0
0,12000.0,12.62,C,690.0,694.0,24.39,110000.0,15.0,41.0,1.0
0,32000.0,7.24,A,700.0,704.0,9.23,400000.0,15.0,56.0,0.0
0,12000.0,16.99,D,660.0,664.0,19.89,66000.0,9.0,40.0,1.0
0,7000.0,19.03,D,685.0,689.0,24.75,24000.0,10.0,15.0,0.0
0,12000.0,16.02,C,665.0,669.0,19.14,48600.0,7.0,15.0,2.0
0,10500.0,11.39,B,700.0,704.0,12.77,56000.0,9.0,11.0,2.0
0,15600.0,7.97,A,685.0,689.0,5.79,85000.0,8.0,11.0,0.0
1,9000.0,21.45,D,665.0,669.0,26.4,51000.0,28.0,39.0,0.0
0,5500.0,5.32,A,685.0,689.0,8.22,161801.0,6.0,20.0,0.0
0,13000.0,18.06,D,680.0,684.0,27.14,34900.0,7.0,8.0,0.0
0,4800.0,8.24,B,660.0,664.0,13.63,65000.0,19.0,41.0,1.0
0,10000.0,7.99,A,700.0,704.0,18.28,60000.0,33.0,40.0,0.0
0,15000.0,15.99,C,660.0,664.0,24.17,49000.0,16.0,19.0,0.0
1,12000.0,11.99,B,665.0,669.0,17.73,65000.0,9.0,15.0,0.0
0,20000.0,10.42,B,680.0,684.0,7.86,151000.0,13.0,18.0,0.0
1,6500.0,15.05,C,665.0,669.0,32.73,29500.0,7.0,13.0,0.0
0,3800.0,13.49,C,700.0,704.0,22.53,57000.0,9.0,12.0,0.0
0,13000.0,7.97,A,685.0,689.0,18.66,95680.0,13.0,21.0,0.0
0,20000.0,16.02,C,700.0,704.0,30.24,80000.0,10.0,22.0,1.0
0,10000.0,7.24,A,730.0,734.0,19.93,79000.0,11.0,13.0,0.0
0,7000.0,11.49,B,725.0,729.0,17.38,44000.0,18.0,21.0,1.0
0,3000.0,11.39,B,685.0,689.0,32.36,90000.0,14.0,24.0,0.0
1,20000.0,13.49,C,675.0,679.0,15.38,60000.0,6.0,9.0,1.0
0,7375.0,23.88,E,720.0,724.0,18.16,62000.0,6.0,22.0,0.0
0,5000.0,19.99,D,675.0,679.0,17.01,110000.0,18.0,28.0,2.0
0,25000.0,10.91,B,695.0,699.0,21.3,75000.0,11.0,20.0,0.0
0,7200.0,11.49,B,685.0,689.0,10.74,40000.0,4.0,4.0,0.0
0,19800.0,11.39,B,690.0,694.0,27.13,81339.0,22.0,32.0,1.0
1,18000.0,13.99,C,660.0,664.0,23.99,80000.0,15.0,22.0,0.0
1,23000.0,23.88,E,690.0,694.0,24.74,59000.0,19.0,30.0,1.0
0,12000.0,11.99,B,675.0,679.0,20.0,60000.0,7.0,13.0,0.0
0,13000.0,18.06,D,660.0,664.0,23.97,37000.0,23.0,41.0,1.0
0,24000.0,11.49,B,725.0,729.0,22.68,68000.0,13.0,26.0,0.0
0,14000.0,6.99,A,730.0,734.0,22.47,88000.0,8.0,31.0,1.0
0,20000.0,7.21,A,740.0,744.0,15.08,90000.0,9.0,17.0,1.0
1,8400.0,7.24,A,720.0,724.0,16.38,62000.0,10.0,14.0,0.0
1,16000.0,13.49,C,670.0,674.0,16.74,103000.0,11.0,26.0,1.0
0,10600.0,7.97,A,710.0,714.0,16.18,61000.0,6.0,9.0,0.0
0,10000.0,5.32,A,735.0,739.0,21.01,63000.0,19.0,38.0,0.0
0,24000.0,25.82,E,665.0,669.0,16.54,65000.0,9.0,29.0,2.0
1,1100.0,12.62,C,660.0,664.0,30.18,34000.0,8.0,12.0,0.0
1,6000.0,22.74,E,665.0,669.0,1.54,50000.0,5.0,15.0,0.0
0,4200.0,9.93,B,685.0,689.0,25.07,52800.0,9.0,19.0,0.0
1,18000.0,13.49,C,710.0,714.0,9.72,80000.0,9.0,18.0,0.0
0,17750.0,17.99,D,660.0,664.0,10.54,55000.0,9.0,11.0,0.0
0,16000.0,7.24,A,725.0,729.0,6.4,75000.0,15.0,28.0,0.0
0,6000.0,16.99,D,660.0,664.0,19.24,25698.0,9.0,20.0,1.0
1,10000.0,11.99,B,670.0,674.0,32.86,42000.0,10.0,22.0,1.0
0,6000.0,15.99,C,675.0,679.0,14.23,48000.0,5.0,9.0,0.0
0,22000.0,16.02,C,680.0,684.0,22.42,58000.0,12.0,18.0,1.0
0,3250.0,10.91,B,745.0,749.0,11.08,12996.0,5.0,8.0,0.0
0,3000.0,11.49,B,745.0,749.0,12.72,40000.0,6.0,32.0,1.0
1,2400.0,14.08,C,680.0,684.0,14.4,74000.0,11.0,21.0,3.0
0,35000.0,7.24,A,715.0,719.0,21.78,125000.0,20.0,48.0,0.0
1,9000.0,11.49,B,720.0,724.0,14.06,60000.0,23.0,33.0,1.0
0,32000.0,12.74,C,665.0,669.0,10.91,125000.0,10.0,16.0,0.0
0,19200.0,5.32,A,700.0,704.0,10.18,175000.0,6.0,25.0,0.0
0,7000.0,7.21,A,705.0,709.0,8.68,110000.0,6.0,27.0,2.0
0,15000.0,11.49,B,660.0,664.0,31.97,55000.0,8.0,21.0,1.0
0,6400.0,7.49,A,700.0,704.0,18.36,30000.0,4.0,10.0,0.0
0,27825.0,9.93,B,720.0,724.0,11.69,85000.0,14.0,29.0,1.0
0,24325.0,6.99,A,735.0,739.0,20.11,96000.0,14.0,29.0,0.0
0,20150.0,17.09,D,710.0,714.0,29.54,42000.0,6.0,37.0,0.0
0,6050.0,13.49,C,690.0,694.0,16.81,96000.0,9.0,13.0,0.0
0,15000.0,10.91,B,670.0,674.0,15.58,120000.0,6.0,15.0,0.0
0,6000.0,11.49,B,690.0,694.0,5.4,70000.0,8.0,10.0,0.0
0,8000.0,5.32,A,805.0,809.0,14.61,80000.0,18.0,32.0,1.0
0,5000.0,5.32,A,775.0,779.0,23.52,60000.0,11.0,32.0,1.0
0,6000.0,11.49,B,690.0,694.0,15.8,56500.0,10.0,11.0,3.0
0,24000.0,30.17,F,680.0,684.0,24.98,65000.0,14.0,18.0,1.0
1,16800.0,12.74,C,660.0,664.0,20.08,90000.0,17.0,28.0,2.0
0,19000.0,16.99,D,660.0,664.0,23.12,50000.0,7.0,19.0,0.0
0,10950.0,12.74,C,675.0,679.0,2.13,85000.0,5.0,8.0,0.0
0,21000.0,11.44,B,670.0,674.0,10.84,114000.0,10.0,11.0,0.0
0,1500.0,11.39,B,670.0,674.0,23.32,65000.0,6.0,20.0,2.0
0,4800.0,11.44,B,710.0,714.0,13.76,32700.0,5.0,17.0,0.0
0,6000.0,15.99,C,660.0,664.0,12.13,24440.0,16.0,24.0,0.0
0,6000.0,11.39,B,750.0,754.0,28.05,35000.0,13.0,23.0,0.0
0,8100.0,10.49,B,680.0,684.0,19.1,61000.0,17.0,32.0,0.0
1,24000.0,8.24,B,675.0,679.0,10.69,160000.0,11.0,21.0,0.0
0,14000.0,11.44,B,695.0,699.0,8.52,60000.0,8.0,11.0,0.0
1,12000.0,13.99,C,695.0,699.0,27.76,60000.0,8.0,15.0,2.0
1,12000.0,11.44,B,705.0,709.0,33.25,82000.0,8.0,23.0,0.0
0,20000.0,17.99,D,685.0,689.0,17.07,41000.0,9.0,27.0,1.0
0,15000.0,12.74,C,665.0,669.0,16.61,50000.0,6.0,7.0,0.0
1,7500.0,14.08,C,710.0,714.0,8.21,25000.0,5.0,7.0,0.0
0,35000.0,15.99,C,695.0,699.0,4.95,785000.0,21.0,42.0,1.0
0,29900.0,16.02,C,675.0,679.0,27.47,65000.0,25.0,29.0,0.0
0,12000.0,17.99,D,660.0,664.0,31.75,78000.0,12.0,16.0,3.0
0,22000.0,24.74,E,675.0,679.0,23.81,95000.0,17.0,22.0,0.0
0,6000.0,5.32,A,750.0,754.0,11.8,100000.0,7.0,12.0,0.0
0,40000.0,8.24,B,715.0,719.0,22.5,255000.0,30.0,64.0,0.0
1,7000.0,11.99,B,665.0,669.0,12.29,45000.0,13.0,13.0,1.0
0,7000.0,12.62,C,665.0,669.0,11.43,48000.0,14.0,18.0,0.0
0,24000.0,7.49,A,710.0,714.0,9.92,101000.0,9.0,26.0,0.0
0,12500.0,11.39,B,740.0,744.0,32.82,60000.0,28.0,44.0,0.0
0,11000.0,11.49,B,675.0,679.0,13.04,45000.0,17.0,21.0,0.0
0,30000.0,11.44,B,675.0,679.0,3.22,60000.0,7.0,28.0,0.0
0,14000.0,11.44,B,675.0,679.0,1.32,1000000.0,11.0,18.0,1.0
0,14000.0,5.32,A,750.0,754.0,16.94,117000.0,4.0,8.0,0.0
0,36550.0,13.49,C,690.0,694.0,17.38,102000.0,8.0,17.0,0.0
0,10000.0,13.59,C,665.0,669.0,17.62,60000.0,19.0,55.0,0.0
0,16000.0,11.99,B,685.0,689.0,8.81,110000.0,12.0,22.0,1.0
0,12000.0,7.99,A,710.0,714.0,13.43,125000.0,11.0,13.0,0.0
0,12000.0,6.99,A,715.0,719.0,11.68,180000.0,8.0,11.0,0.0
1,35000.0,11.44,B,675.0,679.0,24.38,89000.0,8.0,37.0,0.0
0,7000.0,11.99,B,700.0,704.0,23.19,136500.0,19.0,29.0,1.0
1,30000.0,12.74,C,685.0,689.0,22.34,100000.0,9.0,20.0,1.0
0,12000.0,10.91,B,710.0,714.0,36.91,38600.0,11.0,25.0,0.0
1,9600.0,7.97,A,705.0,709.0,23.97,50000.0,11.0,13.0,0.0
0,1275.0,28.69,F,670.0,674.0,22.26,140000.0,15.0,38.0,1.0
0,3000.0,16.99,D,660.0,664.0,15.46,34000.0,6.0,15.0,0.0
0,3000.0,14.08,C,705.0,709.0,14.27,72000.0,5.0,8.0,0.0
1,15000.0,12.62,C,670.0,674.0,30.5,61500.0,16.0,41.0,1.0
1,20000.0,13.99,C,690.0,694.0,14.08,95600.0,12.0,34.0,2.0
0,9600.0,11.49,B,660.0,664.0,14.18,64000.0,6.0,7.0,0.0
0,5000.0,11.99,B,660.0,664.0,16.14,40000.0,9.0,33.0,0.0
0,9000.0,11.49,B,710.0,714.0,27.58,60000.0,15.0,23.0,0.0
1,10000.0,8.24,B,680.0,684.0,15.44,75000.0,3.0,10.0,1.0
0,8400.0,13.99,C,665.0,669.0,24.87,119000.0,16.0,29.0,0.0
0,5000.0,7.49,A,680.0,684.0,18.21,64000.0,8.0,19.0,0.0
1,7000.0,11.99,B,660.0,664.0,34.57,42500.0,8.0,38.0,1.0
0,18200.0,7.49,A,725.0,729.0,18.71,153000.0,10.0,26.0,0.0
0,6500.0,11.49,B,725.0,729.0,14.54,31200.0,6.0,7.0,0.0
0,20800.0,7.24,A,750.0,754.0,6.67,90000.0,10.0,24.0,0.0
0,9800.0,10.91,B,705.0,709.0,19.2,50000.0,12.0,15.0,1.0
1,24000.0,9.93,B,770.0,774.0,11.26,96000.0,7.0,25.0,2.0
0,20000.0,8.24,B,745.0,749.0,14.93,170000.0,31.0,39.0,1.0
0,8000.0,15.99,C,690.0,694.0,15.48,30000.0,6.0,6.0,0.0
1,12000.0,9.44,B,660.0,664.0,33.02,33040.0,16.0,28.0,2.0
1,4500.0,6.99,A,765.0,769.0,13.23,115000.0,15.0,22.0,1.0
0,8000.0,10.49,B,660.0,664.0,17.36,45000.0,12.0,15.0,2.0
0,10000.0,14.99,C,665.0,669.0,22.94,70000.0,11.0,24.0,1.0
0,18000.0,7.97,A,660.0,664.0,22.9,75000.0,13.0,22.0,0.0
0,13325.0,11.49,B,685.0,689.0,8.28,195000.0,17.0,30.0,0.0
0,7500.0,10.91,B,675.0,679.0,14.56,51000.0,5.0,14.0,0.0
1,8000.0,10.42,B,665.0,669.0,9.81,290000.0,19.0,33.0,2.0
1,7000.0,11.49,B,660.0,664.0,26.52,32000.0,5.0,9.0,0.0
0,15000.0,5.32,A,780.0,784.0,24.21,77000.0,17.0,36.0,0.0
0,24000.0,5.32,A,735.0,739.0,19.56,180000.0,13.0,20.0,0.0
0,10000.0,13.59,C,660.0,664.0,18.45,59000.0,10.0,10.0,1.0
1,15000.0,13.99,C,660.0,664.0,9.85,125000.0,11.0,20.0,1.0
1,10000.0,10.42,B,740.0,744.0,23.4,30000.0,5.0,7.0,0.0
0,7500.0,10.49,B,665.0,669.0,13.41,75360.0,8.0,13.0,1.0
0,15000.0,10.91,B,750.0,754.0,21.15,75000.0,8.0,23.0,1.0
0,15000.0,23.88,E,725.0,729.0,22.8,80000.0,17.0,22.0,2.0
1,3000.0,10.91,B,675.0,679.0,8.7,20000.0,7.0,17.0,2.0
1,14000.0,11.99,B,705.0,709.0,28.46,52000.0,20.0,23.0,3.0
0,4800.0,8.24,B,720.0,724.0,29.41,57000.0,12.0,32.0,0.0
1,15000.0,12.74,C,750.0,754.0,8.11,65000.0,8.0,16.0,1.0
1,2825.0,12.74,C,685.0,689.0,23.16,40000.0,6.0,11.0,0.0
0,5500.0,12.74,C,660.0,664.0,14.75,58000.0,10.0,14.0,2.0
0,3500.0,16.02,C,660.0,664.0,20.63,38000.0,8.0,11.0,0.0
1,20000.0,12.62,C,675.0,679.0,7.34,151300.0,5.0,6.0,4.0
1,7000.0,20.0,D,665.0,669.0,18.68,138000.0,17.0,29.0,2.0
0,15000.0,10.91,B,675.0,679.0,16.52,60000.0,27.0,41.0,1.0
0,2700.0,11.49,B,665.0,669.0,24.9,67000.0,15.0,30.0,0.0
0,12000.0,11.99,B,710.0,714.0,5.27,214000.0,19.0,26.0,0.0
0,4800.0,7.49,A,720.0,724.0,15.17,50000.0,19.0,29.0,0.0
0,5600.0,12.74,C,665.0,669.0,10.04,43493.0,11.0,14.0,1.0
0,8000.0,11.49,B,705.0,709.0,28.86,58500.0,3.0,14.0,1.0
0,1000.0,12.74,C,715.0,719.0,10.53,40000.0,8.0,10.0,0.0
1,6000.0,11.49,B,695.0,699.0,15.62,52000.0,4.0,9.0,0.0
0,15000.0,5.32,A,765.0,769.0,8.03,250000.0,14.0,32.0,1.0
1,5000.0,14.08,C,665.0,669.0,28.91,35000.0,8.0,9.0,1.0
1,7500.0,15.05,C,670.0,674.0,10.1,65000.0,7.0,15.0,1.0
0,12000.0,8.24,B,685.0,689.0,19.93,68000.0,6.0,11.0,0.0
0,4500.0,10.49,B,730.0,734.0,14.19,75000.0,10.0,37.0,0.0
0,25000.0,16.99,D,685.0,689.0,13.39,63000.0,6.0,13.0,0.0
0,24000.0,6.99,A,710.0,714.0,14.22,112000.0,14.0,55.0,2.0
0,8800.0,9.93,B,665.0,669.0,22.41,95600.0,5.0,19.0,0.0
0,2650.0,15.99,C,660.0,664.0,27.83,39200.0,13.0,29.0,1.0
0,11000.0,11.49,B,675.0,679.0,21.62,55000.0,24.0,33.0,0.0
0,4800.0,7.97,A,680.0,684.0,23.08,52000.0,15.0,30.0,1.0
0,11525.0,12.62,C,675.0,679.0,22.56,40000.0,22.0,32.0,0.0
1,6000.0,14.99,C,670.0,674.0,18.83,36000.0,18.0,20.0,2.0
1,12500.0,23.88,E,710.0,714.0,33.75,25000.0,13.0,18.0,0.0
0,3725.0,7.24,A,725.0,729.0,19.09,77350.0,11.0,27.0,0.0
1,10000.0,11.44,B,715.0,719.0,26.9,72000.0,10.0,26.0,1.0
0,5000.0,5.32,A,745.0,749.0,17.81,80000.0,15.0,31.0,0.0
1,5000.0,21.45,D,695.0,699.0,18.02,60000.0,11.0,39.0,0.0
0,5600.0,7.35,A,730.0,734.0,9.84,95000.0,12.0,31.0,0.0
0,14000.0,16.02,C,680.0,684.0,17.85,85000.0,12.0,24.0,0.0
0,28000.0,7.49,A,740.0,744.0,6.48,110000.0,6.0,19.0,0.0
1,35000.0,10.49,B,670.0,674.0,6.61,103239.0,6.0,10.0,0.0
0,35000.0,7.99,A,710.0,714.0,14.85,200000.0,15.0,36.0,0.0
0,14000.0,11.39,B,685.0,689.0,6.63,50000.0,7.0,16.0,0.0
1,12000.0,9.44,B,675.0,679.0,12.21,82444.0,23.0,45.0,2.0
0,5000.0,10.42,B,680.0,684.0,13.68,48000.0,17.0,36.0,0.0
0,15000.0,10.49,B,675.0,679.0,19.97,50000.0,7.0,15.0,1.0
1,7200.0,23.99,E,660.0,664.0,32.41,57500.0,12.0,49.0,3.0
0,15000.0,10.49,B,665.0,669.0,4.04,60000.0,6.0,26.0,0.0
0,8000.0,7.99,A,710.0,714.0,32.61,70000.0,15.0,47.0,0.0
0,9000.0,13.49,C,695.0,699.0,4.52,80000.0,15.0,30.0,1.0
0,15000.0,13.99,C,670.0,674.0,6.34,125000.0,12.0,29.0,0.0
0,5000.0,12.74,C,670.0,674.0,3.93,48000.0,8.0,9.0,0.0
0,9000.0,11.49,B,680.0,684.0,21.5,34000.0,9.0,17.0,0.0
1,10000.0,12.74,C,660.0,664.0,9.27,40000.0,7.0,13.0,0.0
0,28000.0,12.74,C,680.0,684.0,13.85,94000.0,14.0,26.0,2.0
0,15000.0,11.44,B,665.0,669.0,7.05,63000.0,3.0,7.0,0.0
1,12000.0,11.99,B,710.0,714.0,15.94,75000.0,7.0,10.0,1.0
0,30000.0,8.24,B,675.0,679.0,18.32,160000.0,9.0,24.0,0.0
0,10200.0,12.62,C,675.0,679.0,20.16,74766.0,14.0,25.0,0.0
0,2800.0,11.44,B,675.0,679.0,7.35,33000.0,9.0,17.0,0.0
0,3000.0,12.74,C,680.0,684.0,19.14,19000.0,5.0,15.0,0.0
0,10000.0,7.07,A,740.0,744.0,22.75,65000.0,26.0,39.0,0.0
1,15000.0,9.44,B,670.0,674.0,1.97,150000.0,8.0,29.0,1.0
1,6000.0,21.45,D,665.0,669.0,15.47,65000.0,11.0,24.0,1.0
0,6700.0,9.93,B,700.0,704.0,17.86,19760.0,17.0,21.0,0.0
0,4800.0,7.07,A,760.0,764.0,23.81,55000.0,16.0,23.0,0.0
0,5000.0,8.24,B,710.0,714.0,16.71,70000.0,17.0,23.0,0.0
0,20000.0,8.24,B,795.0,799.0,32.91,70000.0,22.0,44.0,0.0
0,9600.0,11.49,B,725.0,729.0,16.25,28000.0,8.0,10.0,1.0
0,6175.0,7.07,A,750.0,754.0,11.13,19301.31,8.0,21.0,0.0
0,10000.0,11.49,B,680.0,684.0,27.63,45000.0,8.0,12.0,1.0
0,20000.0,14.99,C,670.0,674.0,22.07,171000.0,27.0,53.0,1.0
0,19425.0,16.99,D,660.0,664.0,29.49,45000.0,15.0,48.0,0.0
0,16000.0,13.99,C,670.0,674.0,15.73,70800.0,12.0,20.0,0.0
1,29525.0,12.62,C,675.0,679.0,23.36,150000.0,8.0,21.0,0.0
0,6000.0,5.32,A,765.0,769.0,14.09,50000.0,7.0,23.0,0.0
0,9000.0,7.97,A,720.0,724.0,25.13,48000.0,12.0,25.0,0.0
0,4000.0,10.49,B,660.0,664.0,5.06,60000.0,10.0,13.0,0.0
1,7500.0,10.91,B,665.0,669.0,27.68,75000.0,14.0,23.0,0.0
0,10000.0,5.32,A,765.0,769.0,8.75,80000.0,8.0,12.0,0.0
0,7000.0,6.99,A,740.0,744.0,34.36,57000.0,11.0,28.0,0.0
0,5500.0,10.42,B,665.0,669.0,18.17,42000.0,20.0,25.0,0.0
0,12000.0,13.59,C,685.0,689.0,18.2,48000.0,6.0,9.0,0.0
0,20000.0,7.07,A,770.0,774.0,16.8,105000.0,8.0,20.0,1.0
0,8000.0,11.99,B,700.0,704.0,9.15,77000.0,17.0,21.0,1.0
0,12000.0,13.49,C,670.0,674.0,21.29,31000.0,9.0,11.0,0.0
0,3000.0,11.99,B,665.0,669.0,7.53,210000.0,11.0,24.0,1.0
0,12000.0,8.24,B,675.0,679.0,24.08,62000.0,7.0,18.0,0.0
0,13000.0,6.99,A,745.0,749.0,16.85,75000.0,9.0,12.0,0.0
1,10800.0,7.21,A,700.0,704.0,16.34,98000.0,16.0,35.0,0.0
0,5500.0,13.99,C,680.0,684.0,31.1,30000.0,11.0,11.0,1.0
0,7000.0,6.99,A,710.0,714.0,13.78,46000.0,10.0,23.0,2.0
0,7000.0,14.99,C,675.0,679.0,20.58,39360.0,10.0,16.0,1.0
1,11000.0,10.42,B,670.0,674.0,21.97,58000.0,16.0,53.0,0.0
0,15000.0,19.03,D,660.0,664.0,22.25,48000.0,12.0,21.0,0.0
0,30000.0,7.99,A,705.0,709.0,17.24,110000.0,13.0,34.0,0.0
1,3000.0,12.62,C,690.0,694.0,16.87,44500.0,17.0,33.0,0.0
1,24725.0,10.42,B,720.0,724.0,26.0,39000.0,6.0,7.0,0.0
0,4200.0,14.99,C,665.0,669.0,25.88,50000.0,6.0,9.0,0.0
0,35000.0,24.74,E,660.0,664.0,23.09,126200.0,15.0,23.0,0.0
0,24000.0,9.93,B,680.0,684.0,9.68,105000.0,10.0,28.0,0.0
0,15000.0,13.49,C,725.0,729.0,9.28,98000.0,17.0,35.0,0.0
1,10000.0,14.99,C,665.0,669.0,10.39,65000.0,13.0,15.0,1.0
0,6000.0,6.99,A,740.0,744.0,28.51,65000.0,15.0,33.0,0.0
0,6000.0,10.49,B,725.0,729.0,12.82,86000.0,10.0,21.0,0.0
0,3600.0,5.32,A,780.0,784.0,11.47,26880.0,10.0,25.0,0.0
0,24000.0,7.99,A,720.0,724.0,8.44,150000.0,12.0,23.0,1.0
1,15275.0,18.99,D,710.0,714.0,29.88,72000.0,10.0,13.0,0.0
1,1000.0,19.03,D,680.0,684.0,22.65,33000.0,6.0,7.0,0.0
1,7000.0,11.99,B,685.0,689.0,28.98,35000.0,6.0,14.0,0.0
1,5000.0,9.93,B,670.0,674.0,10.84,30000.0,10.0,13.0,0.0
0,4875.0,13.99,C,730.0,734.0,16.18,33600.0,13.0,31.0,0.0
0,36000.0,13.49,C,690.0,694.0,18.84,139000.0,12.0,30.0,3.0
0,12000.0,9.44,B,680.0,684.0,25.45,160000.0,28.0,55.0,0.0
0,7200.0,8.24,B,675.0,679.0,31.59,92000.0,15.0,39.0,0.0
0,35000.0,12.74,C,700.0,704.0,22.71,105000.0,29.0,42.0,0.0
0,10000.0,16.02,C,690.0,694.0,10.87,35000.0,22.0,24.0,0.0
0,28000.0,10.49,B,695.0,699.0,20.79,120000.0,8.0,14.0,0.0
0,26000.0,10.49,B,685.0,689.0,18.38,70000.0,9.0,30.0,0.0
0,21000.0,11.49,B,705.0,709.0,25.55,101920.0,11.0,25.0,0.0
0,14000.0,14.99,C,690.0,694.0,22.9,97164.0,12.0,37.0,0.0
1,8000.0,15.05,C,780.0,784.0,21.06,50000.0,4.0,14.0,2.0
1,19200.0,10.42,B,670.0,674.0,7.99,55000.0,5.0,20.0,0.0
1,6000.0,13.99,C,660.0,664.0,18.07,70000.0,6.0,14.0,0.0
0,8000.0,12.74,C,680.0,684.0,8.68,35000.0,4.0,6.0,0.0
0,12800.0,7.49,A,735.0,739.0,23.14,155000.0,15.0,27.0,0.0
0,15000.0,16.99,D,670.0,674.0,15.87,125000.0,15.0,19.0,0.0
0,12000.0,7.24,A,685.0,689.0,13.44,75555.0,13.0,23.0,0.0
0,3000.0,11.49,B,695.0,699.0,13.29,27000.0,10.0,31.0,2.0
0,15000.0,13.59,C,660.0,664.0,15.1,140000.0,9.0,12.0,0.0
0,6425.0,15.99,C,665.0,669.0,17.48,23000.0,11.0,26.0,0.0
0,24000.0,11.39,B,740.0,744.0,19.52,150000.0,33.0,47.0,2.0
0,10000.0,11.49,B,685.0,689.0,14.72,67000.0,9.0,17.0,0.0
0,10000.0,13.59,C,685.0,689.0,16.4,30000.0,5.0,6.0,0.0
1,18000.0,7.35,A,710.0,714.0,12.95,180000.0,6.0,25.0,0.0
0,5950.0,19.99,D,665.0,669.0,23.67,32000.0,6.0,11.0,1.0
1,5000.0,18.06,D,675.0,679.0,33.12,37000.0,14.0,15.0,0.0
1,15000.0,11.99,B,665.0,669.0,9.86,70000.0,8.0,14.0,1.0
0,10000.0,14.99,C,695.0,699.0,22.91,35000.0,9.0,11.0,0.0
0,15000.0,19.03,D,690.0,694.0,14.46,46400.0,7.0,13.0,1.0
0,10000.0,5.32,A,760.0,764.0,5.65,114000.0,10.0,34.0,1.0
0,8400.0,6.99,A,680.0,684.0,15.23,74618.0,16.0,26.0,1.0
0,15000.0,7.99,A,780.0,784.0,27.49,110000.0,9.0,32.0,0.0
1,16000.0,9.44,B,675.0,679.0,15.8,120000.0,10.0,19.0,2.0
0,12000.0,7.99,A,740.0,744.0,7.5,48000.0,5.0,6.0,0.0
1,30000.0,7.97,A,720.0,724.0,5.14,160000.0,7.0,17.0,0.0
0,16000.0,7.99,A,690.0,694.0,9.1,135000.0,6.0,23.0,0.0
0,3000.0,7.49,A,705.0,709.0,20.25,297000.0,16.0,32.0,0.0
0,8000.0,12.74,C,700.0,704.0,32.36,92000.0,22.0,40.0,0.0
1,3500.0,13.59,C,705.0,709.0,29.15,35000.0,8.0,10.0,2.0
0,23000.0,11.49,B,695.0,699.0,24.28,35000.0,15.0,25.0,0.0
1,40000.0,6.08,A,735.0,739.0,1.86,130000.0,10.0,22.0,1.0
1,15000.0,16.02,C,665.0,669.0,23.17,100000.0,13.0,23.0,2.0
0,4000.0,12.74,C,665.0,669.0,14.97,65000.0,12.0,22.0,0.0
0,15000.0,7.24,A,720.0,724.0,10.56,76500.0,12.0,21.0,0.0
0,24000.0,11.99,B,665.0,669.0,26.86,125000.0,14.0,30.0,0.0
0,12900.0,15.99,C,660.0,664.0,10.62,60000.0,9.0,15.0,1.0
0,35000.0,11.49,B,735.0,739.0,8.51,320000.0,11.0,28.0,1.0
0,6000.0,15.05,C,670.0,674.0,20.92,30000.0,13.0,17.0,0.0
0,7000.0,11.49,B,670.0,674.0,25.04,50000.0,8.0,9.0,0.0
0,3000.0,11.99,B,680.0,684.0,18.4,96700.0,13.0,26.0,1.0
0,2100.0,17.99,D,660.0,664.0,20.4,46000.0,11.0,20.0,1.0
1,5000.0,16.02,C,670.0,674.0,28.99,20000.0,8.0,9.0,0.0
0,7000.0,12.62,C,700.0,704.0,22.29,63000.0,14.0,40.0,0.0
0,26000.0,17.99,D,685.0,689.0,28.7,73000.0,23.0,37.0,0.0
1,4000.0,13.59,C,660.0,664.0,15.86,67500.0,16.0,23.0,0.0
0,8000.0,25.49,E,670.0,674.0,10.84,80000.0,9.0,29.0,3.0
0,8000.0,16.99,D,660.0,664.0,30.63,55000.0,14.0,38.0,0.0
0,12000.0,7.49,A,800.0,804.0,19.14,55000.0,9.0,17.0,0.0
0,16000.0,15.99,C,665.0,669.0,33.76,130000.0,24.0,36.0,1.0
1,3200.0,15.05,C,660.0,664.0,17.49,42000.0,11.0,12.0,2.0
0,10000.0,7.07,A,825.0,829.0,14.65,48000.0,13.0,24.0,0.0
0,5900.0,11.44,B,680.0,684.0,11.95,78000.0,26.0,43.0,0.0
0,10000.0,11.44,B,670.0,674.0,19.34,70000.0,12.0,31.0,0.0
0,20000.0,7.99,A,690.0,694.0,19.23,120000.0,14.0,32.0,1.0
1,18000.0,13.49,C,660.0,664.0,27.22,88000.0,12.0,12.0,1.0
1,15000.0,14.08,C,685.0,689.0,18.73,100000.0,13.0,28.0,1.0
0,17650.0,13.99,C,665.0,669.0,6.22,164000.0,13.0,26.0,2.0
0,35000.0,14.99,C,695.0,699.0,18.02,150000.0,22.0,41.0,1.0
0,24000.0,11.99,B,675.0,679.0,6.08,120000.0,8.0,11.0,0.0
0,10000.0,7.99,A,775.0,779.0,1.24,68000.0,10.0,26.0,0.0
0,16800.0,13.99,C,660.0,664.0,12.91,40000.0,10.0,25.0,1.0
1,12025.0,15.05,C,660.0,664.0,28.71,52000.0,17.0,28.0,0.0
0,16000.0,18.99,D,660.0,664.0,18.13,48000.0,7.0,19.0,0.0
0,7800.0,7.99,A,725.0,729.0,32.86,58000.0,16.0,34.0,0.0
1,5000.0,14.99,C,665.0,669.0,27.3,24000.0,10.0,30.0,1.0
0,1550.0,13.59,C,685.0,689.0,1.77,53016.0,2.0,5.0,0.0
0,6025.0,12.74,C,680.0,684.0,12.86,35000.0,13.0,14.0,0.0
0,20000.0,11.44,B,720.0,724.0,28.0,90000.0,10.0,35.0,2.0
0,4000.0,10.91,B,660.0,664.0,8.08,48000.0,21.0,44.0,0.0
0,2000.0,11.99,B,665.0,669.0,26.42,65000.0,20.0,36.0,5.0
0,9600.0,24.74,E,685.0,689.0,12.41,80000.0,18.0,23.0,0.0
0,1000.0,14.99,C,675.0,679.0,28.3,58640.0,13.0,37.0,2.0
0,3650.0,10.91,B,670.0,674.0,29.75,39500.0,7.0,27.0,0.0
0,6000.0,11.49,B,705.0,709.0,21.73,18000.0,10.0,18.0,0.0
0,3000.0,14.08,C,695.0,699.0,25.99,82000.0,7.0,14.0,0.0
0,10000.0,8.24,B,685.0,689.0,14.69,42000.0,12.0,41.0,0.0
0,15000.0,8.24,B,675.0,679.0,12.68,120000.0,6.0,6.0,0.0
0,6400.0,26.3,E,680.0,684.0,25.64,33600.0,9.0,18.0,1.0
1,7000.0,9.44,B,720.0,724.0,3.47,37000.0,3.0,5.0,0.0
0,6000.0,15.99,C,665.0,669.0,9.71,156000.0,10.0,13.0,1.0
1,12800.0,13.49,C,695.0,699.0,31.58,60000.0,14.0,69.0,0.0
1,12000.0,13.59,C,665.0,669.0,22.03,45000.0,8.0,19.0,0.0
0,15000.0,11.49,B,660.0,664.0,8.05,75000.0,9.0,24.0,0.0
1,3000.0,13.99,C,660.0,664.0,23.9,41280.0,10.0,13.0,0.0
1,35000.0,19.99,D,670.0,674.0,18.53,130000.0,13.0,29.0,1.0
0,11000.0,11.44,B,670.0,674.0,13.57,95000.0,7.0,19.0,1.0
0,17900.0,13.59,C,665.0,669.0,8.02,70000.0,7.0,16.0,0.0
1,30000.0,18.99,D,665.0,669.0,28.7,99000.0,14.0,18.0,1.0
1,18775.0,13.49,C,675.0,679.0,20.75,80000.0,7.0,28.0,0.0
0,16000.0,15.99,C,685.0,689.0,17.34,119000.0,27.0,42.0,1.0
1,10000.0,13.59,C,705.0,709.0,21.34,125000.0,19.0,44.0,1.0
0,30000.0,11.49,B,715.0,719.0,21.98,70000.0,10.0,12.0,0.0
0,5000.0,9.93,B,670.0,674.0,20.23,63000.0,16.0,18.0,0.0
0,10000.0,13.99,C,660.0,664.0,7.78,62000.0,9.0,12.0,0.0
0,16000.0,13.99,C,715.0,719.0,8.96,56000.0,12.0,17.0,0.0
0,12000.0,10.49,B,725.0,729.0,5.39,120000.0,5.0,11.0,1.0
0,7200.0,8.24,B,665.0,669.0,16.37,75000.0,13.0,23.0,0.0
0,16000.0,10.42,B,680.0,684.0,33.27,38850.0,14.0,19.0,0.0
0,12000.0,5.32,A,730.0,734.0,12.98,238860.0,6.0,20.0,0.0
1,20000.0,7.49,A,725.0,729.0,26.69,105000.0,21.0,42.0,0.0
0,20000.0,6.99,A,720.0,724.0,19.05,110000.0,13.0,24.0,0.0
1,10000.0,20.0,D,735.0,739.0,24.57,40000.0,5.0,6.0,0.0
0,7000.0,7.99,A,685.0,689.0,19.2,67000.0,24.0,49.0,1.0
1,6000.0,21.45,D,675.0,679.0,33.01,20000.0,7.0,8.0,1.0
1,17925.0,16.99,D,685.0,689.0,24.49,39000.0,14.0,26.0,1.0
1,35000.0,6.08,A,730.0,734.0,28.9,138200.0,27.0,52.0,0.0
0,8000.0,7.99,A,700.0,704.0,20.6,92000.0,15.0,50.0,0.0
0,6000.0,7.21,A,825.0,829.0,5.92,83000.0,6.0,14.0,0.0
0,3025.0,13.99,C,745.0,749.0,31.48,70000.0,13.0,39.0,2.0
0,4000.0,8.24,B,675.0,679.0,22.11,50000.0,10.0,34.0,0.0
0,6000.0,12.74,C,660.0,664.0,34.17,40000.0,10.0,24.0,2.0
1,15000.0,16.02,C,665.0,669.0,15.62,116000.0,7.0,27.0,0.0
1,30000.0,11.39,B,725.0,729.0,24.45,145000.0,12.0,39.0,0.0
0,12000.0,9.44,B,745.0,749.0,9.19,53000.0,9.0,15.0,0.0
0,2000.0,14.99,C,680.0,684.0,15.49,40200.0,6.0,6.0,1.0
0,8000.0,11.49,B,660.0,664.0,7.17,45000.0,7.0,11.0,0.0
0,16000.0,8.24,B,675.0,679.0,11.13,80000.0,11.0,20.0,0.0
1,16000.0,11.44,B,685.0,689.0,20.06,65000.0,17.0,40.0,0.0
0,9000.0,11.49,B,670.0,674.0,7.84,64250.0,2.0,3.0,0.0
0,7000.0,8.24,B,700.0,704.0,9.4,54000.0,5.0,9.0,0.0
0,21600.0,16.99,D,700.0,704.0,21.36,85000.0,9.0,27.0,0.0
0,12000.0,11.99,B,680.0,684.0,20.31,65000.0,16.0,24.0,0.0
0,14375.0,17.99,D,680.0,684.0,25.67,34700.0,15.0,18.0,0.0
0,40000.0,18.06,D,745.0,749.0,18.97,99000.0,17.0,31.0,1.0
1,9375.0,20.0,D,670.0,674.0,7.9,50000.0,12.0,28.0,1.0
1,12000.0,19.03,D,675.0,679.0,18.33,37000.0,13.0,26.0,1.0
1,8275.0,15.99,C,690.0,694.0,25.37,23000.0,5.0,20.0,0.0
0,23075.0,18.06,D,680.0,684.0,15.36,83200.0,11.0,17.0,1.0
0,20000.0,15.05,C,665.0,669.0,15.5,75000.0,12.0,16.0,0.0
0,3000.0,8.24,B,665.0,669.0,21.6,45000.0,11.0,21.0,0.0
0,40000.0,11.99,B,720.0,724.0,21.08,200000.0,15.0,27.0,0.0
0,35000.0,18.99,D,665.0,669.0,11.54,110000.0,9.0,39.0,0.0
0,25000.0,11.39,B,715.0,719.0,18.36,60000.0,13.0,22.0,1.0
0,3500.0,10.49,B,670.0,674.0,7.44,60000.0,9.0,12.0,0.0
0,15000.0,15.99,C,690.0,694.0,7.16,220000.0,18.0,26.0,0.0
0,15000.0,8.24,B,665.0,669.0,11.57,140000.0,7.0,16.0,0.0
0,15000.0,8.24,B,680.0,684.0,29.15,139404.0,19.0,53.0,1.0
1,15000.0,9.44,B,665.0,669.0,29.52,100000.0,21.0,43.0,3.0
1,20000.0,15.05,C,680.0,684.0,6.17,80000.0,7.0,27.0,0.0
1,18725.0,9.44,B,700.0,704.0,7.99,90000.0,14.0,23.0,1.0
0,5000.0,12.62,C,670.0,674.0,29.28,30000.0,7.0,8.0,0.0
0,40000.0,8.24,B,725.0,729.0,18.6,109000.0,8.0,29.0,0.0
1,24000.0,19.03,D,660.0,664.0,25.34,69000.0,19.0,29.0,0.0
1,4200.0,20.0,D,660.0,664.0,21.44,14000.0,3.0,4.0,1.0
0,21225.0,10.42,B,700.0,704.0,12.07,178000.0,14.0,23.0,1.0
1,5000.0,11.99,B,705.0,709.0,20.9,58000.0,9.0,13.0,0.0
1,7250.0,20.0,D,660.0,664.0,10.2,42000.0,12.0,20.0,0.0
1,20000.0,16.02,C,660.0,664.0,28.05,115000.0,17.0,32.0,0.0
0,10000.0,17.99,D,665.0,669.0,5.11,69000.0,11.0,18.0,0.0
0,30000.0,17.99,D,670.0,674.0,26.2,152000.0,23.0,55.0,2.0
1,5000.0,12.62,C,700.0,704.0,18.71,105000.0,7.0,18.0,0.0
0,5400.0,11.99,B,695.0,699.0,25.54,120000.0,11.0,19.0,0.0
0,10000.0,7.21,A,685.0,689.0,15.34,65000.0,13.0,20.0,0.0
0,10000.0,5.32,A,720.0,724.0,18.84,110000.0,15.0,25.0,0.0
1,3600.0,16.02,C,690.0,694.0,18.53,50000.0,10.0,26.0,0.0
1,35000.0,13.49,C,680.0,684.0,4.69,300000.0,10.0,20.0,3.0
0,8000.0,10.49,B,690.0,694.0,15.0,48000.0,8.0,13.0,0.0
0,8000.0,11.49,B,685.0,689.0,12.83,52000.0,8.0,8.0,0.0
1,29850.0,15.05,C,740.0,744.0,17.45,236000.0,14.0,23.0,0.0
0,12000.0,14.08,C,665.0,669.0,19.98,65000.0,15.0,18.0,0.0
0,10000.0,11.49,B,670.0,674.0,27.46,43000.0,7.0,13.0,0.0
0,4100.0,7.07,A,785.0,789.0,11.22,37000.0,13.0,36.0,1.0
0,6000.0,8.24,B,660.0,664.0,22.8,85000.0,18.0,27.0,0.0
0,22375.0,7.35,A,720.0,724.0,23.7,144000.0,29.0,64.0,0.0
1,17000.0,15.05,C,660.0,664.0,21.98,108000.0,26.0,28.0,3.0
0,35000.0,11.44,B,730.0,734.0,23.81,160000.0,14.0,19.0,0.0
0,10000.0,15.05,C,680.0,684.0,2.3,73500.0,7.0,8.0,1.0
1,10750.0,13.99,C,690.0,694.0,31.31,92140.0,29.0,48.0,1.0
0,15000.0,10.49,B,710.0,714.0,17.44,71000.0,13.0,19.0,0.0
0,2400.0,8.24,B,775.0,779.0,33.15,31200.0,9.0,17.0,0.0
1,3700.0,13.99,C,675.0,679.0,12.95,67000.0,5.0,7.0,0.0
0,10000.0,11.39,B,710.0,714.0,19.63,48000.0,10.0,12.0,0.0
0,17000.0,11.39,B,660.0,664.0,16.74,61000.0,23.0,34.0,1.0
1,10000.0,16.02,C,665.0,669.0,8.64,30000.0,12.0,13.0,1.0
0,15000.0,11.44,B,675.0,679.0,8.93,70000.0,5.0,10.0,0.0
0,4000.0,13.99,C,665.0,669.0,24.43,90000.0,20.0,44.0,0.0
0,18000.0,13.49,C,710.0,714.0,24.12,80000.0,5.0,18.0,0.0
0,4200.0,6.99,A,720.0,724.0,26.04,21840.0,5.0,5.0,0.0
0,30000.0,8.24,B,710.0,714.0,11.33,63000.0,7.0,19.0,0.0
1,16000.0,11.39,B,675.0,679.0,18.52,90000.0,21.0,27.0,2.0
1,3600.0,16.99,D,680.0,684.0,12.22,75000.0,7.0,9.0,1.0
0,6000.0,11.49,B,710.0,714.0,12.72,60000.0,11.0,12.0,0.0
1,3500.0,16.02,C,660.0,664.0,10.12,187000.0,10.0,16.0,0.0
1,17500.0,16.02,C,685.0,689.0,28.04,65000.0,10.0,12.0,0.0
0,5000.0,13.49,C,670.0,674.0,8.69,33000.0,7.0,7.0,0.0
0,4000.0,7.35,A,710.0,714.0,20.42,155000.0,13.0,32.0,0.0
0,6000.0,12.62,C,680.0,684.0,24.87,32000.0,6.0,7.0,1.0
1,35000.0,12.74,C,690.0,694.0,14.35,135000.0,6.0,10.0,0.0
0,12500.0,11.49,B,705.0,709.0,3.35,63000.0,8.0,11.0,1.0
1,25600.0,18.06,D,700.0,704.0,9.71,128400.0,12.0,18.0,1.0
0,21000.0,11.49,B,695.0,699.0,13.83,60000.0,11.0,24.0,0.0
1,9000.0,12.62,C,670.0,674.0,15.02,70000.0,5.0,10.0,0.0
0,35000.0,15.99,C,675.0,679.0,14.35,130000.0,12.0,28.0,0.0
0,9925.0,14.08,C,730.0,734.0,9.22,56000.0,11.0,11.0,1.0
0,25000.0,7.99,A,735.0,739.0,5.71,90000.0,4.0,11.0,0.0
0,3000.0,14.08,C,720.0,724.0,25.2,41300.0,9.0,27.0,4.0
0,3800.0,5.32,A,730.0,734.0,19.69,54000.0,19.0,29.0,0.0
0,35000.0,11.49,B,670.0,674.0,19.0,94000.0,29.0,54.0,0.0
0,20000.0,8.24,B,685.0,689.0,8.97,250000.0,16.0,24.0,0.0
0,8000.0,15.99,C,715.0,719.0,15.46,70000.0,16.0,57.0,1.0
0,15000.0,7.49,A,720.0,724.0,18.08,75000.0,13.0,23.0,1.0
1,5000.0,16.02,C,665.0,669.0,18.29,45000.0,16.0,18.0,0.0
0,5600.0,20.0,D,660.0,664.0,29.79,150000.0,7.0,12.0,0.0
1,35000.0,23.99,E,700.0,704.0,10.18,130000.0,9.0,14.0,2.0
0,9000.0,5.32,A,755.0,759.0,14.64,77000.0,10.0,30.0,1.0
0,3000.0,13.59,C,660.0,664.0,6.97,26000.0,6.0,6.0,0.0
0,10000.0,9.93,B,725.0,729.0,25.54,64000.0,21.0,27.0,0.0
0,5000.0,11.99,B,720.0,724.0,4.59,40000.0,4.0,5.0,0.0
0,37000.0,17.09,D,695.0,699.0,18.14,212000.0,12.0,17.0,0.0
0,35000.0,11.44,B,720.0,724.0,26.42,110000.0,25.0,58.0,1.0
1,8000.0,12.62,C,690.0,694.0,17.52,60000.0,10.0,10.0,2.0
0,16000.0,5.32,A,840.0,844.0,18.85,90000.0,11.0,21.0,0.0
0,12000.0,11.44,B,680.0,684.0,12.88,75000.0,9.0,12.0,1.0
0,6000.0,8.24,B,665.0,669.0,13.01,81000.0,9.0,26.0,0.0
0,15000.0,23.99,E,700.0,704.0,23.5,66500.0,14.0,37.0,3.0
1,5000.0,14.08,C,685.0,689.0,29.63,52000.0,10.0,28.0,0.0
1,5000.0,15.05,C,660.0,664.0,12.94,50000.0,10.0,16.0,0.0
0,7600.0,13.49,C,740.0,744.0,23.12,65000.0,14.0,20.0,1.0
0,20000.0,13.49,C,690.0,694.0,11.09,46000.0,8.0,22.0,0.0
1,40000.0,11.99,B,700.0,704.0,22.58,250000.0,19.0,53.0,2.0
0,20000.0,5.32,A,740.0,744.0,16.65,225000.0,9.0,32.0,0.0
0,5000.0,7.97,A,700.0,704.0,28.55,32000.0,9.0,10.0,0.0
1,7000.0,7.97,A,680.0,684.0,20.09,100000.0,10.0,28.0,0.0
1,15000.0,14.99,C,660.0,664.0,14.06,80000.0,4.0,15.0,1.0
0,25000.0,7.07,A,745.0,749.0,31.0,67000.0,11.0,27.0,0.0
0,1500.0,13.59,C,740.0,744.0,1.3,23000.0,13.0,14.0,0.0
0,12000.0,9.44,B,685.0,689.0,0.75,40000.0,4.0,15.0,1.0
0,15000.0,7.49,A,700.0,704.0,8.5,75000.0,9.0,14.0,0.0
0,24925.0,7.99,A,750.0,754.0,13.43,278000.0,21.0,36.0,0.0
0,4000.0,12.74,C,725.0,729.0,19.87,63000.0,9.0,31.0,0.0
0,12000.0,14.08,C,680.0,684.0,20.76,30000.0,6.0,24.0,0.0
1,3600.0,8.24,B,665.0,669.0,7.42,50000.0,8.0,14.0,0.0
0,3000.0,7.99,A,690.0,694.0,8.6,53000.0,15.0,27.0,0.0
0,14000.0,21.49,D,675.0,679.0,24.62,62000.0,19.0,34.0,2.0
0,22000.0,11.49,B,680.0,684.0,11.3,120000.0,8.0,17.0,1.0
0,20800.0,21.49,D,710.0,714.0,27.71,55000.0,15.0,66.0,4.0
0,35000.0,7.35,A,720.0,724.0,24.51,111265.0,10.0,23.0,0.0
1,3000.0,14.08,C,690.0,694.0,24.22,60000.0,14.0,26.0,0.0
0,5600.0,17.99,D,705.0,709.0,14.2,65000.0,16.0,22.0,4.0
0,10200.0,11.39,B,670.0,674.0,20.92,41760.0,6.0,13.0,0.0
0,20125.0,19.99,D,670.0,674.0,24.46,56780.0,13.0,20.0,1.0
0,6000.0,8.24,B,670.0,674.0,12.48,55000.0,5.0,9.0,1.0
1,10000.0,15.05,C,695.0,699.0,5.3,214000.0,6.0,15.0,1.0
0,12000.0,14.99,C,715.0,719.0,17.24,30000.0,8.0,9.0,0.0
0,11000.0,10.91,B,750.0,754.0,15.3,80000.0,6.0,20.0,1.0
0,4875.0,11.99,B,725.0,729.0,26.54,79310.0,16.0,28.0,2.0
0,3000.0,11.49,B,660.0,664.0,11.5,150000.0,6.0,19.0,0.0
0,29275.0,10.49,B,710.0,714.0,23.85,230000.0,21.0,47.0,2.0
0,30000.0,8.24,B,720.0,724.0,10.4,80000.0,8.0,25.0,1.0
1,3250.0,15.05,C,680.0,684.0,23.51,25000.0,12.0,16.0,0.0
1,32000.0,7.35,A,700.0,704.0,10.36,135000.0,13.0,30.0,0.0
1,10000.0,12.62,C,670.0,674.0,13.57,95000.0,8.0,16.0,3.0
1,5000.0,15.99,C,695.0,699.0,7.83,72000.0,6.0,7.0,1.0
1,11200.0,17.99,D,705.0,709.0,30.35,28000.0,7.0,13.0,0.0
0,14000.0,11.49,B,690.0,694.0,24.07,35000.0,10.0,14.0,0.0
1,9000.0,14.08,C,680.0,684.0,19.5,95000.0,14.0,30.0,0.0
0,10000.0,11.99,B,710.0,714.0,10.56,70000.0,3.0,9.0,0.0
0,6000.0,10.42,B,690.0,694.0,16.37,30873.0,8.0,14.0,0.0
1,10000.0,9.93,B,680.0,684.0,22.86,58000.0,19.0,29.0,0.0
0,7000.0,10.49,B,700.0,704.0,15.2,57000.0,5.0,8.0,0.0
0,7000.0,11.39,B,705.0,709.0,18.8,36000.0,8.0,11.0,0.0
0,10000.0,7.99,A,725.0,729.0,17.43,45000.0,7.0,12.0,0.0
1,40000.0,7.21,A,725.0,729.0,16.62,53000.0,12.0,29.0,0.0
1,12000.0,14.99,C,680.0,684.0,27.79,75000.0,14.0,25.0,1.0
0,12000.0,7.97,A,720.0,724.0,13.76,56000.0,13.0,23.0,0.0
0,16000.0,7.99,A,710.0,714.0,23.58,75000.0,11.0,20.0,0.0
1,4000.0,13.99,C,685.0,689.0,15.53,32000.0,8.0,8.0,1.0
1,12150.0,16.02,C,665.0,669.0,11.2,45000.0,5.0,7.0,0.0
0,4800.0,14.08,C,715.0,719.0,24.11,64403.0,9.0,16.0,0.0
1,20000.0,13.59,C,680.0,684.0,18.05,150000.0,9.0,18.0,1.0
1,10000.0,12.62,C,665.0,669.0,26.6,34560.0,13.0,16.0,0.0
0,28000.0,12.74,C,730.0,734.0,31.62,108000.0,7.0,27.0,1.0
0,27000.0,7.35,A,750.0,754.0,14.65,90000.0,11.0,37.0,0.0
0,8400.0,14.08,C,670.0,674.0,18.41,180000.0,18.0,34.0,1.0
0,30000.0,12.74,C,660.0,664.0,3.42,398000.0,9.0,30.0,1.0
1,29425.0,17.09,D,690.0,694.0,26.0,119000.0,12.0,34.0,0.0
0,8000.0,11.49,B,740.0,744.0,20.85,36910.56,10.0,21.0,0.0
0,17000.0,7.24,A,770.0,774.0,29.89,82500.0,13.0,40.0,0.0
1,8475.0,23.88,E,680.0,684.0,32.48,23576.0,13.0,37.0,1.0
0,12000.0,7.49,A,725.0,729.0,14.77,55000.0,22.0,40.0,1.0
1,9600.0,15.99,C,695.0,699.0,15.02,80000.0,13.0,29.0,1.0
0,20000.0,11.49,B,685.0,689.0,8.84,145000.0,9.0,25.0,0.0
1,5000.0,10.91,B,710.0,714.0,45.71,57000.0,10.0,33.0,0.0
0,15000.0,14.08,C,660.0,664.0,21.16,70000.0,12.0,13.0,0.0
0,5000.0,9.44,B,660.0,664.0,24.82,82000.0,12.0,27.0,0.0
0,3025.0,14.99,C,680.0,684.0,11.59,49400.0,9.0,28.0,0.0
0,7000.0,6.99,A,720.0,724.0,15.36,60000.0,13.0,18.0,0.0
0,16000.0,17.99,D,665.0,669.0,33.84,47000.0,12.0,18.0,1.0
0,5000.0,10.91,B,675.0,679.0,12.75,105000.0,13.0,25.0,1.0
0,1000.0,15.99,C,670.0,674.0,22.82,92000.0,12.0,26.0,0.0
0,8000.0,9.44,B,700.0,704.0,24.69,79117.5,18.0,34.0,0.0
0,4800.0,14.99,C,660.0,664.0,13.58,71400.0,9.0,21.0,1.0
0,24000.0,18.06,D,680.0,684.0,21.16,140000.0,11.0,28.0,0.0
0,24000.0,9.93,B,710.0,714.0,16.75,317000.0,8.0,15.0,0.0
1,9600.0,12.62,C,685.0,689.0,21.31,32000.0,10.0,32.0,1.0
0,12000.0,10.91,B,700.0,704.0,28.54,50000.0,14.0,23.0,0.0
1,15000.0,11.99,B,695.0,699.0,12.64,70000.0,11.0,21.0,1.0
1,2000.0,12.62,C,715.0,719.0,33.92,117000.0,16.0,31.0,0.0
0,30000.0,6.99,A,720.0,724.0,16.06,100000.0,10.0,43.0,0.0
0,15000.0,7.97,A,740.0,744.0,17.8,101000.0,5.0,31.0,0.0
0,26400.0,14.99,C,675.0,679.0,13.16,160800.0,11.0,20.0,1.0
1,7375.0,29.49,F,660.0,664.0,14.12,100000.0,12.0,15.0,4.0
0,10800.0,7.35,A,715.0,719.0,25.28,90000.0,35.0,50.0,0.0
0,8000.0,7.99,A,680.0,684.0,17.8,65000.0,14.0,22.0,0.0
0,1500.0,9.44,B,725.0,729.0,7.18,50000.0,9.0,24.0,1.0
1,24000.0,7.99,A,680.0,684.0,29.88,58000.0,20.0,33.0,1.0
1,3000.0,17.99,D,675.0,679.0,28.91,65000.0,20.0,34.0,0.0
1,9600.0,7.99,A,695.0,699.0,17.55,80000.0,14.0,26.0,1.0
0,6000.0,11.49,B,660.0,664.0,19.02,61720.0,8.0,28.0,0.0
0,35000.0,17.99,D,710.0,714.0,14.33,164000.0,21.0,30.0,3.0
0,35000.0,14.08,C,695.0,699.0,29.27,115000.0,27.0,43.0,1.0
1,12000.0,11.49,B,665.0,669.0,8.77,62000.0,8.0,21.0,1.0
0,3000.0,10.91,B,670.0,674.0,28.29,37000.0,16.0,24.0,1.0
0,7000.0,23.99,E,725.0,729.0,30.68,26400.0,16.0,22.0,1.0
1,4800.0,9.93,B,700.0,704.0,22.46,53000.0,7.0,27.0,0.0
0,6000.0,11.39,B,660.0,664.0,28.84,60000.0,21.0,40.0,1.0
1,4200.0,10.49,B,725.0,729.0,60.39,26000.0,13.0,17.0,0.0
0,6300.0,13.49,C,680.0,684.0,22.87,49700.0,16.0,20.0,1.0
0,5600.0,10.91,B,660.0,664.0,3.91,50000.0,5.0,7.0,0.0
0,28800.0,7.97,A,720.0,724.0,16.11,80000.0,13.0,28.0,0.0
0,5000.0,25.49,E,665.0,669.0,29.58,56000.0,9.0,31.0,2.0
0,10000.0,11.49,B,705.0,709.0,30.64,30000.0,10.0,25.0,0.0
0,14000.0,17.99,D,720.0,724.0,3.33,40000.0,4.0,19.0,2.0
0,7200.0,7.24,A,715.0,719.0,22.04,25000.0,7.0,17.0,0.0
0,25000.0,11.44,B,690.0,694.0,28.7,175000.0,14.0,29.0,0.0
1,5000.0,10.49,B,735.0,739.0,30.73,132000.0,17.0,32.0,0.0
0,18000.0,13.59,C,665.0,669.0,20.03,220000.0,13.0,26.0,1.0
1,8000.0,21.45,D,700.0,704.0,39.0,43000.0,10.0,24.0,1.0
0,7350.0,15.99,C,710.0,714.0,33.28,23040.0,7.0,37.0,2.0
0,3200.0,9.93,B,705.0,709.0,28.68,50000.0,10.0,33.0,0.0
0,10000.0,6.99,A,715.0,719.0,12.13,75000.0,8.0,12.0,0.0
0,24000.0,7.24,A,745.0,749.0,26.06,104000.0,23.0,33.0,0.0
0,36000.0,11.99,B,705.0,709.0,15.65,119000.0,22.0,35.0,1.0
0,12000.0,11.44,B,720.0,724.0,13.77,50370.0,4.0,14.0,0.0
0,16000.0,10.42,B,670.0,674.0,27.59,49500.0,13.0,35.0,0.0
0,15000.0,11.39,B,680.0,684.0,12.83,240000.0,18.0,31.0,2.0
1,10000.0,30.65,F,660.0,664.0,23.67,40000.0,3.0,13.0,1.0
0,4500.0,7.21,A,745.0,749.0,31.26,47000.0,8.0,10.0,0.0
0,3300.0,11.44,B,670.0,674.0,18.67,36000.0,5.0,7.0,0.0
0,6000.0,12.74,C,715.0,719.0,9.5,24000.0,8.0,25.0,0.0
1,7950.0,24.74,E,660.0,664.0,27.88,52000.0,18.0,21.0,1.0
1,17000.0,19.99,D,660.0,664.0,27.93,70000.0,10.0,14.0,1.0
0,3000.0,12.74,C,670.0,674.0,19.94,145000.0,15.0,43.0,0.0
0,30000.0,8.24,B,720.0,724.0,32.74,96000.0,6.0,16.0,0.0
0,11000.0,11.44,B,660.0,664.0,7.75,65000.0,6.0,21.0,0.0
0,12000.0,11.49,B,665.0,669.0,20.82,60000.0,18.0,44.0,0.0
1,8000.0,15.99,C,685.0,689.0,22.75,48000.0,20.0,23.0,2.0
0,2500.0,18.99,D,680.0,684.0,33.08,33200.0,7.0,13.0,1.0
0,16000.0,15.99,C,685.0,689.0,34.66,75000.0,14.0,23.0,0.0
0,8000.0,17.99,D,700.0,704.0,33.19,52500.0,9.0,26.0,0.0
0,13000.0,12.74,C,670.0,674.0,22.74,40000.0,9.0,21.0,1.0
0,10000.0,9.93,B,690.0,694.0,13.86,100000.0,16.0,30.0,0.0
0,8000.0,5.32,A,745.0,749.0,11.98,112500.0,12.0,23.0,0.0
0,7000.0,7.97,A,700.0,704.0,13.02,76000.0,16.0,38.0,1.0
0,5000.0,9.44,B,695.0,699.0,10.5,92000.0,10.0,26.0,2.0
0,17600.0,21.45,D,660.0,664.0,20.49,69000.0,13.0,16.0,0.0
0,10000.0,5.32,A,745.0,749.0,11.58,140000.0,10.0,14.0,2.0
0,28000.0,18.99,D,690.0,694.0,16.19,150000.0,12.0,26.0,2.0
1,17000.0,17.99,D,675.0,679.0,27.33,110000.0,12.0,23.0,1.0
1,6475.0,14.99,C,705.0,709.0,5.4,17100.0,4.0,16.0,0.0
0,35000.0,15.05,C,685.0,689.0,14.91,140000.0,11.0,21.0,0.0
1,10000.0,9.44,B,660.0,664.0,8.03,80000.0,4.0,5.0,0.0
0,30000.0,11.39,B,660.0,664.0,11.4,150000.0,7.0,16.0,1.0
0,15000.0,10.49,B,695.0,699.0,22.14,149500.0,51.0,90.0,3.0
0,2400.0,11.39,B,765.0,769.0,3.6,110000.0,5.0,12.0,1.0
0,11525.0,15.99,C,680.0,684.0,21.75,74311.0,9.0,13.0,1.0
0,7200.0,13.49,C,660.0,664.0,25.63,45000.0,14.0,33.0,0.0
0,7675.0,12.74,C,685.0,689.0,28.49,32228.0,8.0,10.0,1.0
0,1500.0,11.39,B,720.0,724.0,2.69,102000.0,22.0,68.0,0.0
1,8000.0,12.74,C,695.0,699.0,17.12,39894.0,10.0,19.0,0.0
1,25750.0,16.99,D,685.0,689.0,12.08,110000.0,7.0,52.0,0.0
0,12000.0,11.49,B,705.0,709.0,20.72,45000.0,10.0,21.0,1.0
0,20000.0,15.05,C,675.0,679.0,18.77,76000.0,8.0,20.0,1.0
1,30000.0,20.0,D,670.0,674.0,54.14,53000.0,11.0,13.0,1.0
1,30000.0,22.74,E,670.0,674.0,7.62,98000.0,7.0,10.0,2.0
0,10000.0,8.24,B,705.0,709.0,13.74,100000.0,20.0,30.0,0.0
0,24475.0,22.74,E,665.0,669.0,18.86,48989.0,9.0,21.0,1.0
0,3500.0,7.49,A,680.0,684.0,13.18,55000.0,7.0,14.0,2.0
0,3350.0,5.32,A,805.0,809.0,11.78,92000.0,6.0,18.0,0.0
1,6400.0,14.08,C,665.0,669.0,20.44,47500.0,11.0,26.0,0.0
0,28000.0,7.99,A,680.0,684.0,20.48,75000.0,9.0,19.0,0.0
0,5000.0,13.99,C,695.0,699.0,19.38,35000.0,7.0,11.0,0.0
0,6400.0,11.39,B,680.0,684.0,20.61,92000.0,22.0,41.0,0.0
0,12000.0,11.44,B,675.0,679.0,13.34,85000.0,8.0,42.0,0.0
0,14000.0,13.49,C,660.0,664.0,16.13,36000.0,6.0,7.0,0.0
0,15000.0,11.49,B,660.0,664.0,7.94,95000.0,8.0,14.0,2.0
0,6600.0,5.32,A,725.0,729.0,17.67,54000.0,12.0,28.0,0.0
0,16000.0,11.44,B,660.0,664.0,21.11,68000.0,17.0,22.0,1.0
0,40000.0,13.49,C,695.0,699.0,54.86,55067.0,13.0,20.0,0.0
1,4525.0,14.99,C,660.0,664.0,18.13,36000.0,9.0,32.0,0.0
0,20000.0,16.99,D,720.0,724.0,28.93,73000.0,9.0,14.0,0.0
1,24000.0,7.21,A,700.0,704.0,12.73,110000.0,14.0,26.0,0.0
0,8000.0,7.99,A,720.0,724.0,16.28,45267.0,12.0,14.0,0.0
1,19200.0,12.74,C,675.0,679.0,21.23,45000.0,13.0,19.0,2.0
0,12000.0,8.24,B,715.0,719.0,18.71,46000.0,8.0,14.0,0.0
1,18000.0,22.91,E,735.0,739.0,12.56,54000.0,17.0,19.0,0.0
0,21000.0,11.39,B,670.0,674.0,23.59,99000.0,22.0,32.0,0.0
0,15000.0,16.99,D,675.0,679.0,16.28,105000.0,17.0,25.0,0.0
0,15000.0,10.49,B,705.0,709.0,10.68,50000.0,13.0,30.0,0.0
0,7000.0,12.62,C,690.0,694.0,28.59,34000.0,13.0,21.0,1.0
0,35000.0,11.44,B,680.0,684.0,24.55,136500.0,17.0,31.0,0.0
0,11900.0,5.32,A,800.0,804.0,13.7,89000.0,15.0,33.0,1.0
0,13000.0,5.32,A,740.0,744.0,15.73,101000.0,9.0,15.0,0.0
0,6000.0,6.99,A,685.0,689.0,19.86,109000.0,13.0,40.0,1.0
0,18000.0,12.62,C,670.0,674.0,8.43,41000.0,10.0,23.0,0.0
0,4000.0,7.24,A,735.0,739.0,8.87,130000.0,15.0,21.0,1.0
0,10000.0,5.32,A,725.0,729.0,7.17,85000.0,9.0,20.0,1.0
1,2100.0,15.05,C,705.0,709.0,25.52,45000.0,19.0,34.0,2.0
1,5000.0,15.05,C,665.0,669.0,24.4,30000.0,8.0,9.0,1.0
0,35000.0,15.05,C,710.0,714.0,9.39,120000.0,9.0,12.0,1.0
0,14000.0,11.49,B,715.0,719.0,23.72,58000.0,7.0,14.0,0.0
0,6000.0,13.49,C,665.0,669.0,12.35,54730.0,5.0,20.0,1.0
0,6000.0,5.32,A,795.0,799.0,2.95,35000.0,4.0,24.0,1.0
0,28475.0,10.49,B,750.0,754.0,23.02,200000.0,15.0,30.0,2.0
1,12175.0,15.05,C,670.0,674.0,22.87,35000.0,16.0,24.0,1.0
0,18000.0,8.24,B,675.0,679.0,15.64,60000.0,6.0,11.0,0.0
0,8000.0,8.24,B,665.0,669.0,14.42,235000.0,18.0,35.0,1.0
0,9300.0,5.32,A,720.0,724.0,21.15,58000.0,17.0,25.0,0.0
1,12000.0,13.59,C,665.0,669.0,26.22,72000.0,8.0,22.0,0.0
1,2000.0,19.99,D,675.0,679.0,13.68,40000.0,10.0,15.0,1.0
0,1000.0,10.49,B,690.0,694.0,16.99,20000.0,9.0,14.0,0.0
1,24000.0,10.42,B,670.0,674.0,13.76,135000.0,6.0,24.0,0.0
1,9600.0,11.99,B,705.0,709.0,19.33,85000.0,7.0,11.0,1.0
1,8400.0,14.99,C,690.0,694.0,13.23,46000.0,5.0,13.0,0.0
0,6000.0,12.62,C,685.0,689.0,20.59,160000.0,13.0,28.0,1.0
0,8000.0,15.99,C,705.0,709.0,23.0,42000.0,8.0,17.0,0.0
1,7500.0,13.59,C,660.0,664.0,26.24,73000.0,10.0,24.0,0.0
0,6025.0,16.02,C,670.0,674.0,11.79,86000.0,13.0,14.0,0.0
0,11000.0,13.99,C,730.0,734.0,23.04,39748.8,7.0,10.0,0.0
1,8000.0,18.06,D,665.0,669.0,25.05,40000.0,11.0,17.0,2.0
1,28000.0,15.05,C,675.0,679.0,18.51,92000.0,18.0,25.0,3.0
0,11200.0,7.97,A,695.0,699.0,9.82,50000.0,12.0,34.0,0.0
0,3000.0,23.88,E,660.0,664.0,6.24,35000.0,4.0,29.0,1.0
0,12800.0,11.49,B,725.0,729.0,9.66,50000.0,7.0,7.0,0.0
0,10000.0,9.44,B,695.0,699.0,28.08,90000.0,15.0,29.0,1.0
1,8000.0,12.62,C,685.0,689.0,30.28,70000.0,14.0,27.0,0.0
1,18000.0,12.62,C,675.0,679.0,2.13,135000.0,8.0,8.0,1.0
1,24000.0,14.99,C,670.0,674.0,11.93,66000.0,6.0,11.0,0.0
0,35000.0,11.44,B,690.0,694.0,14.3,335000.0,13.0,26.0,0.0
1,12800.0,12.74,C,660.0,664.0,11.32,104000.0,4.0,20.0,0.0
0,17500.0,7.99,A,695.0,699.0,21.85,76000.0,10.0,13.0,0.0
0,3000.0,14.99,C,715.0,719.0,23.53,20000.0,17.0,21.0,1.0
0,17000.0,10.49,B,660.0,664.0,14.27,175000.0,11.0,13.0,0.0
0,25000.0,7.24,A,725.0,729.0,15.63,160000.0,9.0,22.0,2.0
0,10200.0,7.24,A,755.0,759.0,9.34,65000.0,5.0,13.0,0.0
0,10800.0,10.91,B,685.0,689.0,20.37,85000.0,12.0,22.0,0.0
0,16000.0,10.91,B,665.0,669.0,12.68,90000.0,14.0,28.0,0.0
0,7000.0,9.44,B,670.0,674.0,9.98,45000.0,5.0,19.0,0.0
0,4400.0,8.24,B,710.0,714.0,16.89,40000.0,6.0,19.0,0.0
0,5100.0,9.44,B,685.0,689.0,11.96,42345.0,5.0,8.0,0.0
0,7000.0,13.49,C,660.0,664.0,26.19,40000.0,17.0,31.0,1.0
0,10000.0,15.05,C,685.0,689.0,11.19,40000.0,11.0,24.0,0.0
0,8400.0,7.97,A,695.0,699.0,15.95,35000.0,12.0,16.0,1.0
0,6000.0,9.93,B,665.0,669.0,18.12,50000.0,5.0,17.0,0.0
1,35000.0,22.91,E,660.0,664.0,29.09,110000.0,21.0,43.0,4.0
0,6000.0,13.99,C,720.0,724.0,12.68,48000.0,12.0,20.0,0.0
0,4800.0,12.74,C,695.0,699.0,17.55,37000.0,12.0,14.0,1.0
0,3200.0,10.49,B,675.0,679.0,3.71,50799.37,8.0,12.0,0.0
0,5000.0,11.44,B,690.0,694.0,13.68,50000.0,13.0,24.0,1.0
0,25000.0,15.99,C,730.0,734.0,29.41,70000.0,27.0,47.0,1.0
0,24800.0,11.49,B,750.0,754.0,18.16,70000.0,16.0,21.0,0.0
1,35000.0,21.45,D,660.0,664.0,20.11,100000.0,11.0,29.0,0.0
0,16500.0,6.99,A,760.0,764.0,12.24,75000.0,11.0,31.0,1.0
0,5600.0,11.44,B,665.0,669.0,13.83,80000.0,7.0,13.0,1.0
1,5000.0,18.06,D,680.0,684.0,27.93,36000.0,7.0,15.0,0.0
0,15000.0,16.99,D,660.0,664.0,13.31,121500.0,13.0,31.0,0.0
0,5750.0,14.99,C,680.0,684.0,14.67,50082.0,7.0,11.0,0.0
1,16500.0,13.59,C,685.0,689.0,23.04,100000.0,19.0,24.0,0.0
0,32000.0,13.99,C,715.0,719.0,28.35,105500.0,18.0,29.0,1.0
1,7500.0,7.97,A,685.0,689.0,21.53,62000.0,7.0,28.0,0.0
0,6000.0,15.99,C,685.0,689.0,0.88,48000.0,3.0,7.0,0.0
0,10150.0,13.49,C,660.0,664.0,16.8,30000.0,3.0,12.0,0.0
1,30000.0,10.49,B,665.0,669.0,10.36,250000.0,10.0,20.0,1.0
0,10000.0,7.49,A,800.0,804.0,8.03,74000.0,14.0,24.0,0.0
0,1000.0,10.49,B,730.0,734.0,19.85,70000.0,12.0,24.0,0.0
1,32500.0,17.99,D,685.0,689.0,33.74,149300.0,15.0,25.0,0.0
0,10000.0,10.91,B,695.0,699.0,6.82,60000.0,11.0,32.0,0.0
0,10000.0,11.44,B,680.0,684.0,5.84,51000.0,6.0,18.0,0.0
1,18000.0,13.99,C,675.0,679.0,4.54,100000.0,13.0,28.0,0.0
0,8000.0,14.08,C,660.0,664.0,7.08,46280.0,4.0,12.0,0.0
0,7000.0,6.99,A,810.0,814.0,12.0,103000.0,13.0,37.0,0.0
1,4500.0,7.07,A,735.0,739.0,19.58,32000.0,10.0,16.0,0.0
0,2000.0,7.97,A,715.0,719.0,19.88,65000.0,15.0,26.0,0.0
0,2500.0,12.74,C,715.0,719.0,23.81,25000.0,5.0,9.0,0.0
0,6000.0,14.08,C,670.0,674.0,20.23,62000.0,17.0,23.0,2.0
0,21000.0,5.32,A,750.0,754.0,0.32,95000.0,13.0,24.0,0.0
0,35000.0,11.99,B,695.0,699.0,14.36,180000.0,8.0,13.0,2.0
0,15000.0,11.99,B,690.0,694.0,19.25,75000.0,15.0,35.0,0.0
0,8000.0,11.49,B,660.0,664.0,18.6,52000.0,13.0,45.0,1.0
0,6000.0,11.39,B,750.0,754.0,6.04,62000.0,12.0,17.0,2.0
0,6000.0,5.32,A,780.0,784.0,25.54,55000.0,8.0,11.0,0.0
1,14000.0,11.99,B,685.0,689.0,7.9,110000.0,5.0,10.0,0.0
0,12000.0,7.49,A,690.0,694.0,12.45,93000.0,8.0,18.0,0.0
0,25000.0,11.39,B,700.0,704.0,21.85,96663.0,17.0,50.0,1.0
0,36000.0,15.99,C,700.0,704.0,32.75,103367.0,12.0,17.0,0.0
1,9000.0,8.24,B,720.0,724.0,24.88,59000.0,12.0,21.0,0.0
0,5000.0,12.62,C,700.0,704.0,7.44,74000.0,12.0,22.0,0.0
0,7000.0,17.99,D,660.0,664.0,10.06,120000.0,5.0,18.0,0.0
1,12000.0,11.99,B,710.0,714.0,20.95,89900.0,42.0,71.0,4.0
0,6500.0,8.24,B,715.0,719.0,23.79,63000.0,17.0,42.0,1.0
0,32000.0,5.32,A,720.0,724.0,11.07,300000.0,10.0,29.0,0.0
1,10000.0,16.02,C,670.0,674.0,20.12,72000.0,10.0,15.0,1.0
0,8000.0,10.91,B,665.0,669.0,6.89,74000.0,5.0,19.0,0.0
0,16000.0,8.24,B,675.0,679.0,22.16,115000.0,15.0,32.0,0.0
0,4000.0,8.24,B,715.0,719.0,26.59,70000.0,20.0,23.0,1.0
0,20000.0,5.32,A,730.0,734.0,8.06,122000.0,13.0,27.0,0.0
0,35000.0,8.24,B,710.0,714.0,13.71,85000.0,16.0,36.0,0.0
0,14000.0,11.39,B,720.0,724.0,27.14,60000.0,6.0,14.0,0.0
1,4000.0,18.06,D,680.0,684.0,26.22,30000.0,11.0,26.0,0.0
1,21850.0,17.09,D,685.0,689.0,29.9,53664.0,22.0,25.0,3.0
0,4500.0,11.39,B,735.0,739.0,12.59,57000.0,3.0,16.0,0.0
0,8675.0,11.39,B,705.0,709.0,26.0,47000.0,9.0,15.0,0.0
0,10000.0,15.05,C,690.0,694.0,18.29,78000.0,11.0,17.0,2.0
1,16000.0,14.99,C,670.0,674.0,18.62,155000.0,12.0,18.0,0.0
1,8400.0,19.03,D,690.0,694.0,26.34,29068.08,5.0,12.0,0.0
1,10000.0,24.85,E,690.0,694.0,24.56,76000.0,16.0,19.0,1.0
1,3200.0,7.07,A,760.0,764.0,34.36,35984.0,17.0,30.0,1.0
0,35000.0,5.32,A,695.0,699.0,9.05,235000.0,19.0,28.0,0.0
0,30000.0,9.93,B,670.0,674.0,22.99,95000.0,14.0,29.0,1.0
1,15000.0,11.99,B,685.0,689.0,31.95,48000.0,9.0,17.0,1.0
0,5400.0,10.91,B,690.0,694.0,27.36,29000.0,7.0,16.0,1.0
0,10500.0,7.97,A,725.0,729.0,26.38,99990.0,12.0,16.0,0.0
0,15000.0,7.99,A,680.0,684.0,13.48,98000.0,15.0,30.0,0.0
0,6000.0,7.49,A,735.0,739.0,12.01,75000.0,9.0,31.0,0.0
0,14000.0,14.99,C,735.0,739.0,10.49,135000.0,10.0,14.0,0.0
0,24000.0,11.44,B,690.0,694.0,30.98,60000.0,15.0,24.0,0.0
0,6000.0,7.21,A,710.0,714.0,17.07,56667.0,9.0,15.0,0.0
0,10550.0,12.74,C,675.0,679.0,13.02,60000.0,14.0,20.0,1.0
0,16800.0,7.49,A,695.0,699.0,16.17,74000.0,9.0,26.0,0.0
0,9600.0,23.99,E,730.0,734.0,3.59,90000.0,19.0,31.0,0.0
0,8000.0,11.49,B,680.0,684.0,20.32,31728.0,7.0,16.0,0.0
0,14000.0,17.09,D,690.0,694.0,12.18,60000.0,13.0,24.0,1.0
0,25000.0,10.49,B,665.0,669.0,8.08,116000.0,3.0,17.0,0.0
0,17850.0,11.49,B,765.0,769.0,29.04,85000.0,7.0,18.0,1.0
0,6000.0,7.49,A,745.0,749.0,24.93,85000.0,17.0,26.0,0.0
0,14000.0,8.24,B,735.0,739.0,10.3,49296.0,9.0,11.0,0.0
1,16000.0,12.62,C,670.0,674.0,7.55,130000.0,9.0,17.0,1.0
0,10000.0,12.74,C,690.0,694.0,30.16,30000.0,19.0,25.0,1.0
1,8400.0,17.09,D,695.0,699.0,580.2,4100.0,16.0,29.0,2.0
0,5000.0,11.49,B,670.0,674.0,23.46,28808.0,12.0,64.0,0.0
0,5000.0,8.24,B,700.0,704.0,28.27,54000.0,11.0,27.0,0.0
0,2500.0,15.99,C,690.0,694.0,12.86,75000.0,13.0,24.0,1.0
0,6000.0,5.32,A,730.0,734.0,12.7,60000.0,27.0,54.0,0.0
0,2000.0,16.02,C,735.0,739.0,2.77,49800.0,3.0,7.0,0.0
0,12000.0,12.74,C,700.0,704.0,21.38,85000.0,11.0,22.0,0.0
0,4000.0,7.99,A,720.0,724.0,16.38,48000.0,13.0,14.0,0.0
1,7200.0,10.49,B,705.0,709.0,21.53,108000.0,13.0,18.0,0.0
0,8000.0,6.99,A,755.0,759.0,39.78,41000.0,21.0,34.0,0.0
1,17000.0,10.91,B,685.0,689.0,8.24,75000.0,4.0,10.0,0.0
0,5000.0,12.62,C,665.0,669.0,21.1,50000.0,6.0,8.0,0.0
0,1200.0,12.74,C,740.0,744.0,31.95,48000.0,10.0,25.0,1.0
0,24000.0,5.32,A,780.0,784.0,9.54,260000.0,17.0,36.0,0.0
1,25000.0,13.59,C,765.0,769.0,1.37,89948.0,18.0,27.0,1.0
0,8000.0,7.99,A,745.0,749.0,21.0,53500.0,12.0,19.0,0.0
0,4000.0,16.99,D,680.0,684.0,9.65,101000.0,7.0,14.0,0.0
0,5000.0,14.08,C,660.0,664.0,24.04,38000.0,9.0,17.0,0.0
1,14000.0,12.74,C,670.0,674.0,10.2,114000.0,10.0,30.0,5.0
0,5000.0,6.99,A,790.0,794.0,23.21,47000.0,14.0,24.0,0.0
0,10000.0,16.99,D,730.0,734.0,71.6,15000.0,4.0,6.0,0.0
0,8000.0,9.93,B,800.0,804.0,27.4,65000.0,15.0,39.0,0.0
0,7000.0,14.08,C,755.0,759.0,15.8,100000.0,9.0,13.0,1.0
0,6000.0,7.49,A,695.0,699.0,11.91,40000.0,4.0,6.0,1.0
0,28000.0,7.21,A,705.0,709.0,11.94,167375.0,13.0,19.0,0.0
0,8000.0,7.97,A,705.0,709.0,9.23,45000.0,7.0,9.0,0.0
0,12600.0,16.99,D,685.0,689.0,30.8,45000.0,9.0,19.0,0.0
0,11000.0,9.44,B,720.0,724.0,22.29,70000.0,20.0,35.0,2.0
0,4800.0,11.39,B,660.0,664.0,13.42,33280.0,5.0,16.0,0.0
0,25000.0,13.49,C,675.0,679.0,7.95,58000.0,6.0,16.0,1.0
0,16000.0,5.32,A,720.0,724.0,4.86,107000.0,6.0,12.0,0.0
0,4000.0,13.49,C,700.0,704.0,25.72,36500.0,7.0,29.0,1.0
0,12000.0,15.05,C,680.0,684.0,28.95,62918.0,13.0,20.0,0.0
1,6000.0,13.99,C,660.0,664.0,8.49,29000.0,7.0,20.0,0.0
0,10000.0,18.99,D,685.0,689.0,25.24,30000.0,5.0,5.0,1.0
0,10000.0,16.99,D,660.0,664.0,1.53,120000.0,12.0,34.0,0.0
1,5000.0,12.74,C,670.0,674.0,23.1,49000.0,10.0,19.0,1.0
0,8000.0,13.59,C,675.0,679.0,6.59,65000.0,26.0,39.0,2.0
0,16000.0,5.32,A,805.0,809.0,15.81,73000.0,10.0,55.0,0.0
1,7000.0,10.91,B,675.0,679.0,10.04,70000.0,20.0,38.0,1.0
0,22800.0,5.32,A,730.0,734.0,19.98,115000.0,23.0,46.0,0.0
0,4000.0,11.39,B,745.0,749.0,29.46,100000.0,13.0,35.0,1.0
0,5800.0,13.59,C,675.0,679.0,23.28,40000.0,16.0,29.0,0.0
0,1925.0,13.99,C,685.0,689.0,17.19,50000.0,8.0,15.0,0.0
0,1500.0,12.62,C,680.0,684.0,17.55,80000.0,17.0,40.0,1.0
0,18900.0,9.44,B,735.0,739.0,9.07,43000.0,7.0,17.0,0.0
0,5000.0,5.32,A,745.0,749.0,19.84,58000.0,18.0,35.0,0.0
1,7500.0,13.49,C,690.0,694.0,32.11,50000.0,27.0,30.0,0.0
1,8000.0,11.99,B,695.0,699.0,29.04,30000.0,18.0,29.0,0.0
0,3000.0,7.21,A,795.0,799.0,16.68,30000.0,8.0,15.0,2.0
0,6500.0,11.49,B,675.0,679.0,18.13,72000.0,16.0,44.0,0.0
0,9000.0,10.91,B,665.0,669.0,24.36,47000.0,18.0,28.0,3.0
0,18000.0,7.24,A,735.0,739.0,26.77,105000.0,17.0,39.0,1.0
0,5500.0,11.49,B,680.0,684.0,18.0,60000.0,19.0,33.0,0.0
0,20000.0,6.99,A,715.0,719.0,4.23,121022.0,16.0,46.0,2.0
1,15000.0,19.03,D,700.0,704.0,31.57,55000.0,8.0,16.0,0.0
1,12000.0,9.93,B,685.0,689.0,16.5,52000.0,12.0,53.0,0.0
0,14700.0,13.99,C,680.0,684.0,2.87,49000.0,6.0,11.0,0.0
0,10000.0,7.24,A,700.0,704.0,85.6,6000.0,7.0,13.0,0.0
0,7500.0,8.24,B,680.0,684.0,11.69,70000.0,7.0,11.0,0.0
0,6375.0,19.99,D,660.0,664.0,27.6,63000.0,13.0,27.0,1.0
0,10000.0,14.08,C,710.0,714.0,10.6,30000.0,6.0,6.0,1.0
0,3000.0,12.62,C,695.0,699.0,34.21,86000.0,22.0,44.0,0.0
0,3025.0,12.74,C,695.0,699.0,9.76,51000.0,3.0,9.0,0.0
0,11000.0,14.99,C,680.0,684.0,24.55,48000.0,8.0,12.0,0.0
1,10000.0,14.99,C,660.0,664.0,18.6,32000.0,7.0,13.0,0.0
0,15000.0,12.74,C,670.0,674.0,18.08,65000.0,14.0,20.0,0.0
0,10000.0,11.49,B,680.0,684.0,7.68,60000.0,7.0,10.0,1.0
0,11200.0,5.32,A,720.0,724.0,20.76,94000.0,18.0,41.0,0.0
0,8000.0,7.07,A,740.0,744.0,12.67,55000.0,10.0,18.0,1.0
0,4000.0,8.24,B,715.0,719.0,15.6,57000.0,8.0,19.0,0.0
0,5000.0,19.99,D,675.0,679.0,29.71,20000.0,6.0,20.0,0.0
0,1800.0,13.99,C,670.0,674.0,8.1,87000.0,5.0,6.0,1.0
0,10525.0,11.49,B,665.0,669.0,8.08,90000.0,16.0,35.0,1.0
1,35000.0,23.88,E,670.0,674.0,8.72,25000.0,3.0,5.0,0.0
0,12000.0,10.49,B,660.0,664.0,21.95,62000.0,15.0,33.0,0.0
0,32000.0,11.44,B,675.0,679.0,31.98,86000.0,14.0,29.0,1.0
0,5000.0,10.49,B,675.0,679.0,31.71,50000.0,12.0,32.0,0.0
0,4100.0,14.08,C,670.0,674.0,6.09,45000.0,7.0,7.0,1.0
1,12000.0,16.02,C,670.0,674.0,15.64,60000.0,8.0,16.0,2.0
1,2800.0,14.08,C,695.0,699.0,8.38,65000.0,5.0,6.0,0.0
1,24000.0,10.91,B,680.0,684.0,17.71,75000.0,9.0,22.0,0.0
0,8400.0,10.91,B,675.0,679.0,12.34,50000.0,13.0,14.0,1.0
0,24350.0,17.99,D,670.0,674.0,25.66,58000.0,15.0,42.0,0.0
0,1000.0,13.49,C,685.0,689.0,19.63,42000.0,5.0,10.0,0.0
0,8400.0,7.99,A,705.0,709.0,7.57,42168.89,8.0,17.0,1.0
0,14000.0,5.32,A,720.0,724.0,15.51,115000.0,26.0,65.0,1.0
0,25000.0,7.97,A,800.0,804.0,15.86,135000.0,21.0,45.0,0.0
0,12000.0,7.99,A,770.0,774.0,13.99,70000.0,4.0,8.0,0.0
0,5400.0,15.99,C,685.0,689.0,25.46,38000.0,12.0,29.0,1.0
0,40000.0,7.24,A,750.0,754.0,18.48,100000.0,14.0,20.0,0.0
1,30000.0,26.3,E,660.0,664.0,28.55,130000.0,16.0,48.0,0.0
0,22000.0,7.35,A,690.0,694.0,24.93,95000.0,28.0,47.0,0.0
1,28950.0,26.3,E,705.0,709.0,37.9,62000.0,7.0,14.0,1.0
0,10000.0,7.07,A,720.0,724.0,24.23,62400.0,12.0,31.0,0.0
0,10000.0,8.24,B,695.0,699.0,14.77,100000.0,21.0,29.0,1.0
0,10000.0,9.44,B,695.0,699.0,10.67,65000.0,7.0,14.0,0.0
1,5600.0,10.42,B,735.0,739.0,30.8,21000.0,6.0,7.0,1.0
0,7000.0,19.99,D,665.0,669.0,23.12,38000.0,26.0,44.0,1.0
0,7000.0,11.49,B,695.0,699.0,34.54,70000.0,22.0,39.0,0.0
1,3500.0,11.49,B,685.0,689.0,30.24,38744.0,9.0,52.0,1.0
0,3600.0,13.99,C,670.0,674.0,17.86,43000.0,9.0,32.0,0.0
0,30000.0,7.07,A,730.0,734.0,9.98,105000.0,5.0,19.0,0.0
0,6000.0,16.99,D,680.0,684.0,15.19,26000.0,14.0,52.0,1.0
0,1000.0,9.44,B,670.0,674.0,11.81,44000.0,9.0,17.0,0.0
0,26000.0,7.49,A,695.0,699.0,9.87,130000.0,12.0,18.0,1.0
0,30000.0,5.32,A,805.0,809.0,5.6,125000.0,14.0,21.0,1.0
0,9800.0,10.49,B,660.0,664.0,13.64,48000.0,13.0,36.0,0.0
0,5000.0,11.39,B,670.0,674.0,12.69,40000.0,4.0,21.0,1.0
0,22000.0,13.59,C,660.0,664.0,9.15,86000.0,4.0,6.0,0.0
0,3500.0,11.49,B,660.0,664.0,1.49,175000.0,10.0,14.0,1.0
0,12000.0,17.99,D,660.0,664.0,21.41,90000.0,11.0,18.0,0.0
0,9000.0,8.24,B,695.0,699.0,6.04,90000.0,9.0,15.0,0.0
1,4000.0,11.44,B,690.0,694.0,23.19,34000.0,9.0,23.0,0.0
1,33000.0,10.42,B,700.0,704.0,13.76,194000.0,18.0,52.0,2.0
0,8000.0,13.59,C,720.0,724.0,7.27,33000.0,5.0,7.0,1.0
0,18000.0,7.49,A,785.0,789.0,22.66,75000.0,14.0,20.0,0.0
1,35000.0,17.99,D,675.0,679.0,110.75,10947.0,20.0,31.0,0.0
1,20000.0,7.35,A,765.0,769.0,19.63,50000.0,8.0,16.0,0.0
0,40000.0,10.49,B,710.0,714.0,18.01,147000.0,12.0,29.0,2.0
0,10000.0,17.99,D,670.0,674.0,19.99,55000.0,6.0,7.0,1.0
0,24000.0,11.49,B,670.0,674.0,17.24,87000.0,13.0,31.0,0.0
0,20000.0,9.93,B,675.0,679.0,19.79,77914.0,9.0,24.0,1.0
1,6900.0,16.99,D,660.0,664.0,20.7,24000.0,6.0,8.0,0.0
0,10400.0,13.49,C,675.0,679.0,25.56,37000.0,8.0,11.0,0.0
1,7200.0,9.44,B,765.0,769.0,22.56,50000.0,12.0,13.0,1.0
1,10000.0,12.62,C,670.0,674.0,31.05,38000.0,9.0,13.0,0.0
0,33600.0,11.49,B,710.0,714.0,12.55,120000.0,11.0,29.0,1.0
1,7500.0,22.91,E,710.0,714.0,7.03,87000.0,4.0,7.0,0.0
0,8000.0,9.44,B,695.0,699.0,20.54,110000.0,26.0,54.0,0.0
1,12550.0,17.99,D,685.0,689.0,26.88,40000.0,14.0,23.0,0.0
0,12000.0,15.99,C,690.0,694.0,18.08,48000.0,16.0,60.0,1.0
0,8150.0,5.32,A,690.0,694.0,8.74,57000.0,3.0,15.0,0.0
0,6400.0,19.99,D,665.0,669.0,24.67,74000.0,8.0,17.0,0.0
1,33000.0,12.62,C,690.0,694.0,18.19,160000.0,24.0,32.0,0.0
1,28225.0,15.99,C,690.0,694.0,32.91,210000.0,24.0,49.0,1.0
0,40000.0,7.24,A,725.0,729.0,14.69,92500.0,25.0,33.0,0.0
0,17000.0,8.24,B,685.0,689.0,10.19,45000.0,16.0,28.0,1.0
0,20000.0,11.39,B,705.0,709.0,20.85,72000.0,13.0,20.0,0.0
0,2000.0,9.44,B,795.0,799.0,14.26,68000.0,9.0,33.0,3.0
0,12000.0,7.21,A,720.0,724.0,9.65,75000.0,5.0,15.0,0.0
1,6000.0,7.99,A,680.0,684.0,24.36,50000.0,15.0,37.0,1.0
0,4000.0,5.32,A,745.0,749.0,19.76,166000.0,12.0,26.0,0.0
0,15000.0,10.49,B,680.0,684.0,5.06,75000.0,2.0,5.0,0.0
0,5200.0,16.02,C,660.0,664.0,10.02,145000.0,9.0,32.0,2.0
1,20000.0,14.99,C,720.0,724.0,17.34,60000.0,11.0,12.0,1.0
0,30000.0,7.07,A,750.0,754.0,22.82,100000.0,9.0,15.0,0.0
0,6500.0,6.99,A,755.0,759.0,10.77,35000.0,10.0,21.0,0.0
0,6500.0,5.32,A,765.0,769.0,9.41,50000.0,13.0,19.0,0.0
1,12000.0,14.99,C,675.0,679.0,15.6,45000.0,6.0,7.0,0.0
0,8000.0,7.49,A,715.0,719.0,8.9,80000.0,7.0,22.0,0.0
0,15000.0,6.99,A,720.0,724.0,19.06,76000.0,9.0,20.0,0.0
0,9600.0,11.39,B,715.0,719.0,18.33,74880.0,18.0,37.0,0.0
1,7675.0,14.99,C,670.0,674.0,21.05,67371.0,12.0,29.0,0.0
0,30000.0,17.99,D,680.0,684.0,24.64,95000.0,19.0,31.0,1.0
0,12000.0,9.93,B,670.0,674.0,20.17,90000.0,14.0,22.0,0.0
0,20000.0,22.74,E,675.0,679.0,30.37,75000.0,29.0,41.0,0.0
1,5000.0,11.49,B,695.0,699.0,10.79,35000.0,10.0,12.0,0.0
1,30950.0,24.85,E,695.0,699.0,63.43,32000.0,17.0,26.0,0.0
1,10000.0,5.32,A,720.0,724.0,16.43,168000.0,15.0,32.0,0.0
0,4875.0,21.45,D,670.0,674.0,10.21,42300.0,6.0,11.0,0.0
0,10550.0,13.49,C,665.0,669.0,21.5,24000.0,4.0,16.0,0.0
1,9000.0,7.97,A,720.0,724.0,11.48,40000.0,6.0,15.0,0.0
0,3500.0,10.91,B,720.0,724.0,11.64,21000.0,14.0,15.0,3.0
0,20000.0,18.06,D,710.0,714.0,24.9,64209.0,18.0,42.0,2.0
0,3000.0,23.99,E,700.0,704.0,6.52,23000.0,3.0,3.0,1.0
0,10000.0,7.97,A,695.0,699.0,14.2,62000.0,1.0,13.0,0.0
0,16000.0,8.24,B,670.0,674.0,12.5,130000.0,18.0,41.0,1.0
0,14300.0,11.44,B,680.0,684.0,18.92,69000.0,8.0,25.0,0.0
0,22675.0,7.99,A,680.0,684.0,34.17,50400.0,8.0,12.0,0.0
0,35000.0,5.32,A,715.0,719.0,21.53,160000.0,12.0,33.0,1.0
1,7200.0,8.24,B,685.0,689.0,20.61,45000.0,16.0,23.0,0.0
0,9600.0,16.99,D,660.0,664.0,18.96,110000.0,24.0,36.0,1.0
0,9000.0,11.49,B,710.0,714.0,28.33,77600.0,14.0,15.0,0.0
1,7000.0,10.91,B,675.0,679.0,17.97,38000.0,8.0,41.0,0.0
0,7500.0,10.42,B,690.0,694.0,15.65,36500.0,8.0,28.0,0.0
1,5300.0,15.05,C,660.0,664.0,7.71,40000.0,7.0,12.0,0.0
1,15000.0,7.97,A,715.0,719.0,29.68,113000.0,11.0,27.0,0.0
0,40000.0,7.99,A,750.0,754.0,15.81,400000.0,11.0,29.0,0.0
1,10000.0,8.24,B,760.0,764.0,34.29,52000.0,12.0,24.0,0.0
0,6400.0,5.32,A,735.0,739.0,10.56,95000.0,15.0,26.0,0.0
1,10000.0,21.45,D,705.0,709.0,21.84,35000.0,13.0,16.0,0.0
0,7600.0,10.49,B,675.0,679.0,31.84,90000.0,10.0,18.0,0.0
1,5000.0,14.08,C,665.0,669.0,21.77,30000.0,11.0,16.0,1.0
1,5000.0,21.45,D,660.0,664.0,13.64,65000.0,14.0,23.0,0.0
1,10000.0,19.99,D,660.0,664.0,18.56,41000.0,5.0,10.0,1.0
0,26000.0,8.24,B,705.0,709.0,14.16,115000.0,9.0,19.0,1.0
0,11325.0,13.59,C,715.0,719.0,24.68,50000.0,7.0,20.0,0.0
1,15000.0,13.59,C,720.0,724.0,34.46,62000.0,14.0,32.0,1.0
0,31000.0,12.74,C,690.0,694.0,26.22,88000.0,23.0,35.0,0.0
1,10000.0,9.93,B,725.0,729.0,37.44,45000.0,11.0,26.0,0.0
0,35000.0,7.99,A,730.0,734.0,20.68,85000.0,8.0,16.0,0.0
0,20000.0,8.24,B,715.0,719.0,4.98,79560.0,11.0,15.0,0.0
0,8000.0,12.74,C,670.0,674.0,18.69,47000.0,9.0,13.0,1.0
0,4500.0,7.35,A,695.0,699.0,20.77,49000.0,22.0,62.0,0.0
0,7000.0,11.44,B,695.0,699.0,19.21,26000.0,4.0,7.0,0.0
0,25000.0,11.44,B,740.0,744.0,28.4,45000.0,7.0,12.0,0.0
0,24000.0,7.35,A,740.0,744.0,28.11,87000.0,23.0,46.0,1.0
0,11000.0,8.24,B,745.0,749.0,9.09,80000.0,7.0,10.0,0.0
1,25000.0,18.06,D,700.0,704.0,6.42,150000.0,7.0,10.0,1.0
1,35000.0,14.08,C,675.0,679.0,6.25,110000.0,9.0,38.0,2.0
1,6400.0,11.49,B,690.0,694.0,27.15,50000.0,8.0,30.0,0.0
0,5000.0,10.42,B,710.0,714.0,2.84,65000.0,15.0,43.0,0.0
0,30000.0,7.49,A,765.0,769.0,19.25,117000.0,17.0,29.0,0.0
0,4000.0,15.99,C,660.0,664.0,14.11,50000.0,10.0,13.0,1.0
0,24400.0,16.99,D,715.0,719.0,27.07,71718.4,6.0,18.0,0.0
0,15000.0,11.49,B,660.0,664.0,11.46,62400.0,4.0,7.0,0.0
0,13200.0,11.49,B,680.0,684.0,30.65,47300.87,13.0,28.0,2.0
0,12000.0,7.21,A,735.0,739.0,16.04,120000.0,28.0,40.0,0.0
0,16000.0,9.44,B,725.0,729.0,32.5,53000.0,11.0,14.0,0.0
0,9000.0,14.99,C,695.0,699.0,25.02,52000.0,10.0,25.0,1.0
0,3450.0,9.44,B,715.0,719.0,3.05,63000.0,7.0,9.0,1.0
0,8000.0,7.97,A,705.0,709.0,4.14,42000.0,8.0,11.0,0.0
0,10000.0,10.42,B,745.0,749.0,28.32,59500.0,11.0,13.0,1.0
0,8800.0,7.35,A,695.0,699.0,21.41,104000.0,16.0,41.0,1.0
0,15000.0,5.32,A,750.0,754.0,12.87,80000.0,18.0,32.0,2.0
0,9100.0,12.74,C,675.0,679.0,13.46,157000.0,15.0,33.0,2.0
1,2800.0,15.99,C,745.0,749.0,13.7,29000.0,7.0,10.0,2.0
1,8000.0,10.42,B,745.0,749.0,26.59,45000.0,18.0,33.0,1.0
0,3950.0,8.24,B,660.0,664.0,13.04,115000.0,7.0,14.0,0.0
0,12000.0,13.99,C,660.0,664.0,21.65,66000.0,8.0,17.0,0.0
0,4800.0,12.74,C,675.0,679.0,33.78,40000.0,8.0,13.0,0.0
0,12000.0,11.39,B,735.0,739.0,25.98,48000.0,11.0,14.0,0.0
0,10000.0,11.44,B,665.0,669.0,15.23,85000.0,16.0,24.0,0.0
0,17825.0,18.99,D,700.0,704.0,22.93,110000.0,16.0,20.0,1.0
0,7500.0,7.21,A,710.0,714.0,14.31,80000.0,7.0,17.0,0.0
0,9600.0,11.39,B,775.0,779.0,18.6,70000.0,8.0,10.0,1.0
1,20000.0,13.59,C,725.0,729.0,2.68,48000.0,7.0,22.0,0.0
0,35000.0,7.99,A,685.0,689.0,22.91,145000.0,20.0,36.0,0.0
0,38225.0,7.24,A,710.0,714.0,18.78,165500.0,25.0,38.0,0.0
0,12975.0,10.91,B,695.0,699.0,18.84,43000.0,5.0,17.0,0.0
1,6400.0,8.24,B,660.0,664.0,27.86,55000.0,15.0,26.0,0.0
0,7200.0,18.99,D,660.0,664.0,9.18,40000.0,6.0,23.0,1.0
0,12000.0,7.99,A,685.0,689.0,14.74,39000.0,9.0,16.0,0.0
0,9100.0,12.74,C,675.0,679.0,31.7,82000.0,9.0,25.0,0.0
0,12000.0,13.49,C,675.0,679.0,21.05,90000.0,11.0,14.0,0.0
1,24000.0,19.03,D,675.0,679.0,32.48,80000.0,21.0,41.0,0.0
0,6500.0,11.49,B,700.0,704.0,17.31,50750.0,13.0,18.0,1.0
0,2400.0,13.99,C,685.0,689.0,33.69,40000.0,7.0,15.0,1.0
0,14400.0,13.49,C,660.0,664.0,25.3,70000.0,9.0,22.0,0.0
0,15000.0,16.02,C,690.0,694.0,20.72,508000.0,18.0,38.0,0.0
0,30800.0,7.35,A,720.0,724.0,21.23,67600.0,11.0,30.0,1.0
1,15000.0,10.42,B,690.0,694.0,26.94,75000.0,13.0,22.0,0.0
1,8000.0,11.44,B,705.0,709.0,32.3,48375.0,9.0,18.0,0.0
0,20000.0,7.97,A,680.0,684.0,18.91,75000.0,8.0,13.0,0.0
0,10000.0,7.99,A,795.0,799.0,11.59,43680.0,8.0,11.0,1.0
0,5000.0,11.39,B,675.0,679.0,19.39,52000.0,17.0,32.0,0.0
1,1000.0,14.99,C,665.0,669.0,23.91,33280.0,10.0,24.0,1.0
1,14950.0,23.88,E,665.0,669.0,5.7,70000.0,14.0,23.0,0.0
0,10000.0,9.44,B,725.0,729.0,21.86,56000.0,13.0,25.0,1.0
1,22250.0,15.05,C,680.0,684.0,29.08,70000.0,10.0,12.0,0.0
1,35000.0,11.49,B,740.0,744.0,19.02,72000.0,9.0,33.0,0.0
0,35000.0,8.24,B,715.0,719.0,18.9,325000.0,17.0,27.0,0.0
0,26525.0,14.99,C,680.0,684.0,11.16,57000.0,5.0,5.0,0.0
0,5000.0,12.74,C,675.0,679.0,10.92,62000.0,4.0,6.0,1.0
0,15000.0,13.49,C,675.0,679.0,32.07,112788.0,7.0,32.0,0.0
1,20325.0,30.84,G,665.0,669.0,33.01,65000.0,20.0,35.0,0.0
0,25000.0,18.99,D,720.0,724.0,3.32,125000.0,5.0,10.0,0.0
0,8750.0,19.99,D,660.0,664.0,22.13,42390.0,6.0,8.0,0.0
0,11225.0,18.99,D,755.0,759.0,0.58,52000.0,4.0,11.0,2.0
0,20825.0,16.99,D,685.0,689.0,32.49,66000.0,8.0,30.0,0.0
0,4800.0,11.49,B,680.0,684.0,15.02,35000.0,7.0,9.0,0.0
0,12800.0,18.06,D,665.0,669.0,27.39,40000.0,24.0,27.0,2.0
0,12000.0,7.99,A,710.0,714.0,1.83,150000.0,3.0,5.0,0.0
0,4400.0,13.49,C,680.0,684.0,20.13,36000.0,11.0,22.0,0.0
1,5000.0,11.44,B,670.0,674.0,34.1,32000.0,19.0,29.0,1.0
0,6400.0,5.32,A,720.0,724.0,14.43,92000.0,11.0,47.0,0.0
1,5000.0,11.49,B,710.0,714.0,28.82,60000.0,9.0,19.0,0.0
0,20000.0,19.03,D,660.0,664.0,20.29,57800.0,7.0,23.0,0.0
1,8700.0,15.99,C,670.0,674.0,17.94,24400.0,6.0,14.0,1.0
1,6000.0,9.93,B,660.0,664.0,14.64,84000.0,13.0,22.0,0.0
1,10000.0,12.62,C,710.0,714.0,14.73,105600.0,7.0,16.0,0.0
0,6025.0,16.99,D,695.0,699.0,31.44,30000.0,11.0,12.0,0.0
0,11000.0,11.39,B,690.0,694.0,20.24,90000.0,22.0,25.0,0.0
0,35000.0,7.97,A,690.0,694.0,21.87,135000.0,11.0,18.0,0.0
0,12000.0,13.49,C,675.0,679.0,25.22,70000.0,8.0,12.0,0.0
0,2400.0,18.99,D,665.0,669.0,16.16,90000.0,9.0,17.0,1.0
0,3000.0,7.35,A,705.0,709.0,13.48,86000.0,9.0,35.0,0.0
1,15000.0,13.59,C,665.0,669.0,24.54,60000.0,15.0,25.0,1.0
0,35000.0,13.49,C,690.0,694.0,17.87,82940.0,10.0,24.0,0.0
0,6000.0,10.49,B,740.0,744.0,8.38,75000.0,8.0,11.0,0.0
0,8000.0,7.35,A,765.0,769.0,4.76,40000.0,14.0,15.0,0.0
0,20750.0,13.49,C,710.0,714.0,14.38,45153.0,4.0,7.0,1.0
0,10825.0,16.99,D,680.0,684.0,25.62,30000.0,20.0,70.0,0.0
1,24000.0,23.99,E,665.0,669.0,15.63,45000.0,5.0,14.0,3.0
0,10000.0,17.99,D,715.0,719.0,14.41,70000.0,24.0,35.0,0.0
1,16000.0,16.02,C,695.0,699.0,15.14,75000.0,5.0,11.0,0.0
0,10800.0,8.24,B,670.0,674.0,18.96,75000.0,12.0,32.0,0.0
1,10000.0,13.49,C,670.0,674.0,22.07,62000.0,17.0,18.0,0.0
1,15000.0,16.02,C,665.0,669.0,10.65,48000.0,8.0,10.0,0.0
0,32150.0,14.99,C,735.0,739.0,18.23,90000.0,15.0,27.0,0.0
0,6000.0,11.44,B,670.0,674.0,17.62,51770.0,7.0,10.0,0.0
0,8000.0,10.49,B,720.0,724.0,25.36,35000.0,7.0,10.0,0.0
0,6000.0,22.74,E,665.0,669.0,10.91,95000.0,16.0,36.0,3.0
1,7000.0,11.44,B,685.0,689.0,8.08,90000.0,7.0,21.0,0.0
0,27600.0,11.49,B,740.0,744.0,32.48,130000.0,22.0,39.0,3.0
0,14000.0,12.74,C,660.0,664.0,30.9,50000.0,17.0,80.0,2.0
0,12500.0,17.99,D,665.0,669.0,32.59,45000.0,8.0,14.0,0.0
0,20150.0,13.49,C,685.0,689.0,18.37,42000.0,9.0,16.0,0.0
1,35000.0,8.24,B,670.0,674.0,7.78,312000.0,7.0,17.0,0.0
0,6700.0,6.99,A,765.0,769.0,21.4,65832.0,14.0,34.0,0.0
0,2400.0,13.59,C,675.0,679.0,18.67,45000.0,7.0,24.0,0.0
0,12000.0,7.99,A,700.0,704.0,41.53,35000.0,11.0,12.0,1.0
1,12000.0,8.24,B,675.0,679.0,18.09,75000.0,12.0,14.0,0.0
0,8800.0,8.24,B,670.0,674.0,19.2,67000.0,10.0,25.0,2.0
0,6500.0,13.49,C,660.0,664.0,14.0,60000.0,9.0,29.0,1.0
1,4000.0,13.49,C,665.0,669.0,12.94,78000.0,13.0,28.0,1.0
0,8500.0,10.91,B,685.0,689.0,23.23,70000.0,7.0,14.0,0.0
0,18000.0,7.49,A,725.0,729.0,5.27,110000.0,13.0,14.0,1.0
0,18000.0,15.99,C,690.0,694.0,13.63,45000.0,14.0,21.0,1.0
0,13850.0,18.99,D,715.0,719.0,17.24,33009.6,3.0,12.0,0.0
0,35000.0,11.49,B,720.0,724.0,19.93,94000.0,11.0,29.0,0.0
0,15000.0,13.49,C,695.0,699.0,13.2,77750.0,19.0,46.0,0.0
0,17000.0,5.32,A,775.0,779.0,7.51,101900.0,11.0,18.0,1.0
0,10000.0,6.99,A,695.0,699.0,9.21,160000.0,15.0,21.0,2.0
0,6500.0,17.99,D,660.0,664.0,6.66,38000.0,14.0,30.0,4.0
0,13000.0,8.24,B,705.0,709.0,10.92,120000.0,7.0,11.0,0.0
0,10000.0,13.59,C,695.0,699.0,4.46,140000.0,4.0,5.0,0.0
0,12000.0,11.49,B,680.0,684.0,15.16,55000.0,11.0,23.0,1.0
0,7000.0,11.39,B,665.0,669.0,7.04,45000.0,5.0,12.0,0.0
0,4000.0,8.24,B,700.0,704.0,24.93,85000.0,24.0,56.0,2.0
0,1000.0,11.99,B,740.0,744.0,14.65,78000.0,4.0,10.0,0.0
0,23000.0,7.24,A,740.0,744.0,14.1,68000.0,7.0,16.0,0.0
1,4000.0,12.62,C,680.0,684.0,29.51,49000.0,30.0,34.0,1.0
0,2000.0,11.99,B,665.0,669.0,7.25,48000.0,14.0,25.0,0.0
0,20000.0,11.44,B,685.0,689.0,17.06,162000.0,5.0,17.0,1.0
1,5000.0,9.93,B,700.0,704.0,33.85,58000.0,10.0,35.0,0.0
1,22000.0,12.62,C,660.0,664.0,10.32,90000.0,10.0,13.0,1.0
0,8075.0,15.99,C,685.0,689.0,11.25,32000.0,13.0,21.0,1.0
0,6000.0,28.69,F,660.0,664.0,12.42,50000.0,9.0,15.0,0.0
0,35000.0,14.99,C,680.0,684.0,12.0,500000.0,21.0,36.0,1.0
1,16000.0,13.59,C,725.0,729.0,34.29,75000.0,23.0,40.0,0.0
0,5000.0,11.49,B,685.0,689.0,9.44,95000.0,15.0,33.0,0.0
0,12000.0,12.62,C,675.0,679.0,7.2,96000.0,13.0,38.0,2.0
0,35000.0,15.99,C,685.0,689.0,21.09,156000.0,10.0,12.0,0.0
0,20000.0,10.42,B,670.0,674.0,19.44,108000.0,17.0,34.0,0.0
0,11000.0,11.49,B,665.0,669.0,21.12,44824.0,11.0,16.0,1.0
0,13000.0,11.99,B,700.0,704.0,32.0,28808.0,12.0,22.0,0.0
0,15000.0,6.99,A,775.0,779.0,10.11,75000.0,22.0,44.0,0.0
0,3200.0,11.44,B,690.0,694.0,18.98,143000.0,13.0,34.0,0.0
0,30000.0,11.49,B,700.0,704.0,21.85,160000.0,40.0,54.0,1.0
0,1500.0,24.85,E,665.0,669.0,1.76,32000.0,2.0,5.0,0.0
0,24000.0,6.99,A,705.0,709.0,13.98,230000.0,14.0,28.0,0.0
1,16000.0,20.0,D,665.0,669.0,8.69,90000.0,4.0,18.0,1.0
0,4000.0,5.32,A,760.0,764.0,26.05,48000.0,20.0,25.0,0.0
0,5000.0,9.93,B,700.0,704.0,9.86,32000.0,4.0,6.0,1.0
0,10000.0,13.49,C,695.0,699.0,22.56,120000.0,20.0,29.0,0.0
0,30000.0,16.99,D,675.0,679.0,27.39,98800.0,14.0,19.0,0.0
0,14000.0,11.49,B,665.0,669.0,32.69,68000.0,7.0,16.0,0.0
0,12000.0,14.99,C,705.0,709.0,23.22,38400.0,10.0,12.0,0.0
0,4800.0,23.99,E,670.0,674.0,26.54,86000.0,24.0,37.0,2.0
0,3600.0,13.49,C,665.0,669.0,21.24,23000.0,7.0,9.0,0.0
0,15000.0,16.99,D,700.0,704.0,20.3,40000.0,22.0,27.0,2.0
0,16000.0,5.32,A,735.0,739.0,21.87,124000.0,13.0,24.0,0.0
0,25000.0,7.99,A,760.0,764.0,25.04,120000.0,10.0,44.0,1.0
0,28000.0,5.32,A,780.0,784.0,11.96,160000.0,18.0,34.0,0.0
0,7000.0,11.49,B,715.0,719.0,5.54,53000.0,9.0,13.0,2.0
1,8000.0,16.02,C,660.0,664.0,29.07,50000.0,14.0,15.0,1.0
0,40000.0,12.62,C,710.0,714.0,0.36,149000.0,9.0,22.0,0.0
1,11000.0,11.49,B,695.0,699.0,23.51,69120.0,14.0,30.0,2.0
0,15950.0,17.99,D,680.0,684.0,24.04,38000.0,6.0,11.0,0.0
0,20000.0,10.49,B,705.0,709.0,18.58,230000.0,10.0,25.0,1.0
0,5600.0,11.49,B,705.0,709.0,14.18,150000.0,9.0,20.0,1.0
1,14500.0,9.44,B,705.0,709.0,16.28,44000.0,7.0,15.0,0.0
0,3600.0,11.99,B,695.0,699.0,8.5,25000.0,12.0,23.0,0.0
0,19000.0,10.42,B,705.0,709.0,25.4,60000.0,12.0,20.0,0.0
1,5000.0,12.74,C,680.0,684.0,23.31,42000.0,8.0,13.0,1.0
1,19200.0,16.02,C,765.0,769.0,25.43,47015.0,10.0,18.0,0.0
0,24000.0,10.49,B,720.0,724.0,47.42,30886.0,6.0,22.0,1.0
1,16000.0,16.02,C,660.0,664.0,16.93,90000.0,14.0,23.0,2.0
0,15000.0,11.49,B,660.0,664.0,10.58,165000.0,10.0,15.0,1.0
0,27050.0,8.24,B,665.0,669.0,8.24,210000.0,12.0,24.0,1.0
0,5000.0,19.03,D,675.0,679.0,22.85,25000.0,9.0,19.0,2.0
0,4200.0,12.62,C,700.0,704.0,25.55,69000.0,9.0,43.0,1.0
0,10000.0,15.99,C,675.0,679.0,18.54,110000.0,32.0,49.0,1.0
1,5000.0,16.02,C,660.0,664.0,21.39,45000.0,4.0,11.0,0.0
1,20000.0,13.99,C,685.0,689.0,12.38,60000.0,7.0,8.0,0.0
1,34800.0,28.69,F,690.0,694.0,22.95,120000.0,19.0,31.0,1.0
0,11000.0,6.99,A,735.0,739.0,7.95,70000.0,5.0,9.0,0.0
0,6500.0,9.93,B,705.0,709.0,7.26,129996.0,8.0,18.0,0.0
0,4800.0,17.99,D,695.0,699.0,25.66,50000.0,6.0,12.0,0.0
0,7200.0,11.44,B,695.0,699.0,26.17,20000.0,8.0,15.0,0.0
0,4000.0,7.97,A,705.0,709.0,10.6,33280.0,7.0,11.0,0.0
0,16000.0,7.97,A,675.0,679.0,19.34,135000.0,21.0,39.0,0.0
0,5000.0,25.49,E,690.0,694.0,21.98,60000.0,5.0,13.0,0.0
1,5500.0,13.59,C,680.0,684.0,13.32,42000.0,15.0,15.0,1.0
0,24000.0,8.24,B,725.0,729.0,23.39,105000.0,26.0,40.0,1.0
0,6000.0,11.49,B,680.0,684.0,17.63,48000.0,8.0,13.0,2.0
0,8075.0,11.49,B,660.0,664.0,7.91,120000.0,10.0,23.0,0.0
0,3000.0,7.99,A,680.0,684.0,28.94,100000.0,14.0,31.0,0.0
0,9600.0,11.39,B,670.0,674.0,13.35,33000.0,5.0,14.0,0.0
0,10000.0,19.99,D,660.0,664.0,26.01,120000.0,7.0,14.0,1.0
0,12000.0,17.99,D,670.0,674.0,30.61,36977.0,13.0,22.0,0.0
0,8000.0,8.24,B,705.0,709.0,16.23,125000.0,17.0,25.0,0.0
1,10000.0,10.91,B,660.0,664.0,15.08,49500.0,18.0,34.0,5.0
0,15000.0,11.99,B,705.0,709.0,9.22,152000.0,9.0,16.0,1.0
0,5000.0,10.91,B,670.0,674.0,19.97,87000.0,12.0,29.0,0.0
0,3600.0,12.62,C,680.0,684.0,12.09,78500.0,10.0,26.0,1.0
0,18000.0,11.44,B,680.0,684.0,18.16,51000.0,9.0,15.0,0.0
0,12000.0,12.74,C,695.0,699.0,18.38,94000.0,11.0,37.0,0.0
0,3000.0,11.49,B,785.0,789.0,11.14,60000.0,6.0,11.0,0.0
0,10000.0,14.08,C,690.0,694.0,20.68,65000.0,16.0,27.0,0.0
0,10000.0,8.24,B,740.0,744.0,26.64,30347.0,33.0,52.0,0.0
0,15000.0,11.49,B,685.0,689.0,9.64,47476.0,5.0,6.0,0.0
0,8100.0,21.49,D,675.0,679.0,14.39,90000.0,16.0,16.0,1.0
0,25000.0,19.03,D,685.0,689.0,23.02,55000.0,9.0,41.0,1.0
1,9600.0,10.91,B,670.0,674.0,9.91,27000.0,5.0,19.0,2.0
0,5000.0,10.49,B,680.0,684.0,18.35,65000.0,7.0,27.0,0.0
0,11400.0,7.99,A,720.0,724.0,12.84,69000.0,9.0,12.0,1.0
0,16000.0,16.99,D,675.0,679.0,28.47,40000.0,4.0,9.0,0.0
0,16000.0,8.24,B,730.0,734.0,27.42,225300.0,39.0,62.0,0.0
0,14400.0,10.49,B,670.0,674.0,25.72,188500.0,25.0,40.0,2.0
0,10000.0,14.99,C,720.0,724.0,13.18,94000.0,10.0,23.0,1.0
1,25000.0,11.49,B,660.0,664.0,17.63,125000.0,23.0,33.0,0.0
0,20000.0,11.44,B,680.0,684.0,27.16,85000.0,10.0,30.0,1.0
0,7000.0,6.99,A,735.0,739.0,25.06,90000.0,25.0,64.0,1.0
1,8000.0,24.85,E,710.0,714.0,8.68,47476.0,8.0,8.0,1.0
0,9600.0,5.32,A,720.0,724.0,27.12,40000.0,9.0,57.0,0.0
0,10000.0,11.44,B,700.0,704.0,15.03,65000.0,11.0,26.0,0.0
0,3200.0,10.49,B,660.0,664.0,30.68,32000.0,9.0,16.0,0.0
0,3600.0,13.49,C,730.0,734.0,29.6,110000.0,26.0,43.0,0.0
0,25600.0,12.74,C,720.0,724.0,22.35,108000.0,17.0,29.0,1.0
0,8000.0,9.44,B,730.0,734.0,5.91,70000.0,3.0,14.0,0.0
0,10000.0,7.35,A,685.0,689.0,10.41,35500.0,12.0,26.0,0.0
0,15000.0,7.49,A,705.0,709.0,29.67,50000.0,19.0,32.0,1.0
0,30000.0,13.49,C,660.0,664.0,10.01,50000.0,7.0,14.0,0.0
0,10000.0,11.49,B,680.0,684.0,20.81,70000.0,20.0,38.0,3.0
0,5000.0,10.49,B,730.0,734.0,29.16,30000.0,14.0,34.0,0.0
0,18000.0,10.91,B,665.0,669.0,15.75,131000.0,14.0,22.0,0.0
0,8000.0,11.49,B,665.0,669.0,11.64,70000.0,9.0,19.0,0.0
0,9600.0,15.99,C,670.0,674.0,22.18,65000.0,19.0,24.0,0.0
0,8000.0,5.32,A,755.0,759.0,13.1,58000.0,13.0,17.0,0.0
0,15000.0,5.32,A,745.0,749.0,13.72,78000.0,10.0,16.0,0.0
0,3000.0,10.49,B,680.0,684.0,25.7,85000.0,11.0,20.0,0.0
0,12000.0,11.99,B,660.0,664.0,26.29,52000.0,8.0,15.0,0.0
1,8000.0,10.91,B,725.0,729.0,27.63,75000.0,16.0,25.0,0.0
0,7000.0,10.49,B,700.0,704.0,24.81,55000.0,11.0,15.0,1.0
0,10000.0,12.74,C,675.0,679.0,10.44,50000.0,8.0,10.0,1.0
0,30000.0,11.49,B,680.0,684.0,17.54,119000.0,16.0,27.0,1.0
0,10000.0,10.49,B,725.0,729.0,22.84,40500.0,10.0,18.0,0.0
0,6500.0,11.44,B,660.0,664.0,6.55,50001.0,6.0,8.0,0.0
0,8000.0,12.74,C,675.0,679.0,16.35,65000.0,28.0,32.0,0.0
0,12000.0,11.49,B,700.0,704.0,23.49,70000.0,9.0,20.0,0.0
0,4200.0,7.49,A,745.0,749.0,20.3,54500.0,21.0,39.0,1.0
0,10000.0,15.99,C,745.0,749.0,30.12,48000.0,14.0,16.0,0.0
0,24000.0,19.03,D,670.0,674.0,21.32,82000.0,11.0,28.0,1.0
0,16800.0,13.99,C,665.0,669.0,16.71,77500.0,6.0,19.0,0.0
0,13000.0,11.44,B,660.0,664.0,12.6,66000.0,4.0,13.0,0.0
0,20400.0,12.74,C,665.0,669.0,25.78,92000.0,13.0,31.0,0.0
1,3000.0,7.35,A,705.0,709.0,23.31,75000.0,8.0,15.0,0.0
0,2000.0,8.24,B,665.0,669.0,18.27,53000.0,15.0,28.0,0.0
0,20000.0,7.99,A,700.0,704.0,11.47,125000.0,8.0,15.0,1.0
0,6500.0,10.42,B,670.0,674.0,14.39,30000.0,4.0,31.0,0.0
0,10000.0,11.49,B,680.0,684.0,13.19,85714.0,12.0,17.0,3.0
0,12000.0,6.99,A,725.0,729.0,21.15,80000.0,14.0,20.0,0.0
1,20000.0,11.44,B,660.0,664.0,27.98,138000.0,32.0,41.0,1.0
0,6000.0,11.49,B,690.0,694.0,6.72,60000.0,5.0,9.0,0.0
0,21000.0,19.03,D,675.0,679.0,32.27,110000.0,21.0,34.0,2.0
0,4200.0,11.49,B,665.0,669.0,27.45,85000.0,10.0,15.0,0.0
0,16000.0,15.99,C,660.0,664.0,10.88,120000.0,16.0,25.0,1.0
1,24000.0,16.02,C,675.0,679.0,25.27,67000.0,18.0,36.0,0.0
1,6400.0,16.02,C,670.0,674.0,13.37,35000.0,11.0,13.0,0.0
0,2500.0,13.49,C,690.0,694.0,14.18,27000.0,12.0,13.0,0.0
0,8000.0,12.74,C,720.0,724.0,5.75,47000.0,10.0,14.0,0.0
0,7800.0,13.99,C,665.0,669.0,21.24,100000.0,8.0,29.0,0.0
0,10100.0,11.49,B,670.0,674.0,10.22,80000.0,8.0,17.0,0.0
0,4000.0,5.32,A,745.0,749.0,17.78,82000.0,11.0,30.0,0.0
1,10000.0,14.99,C,675.0,679.0,25.75,33000.0,14.0,26.0,0.0
0,17000.0,13.49,C,700.0,704.0,10.86,47300.0,9.0,14.0,0.0
1,3875.0,24.74,E,670.0,674.0,22.8,72800.0,7.0,20.0,0.0
0,11000.0,16.02,C,690.0,694.0,19.64,36200.0,8.0,16.0,0.0
0,12000.0,12.74,C,675.0,679.0,33.68,35000.0,11.0,28.0,1.0
0,9400.0,7.49,A,700.0,704.0,9.86,77500.0,8.0,13.0,2.0
0,6000.0,7.99,A,705.0,709.0,15.41,160000.0,31.0,53.0,1.0
0,10000.0,7.97,A,660.0,664.0,13.99,130000.0,7.0,8.0,0.0
1,16000.0,18.06,D,690.0,694.0,24.09,39000.0,4.0,11.0,1.0
0,8000.0,17.99,D,680.0,684.0,12.34,110000.0,14.0,28.0,4.0
0,11200.0,16.02,C,675.0,679.0,18.34,50000.0,4.0,12.0,0.0
0,9600.0,6.99,A,725.0,729.0,16.89,70000.0,7.0,15.0,0.0
0,10000.0,13.49,C,665.0,669.0,22.89,104000.0,9.0,19.0,2.0
0,24000.0,15.99,C,660.0,664.0,24.97,90000.0,22.0,44.0,2.0
1,15000.0,11.99,B,670.0,674.0,19.11,40000.0,12.0,21.0,2.0
0,9000.0,5.32,A,710.0,714.0,29.06,105000.0,15.0,28.0,0.0
0,15000.0,15.05,C,660.0,664.0,17.1,80000.0,15.0,17.0,2.0
0,4500.0,16.02,C,710.0,714.0,26.81,65000.0,7.0,8.0,0.0
0,18650.0,19.03,D,670.0,674.0,27.62,45000.0,13.0,15.0,1.0
0,2000.0,9.93,B,745.0,749.0,19.62,55000.0,6.0,8.0,0.0
0,5000.0,14.99,C,670.0,674.0,31.17,62000.0,9.0,23.0,0.0
1,25325.0,24.85,E,665.0,669.0,16.42,72500.0,15.0,30.0,1.0
1,5025.0,21.45,D,745.0,749.0,14.21,16800.0,2.0,2.0,0.0
1,26100.0,18.06,D,685.0,689.0,28.31,58000.0,11.0,35.0,0.0
1,16000.0,12.62,C,660.0,664.0,25.16,30000.0,22.0,27.0,0.0
0,6000.0,7.07,A,765.0,769.0,11.89,75000.0,9.0,15.0,0.0
1,20000.0,7.21,A,695.0,699.0,6.75,180000.0,14.0,21.0,0.0
0,26000.0,5.32,A,725.0,729.0,4.73,130000.0,9.0,25.0,0.0
1,14400.0,10.49,B,665.0,669.0,27.33,56000.0,9.0,11.0,0.0
0,3600.0,24.74,E,680.0,684.0,4.43,93000.0,10.0,23.0,3.0
0,24000.0,5.32,A,800.0,804.0,9.03,140000.0,8.0,17.0,0.0
0,15000.0,16.02,C,680.0,684.0,34.28,50000.0,8.0,12.0,0.0
0,8000.0,11.99,B,665.0,669.0,30.95,28000.0,5.0,16.0,0.0
0,35000.0,11.44,B,675.0,679.0,9.36,250000.0,14.0,25.0,0.0
0,13000.0,7.24,A,735.0,739.0,19.03,90000.0,11.0,29.0,0.0
1,8000.0,7.24,A,685.0,689.0,22.3,70000.0,11.0,24.0,3.0
0,16000.0,10.91,B,675.0,679.0,18.68,80000.0,9.0,21.0,0.0
1,28350.0,22.91,E,665.0,669.0,21.24,63000.0,11.0,14.0,1.0
1,35000.0,19.03,D,700.0,704.0,33.65,97000.0,25.0,62.0,2.0
1,5600.0,12.62,C,660.0,664.0,23.5,60000.0,7.0,19.0,1.0
0,3000.0,16.02,C,675.0,679.0,16.97,70000.0,6.0,18.0,2.0
0,6000.0,9.44,B,735.0,739.0,25.82,54000.0,13.0,27.0,1.0
0,35000.0,8.24,B,695.0,699.0,32.26,96000.0,18.0,33.0,0.0
1,1800.0,13.99,C,700.0,704.0,11.58,20000.0,4.0,4.0,0.0
0,9800.0,11.49,B,665.0,669.0,25.93,85000.0,13.0,45.0,0.0
0,35000.0,7.99,A,715.0,719.0,7.21,300000.0,14.0,22.0,1.0
1,12000.0,5.32,A,750.0,754.0,6.23,65500.0,10.0,18.0,0.0
0,13000.0,11.49,B,665.0,669.0,25.47,45000.0,14.0,22.0,0.0
0,4800.0,7.24,A,715.0,719.0,7.07,32000.0,10.0,13.0,0.0
1,15000.0,14.99,C,660.0,664.0,28.57,56000.0,13.0,23.0,1.0
0,37400.0,10.42,B,730.0,734.0,31.68,88354.0,18.0,27.0,0.0
0,5000.0,7.49,A,730.0,734.0,14.86,48540.0,16.0,23.0,2.0
0,2000.0,5.32,A,730.0,734.0,27.65,26000.0,12.0,18.0,0.0
0,2000.0,13.59,C,670.0,674.0,17.34,125000.0,18.0,28.0,1.0
1,8000.0,15.05,C,690.0,694.0,37.44,53500.0,22.0,43.0,0.0
1,18900.0,20.0,D,675.0,679.0,16.8,45000.0,15.0,21.0,0.0
0,10000.0,11.49,B,680.0,684.0,7.27,65000.0,9.0,18.0,1.0
0,6000.0,7.97,A,710.0,714.0,29.22,33348.0,10.0,28.0,0.0
0,8600.0,10.42,B,680.0,684.0,8.3,40648.0,10.0,12.0,0.0
0,7000.0,6.99,A,755.0,759.0,9.57,35000.0,6.0,14.0,1.0
1,6000.0,7.49,A,740.0,744.0,19.22,80000.0,16.0,33.0,0.0
0,15000.0,13.49,C,665.0,669.0,27.26,73000.0,13.0,15.0,0.0
1,10000.0,15.05,C,665.0,669.0,15.13,70000.0,6.0,14.0,0.0
1,11400.0,22.74,E,670.0,674.0,16.54,75000.0,6.0,7.0,2.0
0,20000.0,9.93,B,705.0,709.0,18.09,67600.0,11.0,19.0,0.0
1,8000.0,15.99,C,680.0,684.0,23.13,67500.0,12.0,16.0,0.0
0,18000.0,7.24,A,730.0,734.0,11.31,85000.0,4.0,10.0,1.0
0,3000.0,16.02,C,740.0,744.0,2.12,30000.0,3.0,7.0,1.0
0,6000.0,18.06,D,675.0,679.0,1.71,35000.0,5.0,12.0,0.0
0,7000.0,9.93,B,675.0,679.0,15.28,75000.0,7.0,23.0,0.0
0,25000.0,7.49,A,795.0,799.0,19.41,71600.0,18.0,46.0,0.0
0,35000.0,11.49,B,695.0,699.0,5.91,189000.0,8.0,15.0,1.0
1,10000.0,11.44,B,680.0,684.0,22.99,65000.0,18.0,32.0,0.0
0,10900.0,9.44,B,700.0,704.0,28.29,110000.0,18.0,36.0,0.0
0,7250.0,8.24,B,670.0,674.0,19.5,60000.0,19.0,46.0,1.0
1,9825.0,16.02,C,660.0,664.0,12.8,21360.0,6.0,7.0,0.0
1,14500.0,17.99,D,710.0,714.0,23.43,50000.0,21.0,29.0,2.0
0,12000.0,17.99,D,675.0,679.0,26.93,35200.0,18.0,18.0,2.0
0,12300.0,29.99,F,665.0,669.0,5.0,37000.0,6.0,6.0,0.0
0,25000.0,11.49,B,685.0,689.0,19.46,60000.0,9.0,21.0,0.0
0,1600.0,13.49,C,695.0,699.0,33.44,50000.0,13.0,32.0,2.0
0,3500.0,7.97,A,705.0,709.0,8.88,50000.0,7.0,15.0,0.0
0,9400.0,11.99,B,665.0,669.0,19.54,54972.0,21.0,38.0,0.0
0,13000.0,11.99,B,685.0,689.0,7.43,80000.0,9.0,23.0,0.0
0,28000.0,19.99,D,670.0,674.0,14.9,100000.0,9.0,24.0,1.0
1,16000.0,12.62,C,675.0,679.0,7.58,144000.0,11.0,15.0,1.0
1,8000.0,5.32,A,720.0,724.0,15.1,65000.0,17.0,25.0,0.0
1,15000.0,11.99,B,700.0,704.0,31.13,90000.0,13.0,17.0,0.0
0,3200.0,16.02,C,665.0,669.0,9.2,38480.0,4.0,5.0,0.0
0,4500.0,13.99,C,670.0,674.0,5.05,43000.0,7.0,9.0,1.0
0,5500.0,7.21,A,720.0,724.0,11.14,28000.0,13.0,13.0,0.0
0,3500.0,15.05,C,660.0,664.0,34.13,48500.0,10.0,25.0,0.0
0,8000.0,14.99,C,765.0,769.0,3.23,45000.0,4.0,14.0,1.0
0,4500.0,11.44,B,670.0,674.0,14.79,92500.0,15.0,48.0,0.0
0,4400.0,11.39,B,670.0,674.0,22.48,45000.0,10.0,26.0,2.0
0,25000.0,7.24,A,765.0,769.0,8.79,67000.0,8.0,13.0,0.0
1,20000.0,7.35,A,760.0,764.0,1.21,58500.0,9.0,26.0,2.0
0,8000.0,7.24,A,740.0,744.0,31.93,58000.0,20.0,24.0,0.0
1,5000.0,21.45,D,675.0,679.0,11.37,20800.0,13.0,13.0,2.0
1,10000.0,23.88,E,660.0,664.0,34.59,60000.0,21.0,36.0,1.0
1,3000.0,16.02,C,660.0,664.0,4.96,31000.0,6.0,10.0,1.0
0,1000.0,12.62,C,740.0,744.0,31.93,28000.0,5.0,12.0,1.0
0,25000.0,14.99,C,675.0,679.0,16.62,107000.0,13.0,21.0,2.0
0,1000.0,12.62,C,685.0,689.0,14.38,68000.0,12.0,21.0,0.0
0,15000.0,11.49,B,745.0,749.0,23.76,65000.0,9.0,29.0,0.0
1,20000.0,19.03,D,665.0,669.0,24.75,75000.0,17.0,24.0,0.0
0,5600.0,7.24,A,720.0,724.0,10.86,60000.0,6.0,9.0,0.0
0,10000.0,10.49,B,750.0,754.0,25.23,50000.0,12.0,25.0,3.0
1,18250.0,17.99,D,665.0,669.0,9.56,60000.0,10.0,13.0,0.0
1,2000.0,7.97,A,725.0,729.0,17.71,50000.0,10.0,13.0,0.0
0,14400.0,18.99,D,660.0,664.0,27.29,53991.0,7.0,24.0,0.0
1,28800.0,13.49,C,720.0,724.0,33.6,60000.0,13.0,30.0,0.0
0,15000.0,13.49,C,715.0,719.0,16.24,75000.0,8.0,13.0,0.0
1,23475.0,13.59,C,720.0,724.0,29.06,84000.0,16.0,35.0,0.0
0,9500.0,7.99,A,680.0,684.0,19.66,70000.0,12.0,21.0,0.0
0,10000.0,10.42,B,665.0,669.0,20.09,48000.0,7.0,39.0,0.0
0,6000.0,15.99,C,675.0,679.0,14.34,45199.0,8.0,25.0,2.0
1,10000.0,11.49,B,665.0,669.0,7.87,159000.0,7.0,14.0,1.0
1,21000.0,11.39,B,700.0,704.0,19.81,67000.0,13.0,22.0,0.0
1,17000.0,11.99,B,695.0,699.0,18.03,48000.0,7.0,16.0,0.0
1,14500.0,21.45,D,665.0,669.0,29.55,33000.0,13.0,15.0,1.0
0,4800.0,10.91,B,730.0,734.0,22.54,47700.0,6.0,19.0,1.0
1,30000.0,14.08,C,715.0,719.0,34.59,67000.0,21.0,27.0,1.0
0,8500.0,12.74,C,660.0,664.0,18.13,47000.0,7.0,7.0,0.0
0,7000.0,9.44,B,700.0,704.0,10.48,67000.0,10.0,24.0,0.0
1,15000.0,17.09,D,685.0,689.0,18.33,36000.0,8.0,14.0,0.0
0,8000.0,12.74,C,680.0,684.0,4.99,45000.0,5.0,17.0,2.0
0,40000.0,23.99,E,715.0,719.0,16.54,113000.0,24.0,40.0,0.0
0,8000.0,14.99,C,685.0,689.0,32.37,80000.0,20.0,33.0,1.0
0,3000.0,10.49,B,675.0,679.0,2.76,40000.0,5.0,7.0,1.0
1,16000.0,16.02,C,665.0,669.0,16.95,100000.0,9.0,11.0,0.0
0,14500.0,15.99,C,665.0,669.0,19.94,80704.0,16.0,25.0,1.0
0,13000.0,7.21,A,685.0,689.0,9.24,92000.0,8.0,26.0,0.0
0,7700.0,8.24,B,690.0,694.0,8.12,90000.0,8.0,14.0,0.0
1,9000.0,15.05,C,680.0,684.0,12.83,88000.0,19.0,23.0,1.0
0,6400.0,9.44,B,725.0,729.0,15.06,89000.0,4.0,14.0,0.0
0,6000.0,11.49,B,670.0,674.0,9.04,70000.0,18.0,46.0,1.0
0,20000.0,7.24,A,720.0,724.0,27.36,80000.0,14.0,40.0,0.0
0,20000.0,17.09,D,700.0,704.0,30.57,70000.0,12.0,17.0,0.0
0,5575.0,12.74,C,690.0,694.0,21.76,70000.0,6.0,16.0,2.0
0,14400.0,14.99,C,660.0,664.0,16.54,55800.0,8.0,14.0,0.0
0,7675.0,12.74,C,775.0,779.0,3.3,24000.0,8.0,13.0,1.0
1,10000.0,13.59,C,660.0,664.0,7.06,60000.0,9.0,10.0,0.0
0,20000.0,10.42,B,675.0,679.0,13.54,138000.0,12.0,48.0,2.0
0,2500.0,7.07,A,780.0,784.0,6.61,45000.0,8.0,12.0,0.0
0,15000.0,13.99,C,675.0,679.0,12.04,49550.0,15.0,26.0,1.0
0,7000.0,26.3,E,660.0,664.0,25.42,34500.0,15.0,28.0,0.0
1,7450.0,15.05,C,685.0,689.0,29.08,75000.0,10.0,17.0,0.0
0,2400.0,11.49,B,775.0,779.0,13.45,24000.0,7.0,10.0,1.0
1,1000.0,12.74,C,680.0,684.0,18.88,60000.0,12.0,29.0,1.0
0,20000.0,7.24,A,695.0,699.0,13.29,55000.0,9.0,17.0,0.0
0,4800.0,11.49,B,685.0,689.0,16.84,30000.0,8.0,16.0,0.0
0,14000.0,16.99,D,670.0,674.0,15.27,50000.0,17.0,28.0,1.0
0,12500.0,7.99,A,685.0,689.0,15.96,50000.0,5.0,21.0,1.0
0,9600.0,10.49,B,660.0,664.0,25.54,45300.0,10.0,19.0,0.0
1,10000.0,15.05,C,685.0,689.0,4.16,130000.0,7.0,7.0,0.0
0,2400.0,18.06,D,695.0,699.0,19.2,30000.0,4.0,11.0,1.0
0,15000.0,19.99,D,665.0,669.0,20.54,70000.0,9.0,14.0,0.0
0,13250.0,14.99,C,710.0,714.0,10.27,140000.0,14.0,18.0,2.0
0,40000.0,13.99,C,730.0,734.0,27.22,120000.0,12.0,28.0,2.0
1,13425.0,23.99,E,660.0,664.0,17.8,42000.0,5.0,8.0,0.0
0,4000.0,10.49,B,690.0,694.0,17.35,178000.0,19.0,32.0,0.0
1,18000.0,7.35,A,690.0,694.0,9.61,150000.0,34.0,52.0,0.0
0,40000.0,7.07,A,820.0,824.0,4.14,300000.0,9.0,17.0,0.0
0,5600.0,15.05,C,665.0,669.0,21.7,14000.0,5.0,10.0,0.0
1,16000.0,16.02,C,685.0,689.0,15.28,180000.0,6.0,10.0,1.0
0,10000.0,7.97,A,840.0,844.0,24.55,39000.0,9.0,15.0,0.0
0,6000.0,10.49,B,710.0,714.0,20.48,31000.0,6.0,12.0,0.0
0,3625.0,7.99,A,715.0,719.0,14.88,40000.0,9.0,11.0,0.0
0,8000.0,16.02,C,665.0,669.0,13.29,65000.0,10.0,23.0,2.0
0,25650.0,22.91,E,690.0,694.0,17.81,130000.0,13.0,26.0,1.0
0,28000.0,15.99,C,660.0,664.0,13.72,81000.0,6.0,8.0,1.0
0,18000.0,15.99,C,685.0,689.0,20.28,93000.0,12.0,29.0,0.0
0,5600.0,14.08,C,685.0,689.0,15.52,30000.0,13.0,13.0,0.0
1,35000.0,11.49,B,720.0,724.0,8.99,125000.0,9.0,17.0,1.0
0,8000.0,13.49,C,665.0,669.0,7.9,75000.0,7.0,34.0,0.0
0,32000.0,5.32,A,700.0,704.0,25.32,300000.0,24.0,65.0,1.0
0,40000.0,13.59,C,705.0,709.0,11.27,125000.0,14.0,30.0,0.0
0,4150.0,12.74,C,695.0,699.0,24.15,106000.0,32.0,46.0,1.0
1,5000.0,15.99,C,675.0,679.0,6.29,46000.0,4.0,13.0,1.0
1,4000.0,14.08,C,675.0,679.0,5.12,26000.0,3.0,3.0,0.0
0,2000.0,5.32,A,795.0,799.0,25.2,41000.0,8.0,11.0,0.0
0,35000.0,8.24,B,680.0,684.0,14.87,160000.0,24.0,42.0,0.0
0,5000.0,9.44,B,770.0,774.0,0.76,53500.0,5.0,11.0,0.0
0,4725.0,22.74,E,760.0,764.0,18.16,23000.0,11.0,21.0,2.0
1,6000.0,21.45,D,710.0,714.0,17.02,95000.0,12.0,24.0,0.0
0,1000.0,9.93,B,785.0,789.0,17.09,16500.0,5.0,9.0,1.0
0,16000.0,11.99,B,695.0,699.0,13.92,208000.0,8.0,13.0,0.0
1,8400.0,13.59,C,715.0,719.0,20.8,24000.0,8.0,12.0,1.0
0,34150.0,25.82,E,705.0,709.0,15.04,100000.0,18.0,45.0,3.0
1,15000.0,9.93,B,680.0,684.0,13.2,50000.0,12.0,28.0,0.0
0,5600.0,13.49,C,680.0,684.0,21.59,135000.0,10.0,15.0,0.0
0,5000.0,14.08,C,695.0,699.0,3.77,31200.0,6.0,12.0,1.0
0,12500.0,16.02,C,665.0,669.0,29.2,260000.0,20.0,37.0,1.0
1,5750.0,16.99,D,675.0,679.0,24.01,16000.0,9.0,11.0,0.0
0,12800.0,11.44,B,665.0,669.0,82.66,16000.0,8.0,17.0,0.0
0,10000.0,12.62,C,675.0,679.0,11.6,70000.0,12.0,20.0,0.0
0,10000.0,13.59,C,670.0,674.0,16.23,65000.0,8.0,22.0,0.0
0,8000.0,7.97,A,735.0,739.0,21.56,55000.0,12.0,23.0,0.0
1,4800.0,18.06,D,660.0,664.0,34.09,61051.0,25.0,46.0,1.0
0,4000.0,7.97,A,710.0,714.0,8.35,24000.0,15.0,16.0,0.0
0,4000.0,7.99,A,690.0,694.0,19.37,43000.0,7.0,20.0,1.0
0,21050.0,13.49,C,680.0,684.0,19.66,55000.0,17.0,37.0,1.0
0,5325.0,12.74,C,665.0,669.0,32.36,140000.0,17.0,84.0,3.0
0,35000.0,21.45,D,680.0,684.0,10.3,450000.0,13.0,21.0,0.0
1,10800.0,18.06,D,665.0,669.0,26.27,35000.0,5.0,17.0,0.0
1,15775.0,30.84,G,680.0,684.0,8.08,155000.0,6.0,15.0,2.0
0,6000.0,10.42,B,690.0,694.0,22.31,42000.0,8.0,11.0,0.0
0,15000.0,10.42,B,710.0,714.0,7.82,68000.0,4.0,5.0,0.0
0,35000.0,13.59,C,685.0,689.0,33.29,49750.0,12.0,22.0,1.0
0,8000.0,13.99,C,735.0,739.0,33.69,56000.0,8.0,13.0,0.0
0,20000.0,13.49,C,670.0,674.0,12.32,90000.0,15.0,25.0,0.0
1,7000.0,10.42,B,680.0,684.0,17.94,40000.0,11.0,19.0,0.0
0,9600.0,13.49,C,660.0,664.0,15.83,100000.0,9.0,14.0,0.0
0,4000.0,11.99,B,665.0,669.0,18.94,97000.0,10.0,29.0,0.0
0,10000.0,7.07,A,735.0,739.0,23.38,150000.0,18.0,36.0,1.0
0,7000.0,23.88,E,690.0,694.0,28.56,65000.0,17.0,35.0,0.0
0,10000.0,18.99,D,695.0,699.0,26.02,120000.0,12.0,21.0,0.0
1,31000.0,14.99,C,670.0,674.0,79.42,15000.0,36.0,57.0,2.0
0,10000.0,7.21,A,710.0,714.0,10.43,106000.0,13.0,21.0,0.0
1,20000.0,13.59,C,680.0,684.0,20.12,60000.0,10.0,20.0,2.0
1,3000.0,12.62,C,715.0,719.0,36.22,60000.0,16.0,30.0,0.0
0,7500.0,7.24,A,705.0,709.0,23.26,88300.0,18.0,66.0,0.0
0,10000.0,7.97,A,775.0,779.0,25.62,43000.0,12.0,27.0,0.0
0,3375.0,10.42,B,685.0,689.0,10.82,60000.0,6.0,8.0,0.0
0,15000.0,11.44,B,680.0,684.0,27.34,50000.0,19.0,47.0,1.0
0,6000.0,11.39,B,750.0,754.0,15.33,75000.0,7.0,23.0,1.0
0,8000.0,6.99,A,710.0,714.0,23.71,60000.0,10.0,19.0,0.0
0,4000.0,9.93,B,675.0,679.0,15.0,66000.0,15.0,26.0,0.0
0,3000.0,8.24,B,670.0,674.0,26.06,35000.0,9.0,24.0,0.0
0,12000.0,7.35,A,710.0,714.0,14.5,105000.0,6.0,12.0,0.0
0,1200.0,10.42,B,675.0,679.0,18.52,47500.0,15.0,19.0,0.0
0,4500.0,13.49,C,670.0,674.0,3.0,46800.0,4.0,21.0,0.0
0,21000.0,11.44,B,690.0,694.0,15.82,160000.0,11.0,17.0,0.0
0,10000.0,17.99,D,665.0,669.0,20.44,54000.0,10.0,17.0,0.0
0,2000.0,13.99,C,725.0,729.0,5.44,28000.0,7.0,14.0,0.0
0,5000.0,13.99,C,700.0,704.0,17.02,64500.0,5.0,15.0,2.0
0,7500.0,8.24,B,665.0,669.0,10.74,40000.0,7.0,15.0,1.0
0,5600.0,13.99,C,675.0,679.0,13.73,63000.0,9.0,25.0,0.0
0,18900.0,7.24,A,690.0,694.0,18.85,133400.0,15.0,29.0,0.0
0,16000.0,19.03,D,700.0,704.0,17.54,55080.0,14.0,20.0,0.0
0,3000.0,13.59,C,660.0,664.0,31.22,42000.0,19.0,38.0,1.0
0,9000.0,15.05,C,670.0,674.0,30.42,60000.0,13.0,38.0,1.0
0,10000.0,22.74,E,685.0,689.0,21.38,55000.0,10.0,16.0,1.0
1,10975.0,15.99,C,675.0,679.0,30.8,35000.0,14.0,25.0,2.0
0,35000.0,7.99,A,725.0,729.0,16.93,103000.0,29.0,43.0,1.0
0,5000.0,12.74,C,665.0,669.0,10.75,150000.0,20.0,25.0,1.0
0,32000.0,14.08,C,675.0,679.0,43.21,26000.0,7.0,10.0,1.0
1,30000.0,10.91,B,685.0,689.0,45.82,25000.0,10.0,29.0,0.0
0,9000.0,11.49,B,725.0,729.0,24.42,32000.0,7.0,16.0,0.0
1,9100.0,15.99,C,660.0,664.0,17.69,62000.0,15.0,23.0,0.0
1,5500.0,12.62,C,685.0,689.0,23.77,80000.0,9.0,13.0,0.0
0,15000.0,9.93,B,725.0,729.0,33.2,72000.0,10.0,17.0,0.0
0,15000.0,7.49,A,700.0,704.0,22.56,45000.0,8.0,21.0,0.0
0,14000.0,8.24,B,715.0,719.0,27.41,43000.0,12.0,18.0,0.0
1,23900.0,18.99,D,700.0,704.0,27.87,52000.0,11.0,20.0,2.0
0,8800.0,7.24,A,785.0,789.0,7.77,130000.0,12.0,24.0,0.0
0,36000.0,10.49,B,750.0,754.0,14.42,220000.0,12.0,27.0,1.0
0,24000.0,13.49,C,730.0,734.0,14.85,75000.0,7.0,7.0,0.0
0,6000.0,11.49,B,660.0,664.0,15.27,32000.0,9.0,9.0,1.0
1,40000.0,8.24,B,750.0,754.0,8.57,99000.0,11.0,18.0,2.0
1,12000.0,10.91,B,705.0,709.0,24.36,41000.0,9.0,13.0,1.0
1,6000.0,5.32,A,770.0,774.0,12.03,50000.0,17.0,30.0,0.0
0,6150.0,16.99,D,705.0,709.0,30.87,25000.0,9.0,11.0,0.0
0,10000.0,9.93,B,665.0,669.0,13.49,60000.0,12.0,37.0,0.0
0,12000.0,7.35,A,705.0,709.0,23.49,65000.0,14.0,28.0,0.0
0,14400.0,9.44,B,715.0,719.0,15.89,70000.0,12.0,49.0,1.0
0,15000.0,14.99,C,680.0,684.0,23.49,82000.0,15.0,41.0,2.0
0,15000.0,16.02,C,690.0,694.0,23.6,80000.0,11.0,20.0,0.0
0,10000.0,13.49,C,670.0,674.0,8.54,115200.0,11.0,20.0,0.0
0,9000.0,7.99,A,705.0,709.0,32.44,65000.0,20.0,32.0,0.0
1,7000.0,13.49,C,670.0,674.0,31.22,67000.0,12.0,29.0,3.0
0,4000.0,8.24,B,690.0,694.0,8.44,32000.0,7.0,10.0,0.0
0,8400.0,13.49,C,680.0,684.0,23.6,40000.0,14.0,33.0,0.0
0,35000.0,14.99,C,680.0,684.0,11.07,120000.0,11.0,18.0,0.0
0,6000.0,10.49,B,675.0,679.0,17.4,60000.0,18.0,32.0,1.0
0,12000.0,10.49,B,705.0,709.0,21.73,150000.0,19.0,26.0,0.0
0,10000.0,13.49,C,680.0,684.0,26.76,67500.0,13.0,18.0,1.0
0,7200.0,16.99,D,665.0,669.0,28.59,22500.0,6.0,20.0,0.0
1,30000.0,18.06,D,660.0,664.0,18.25,90000.0,13.0,24.0,3.0
0,7800.0,12.62,C,675.0,679.0,28.23,40000.0,18.0,18.0,1.0
0,2000.0,11.39,B,680.0,684.0,14.06,77000.0,17.0,33.0,2.0
0,16000.0,13.49,C,665.0,669.0,17.08,48000.0,8.0,11.0,0.0
0,10000.0,8.24,B,660.0,664.0,10.99,50000.0,12.0,28.0,0.0
0,8000.0,13.49,C,740.0,744.0,29.01,50448.0,18.0,38.0,0.0
0,4000.0,18.99,D,695.0,699.0,22.55,23000.0,11.0,11.0,0.0
1,20000.0,21.45,D,660.0,664.0,6.02,62000.0,6.0,13.0,1.0
0,2200.0,13.99,C,695.0,699.0,16.13,28933.0,2.0,4.0,0.0
0,2400.0,14.99,C,695.0,699.0,8.4,47000.0,6.0,20.0,1.0
0,17000.0,11.49,B,675.0,679.0,14.58,98080.0,9.0,19.0,0.0
0,4000.0,7.24,A,705.0,709.0,26.48,30000.0,10.0,24.0,0.0
0,35000.0,24.74,E,670.0,674.0,28.91,150000.0,17.0,28.0,0.0
0,18000.0,19.99,D,685.0,689.0,17.27,74000.0,10.0,16.0,0.0
0,16000.0,5.32,A,720.0,724.0,8.08,150000.0,10.0,24.0,0.0
1,30000.0,18.06,D,680.0,684.0,15.87,125000.0,22.0,35.0,0.0
0,24000.0,8.24,B,680.0,684.0,14.61,145000.0,10.0,29.0,1.0
0,5000.0,19.99,D,675.0,679.0,30.14,35000.0,9.0,15.0,1.0
0,15000.0,12.74,C,680.0,684.0,29.2,70000.0,15.0,26.0,0.0
0,5000.0,5.32,A,720.0,724.0,14.42,55000.0,8.0,10.0,0.0
1,14000.0,17.09,D,710.0,714.0,37.84,30000.0,19.0,30.0,0.0
0,27000.0,11.39,B,700.0,704.0,19.19,142000.0,15.0,26.0,1.0
1,5000.0,10.42,B,665.0,669.0,7.1,35000.0,8.0,28.0,1.0
0,20000.0,8.24,B,670.0,674.0,13.64,92000.0,21.0,37.0,1.0
0,5000.0,13.49,C,665.0,669.0,8.72,15000.0,5.0,39.0,1.0
0,35000.0,13.99,C,715.0,719.0,15.92,250000.0,13.0,21.0,0.0
0,5000.0,16.02,C,740.0,744.0,13.93,20000.0,15.0,17.0,3.0
0,7000.0,11.49,B,715.0,719.0,10.73,32000.0,9.0,15.0,0.0
0,19000.0,5.32,A,745.0,749.0,11.54,170000.0,15.0,27.0,0.0
0,3600.0,7.35,A,680.0,684.0,25.98,60000.0,9.0,37.0,0.0
0,7500.0,11.44,B,700.0,704.0,21.3,87000.0,11.0,31.0,1.0
1,8800.0,14.99,C,685.0,689.0,11.12,75000.0,11.0,21.0,2.0
0,1800.0,14.99,C,675.0,679.0,28.83,48000.0,11.0,26.0,0.0
0,6000.0,5.32,A,790.0,794.0,17.04,66000.0,10.0,15.0,0.0
0,14000.0,15.99,C,725.0,729.0,32.52,80000.0,23.0,38.0,0.0
0,8000.0,7.49,A,735.0,739.0,20.29,42000.0,8.0,15.0,0.0
0,10000.0,11.39,B,730.0,734.0,26.39,37614.0,11.0,20.0,0.0
0,25200.0,9.93,B,735.0,739.0,26.74,65000.0,14.0,16.0,3.0
0,9600.0,9.44,B,690.0,694.0,11.2,85000.0,6.0,8.0,0.0
0,6000.0,8.24,B,675.0,679.0,11.98,100000.0,9.0,20.0,1.0
0,20000.0,12.62,C,695.0,699.0,13.68,55000.0,9.0,10.0,0.0
1,8000.0,13.59,C,660.0,664.0,13.17,70000.0,11.0,17.0,1.0
1,17000.0,7.35,A,715.0,719.0,2.62,103000.0,5.0,17.0,0.0
1,9600.0,20.0,D,660.0,664.0,14.55,37700.0,8.0,16.0,1.0
0,12375.0,13.49,C,685.0,689.0,13.57,60000.0,8.0,17.0,2.0
0,4500.0,7.99,A,730.0,734.0,14.31,42000.0,9.0,24.0,0.0
0,19000.0,11.49,B,695.0,699.0,13.07,90000.0,6.0,11.0,0.0
0,40000.0,12.62,C,690.0,694.0,8.13,250000.0,10.0,29.0,0.0
1,1500.0,13.49,C,665.0,669.0,11.34,56000.0,7.0,12.0,0.0
0,6000.0,13.49,C,660.0,664.0,25.51,39000.0,8.0,19.0,0.0
0,8000.0,5.32,A,745.0,749.0,20.71,70000.0,14.0,41.0,0.0
1,5000.0,15.99,C,665.0,669.0,31.3,24000.0,8.0,14.0,2.0
0,6000.0,21.45,D,725.0,729.0,6.63,36000.0,11.0,25.0,2.0
0,5000.0,5.32,A,695.0,699.0,11.48,122000.0,8.0,17.0,1.0
0,3000.0,14.08,C,690.0,694.0,26.75,43000.0,32.0,74.0,1.0
0,16000.0,10.49,B,680.0,684.0,20.02,127000.0,19.0,65.0,0.0
0,1200.0,11.49,B,720.0,724.0,8.36,24000.0,9.0,12.0,1.0
0,4800.0,7.99,A,715.0,719.0,25.66,50000.0,26.0,39.0,0.0
0,12000.0,16.02,C,665.0,669.0,6.82,33794.65,8.0,20.0,1.0
0,2400.0,11.99,B,660.0,664.0,16.19,62420.0,16.0,35.0,0.0
1,25000.0,20.0,D,665.0,669.0,34.95,65000.0,9.0,18.0,1.0
1,15000.0,10.49,B,715.0,719.0,30.5,64000.0,13.0,26.0,0.0
1,10025.0,18.06,D,715.0,719.0,28.03,93000.0,18.0,31.0,1.0
0,25000.0,7.07,A,725.0,729.0,21.69,88500.0,5.0,29.0,0.0
0,3000.0,15.05,C,660.0,664.0,24.08,30000.0,10.0,52.0,4.0
0,4800.0,7.24,A,730.0,734.0,7.12,60000.0,9.0,27.0,0.0
1,5000.0,26.3,E,680.0,684.0,9.1,67000.0,10.0,16.0,1.0
1,6000.0,12.62,C,725.0,729.0,31.89,18000.0,8.0,8.0,0.0
1,20000.0,16.99,D,685.0,689.0,27.65,81000.0,16.0,22.0,0.0
0,8000.0,7.24,A,695.0,699.0,30.56,45000.0,14.0,81.0,0.0
0,10000.0,9.93,B,725.0,729.0,9.0,90000.0,8.0,9.0,1.0
0,8000.0,18.99,D,665.0,669.0,21.9,36000.0,5.0,11.0,0.0
0,3000.0,15.99,C,660.0,664.0,22.23,74000.0,10.0,25.0,0.0
0,21000.0,13.49,C,695.0,699.0,8.92,60000.0,5.0,5.0,2.0
0,10000.0,5.32,A,770.0,774.0,22.08,75000.0,11.0,24.0,1.0
0,3600.0,10.42,B,675.0,679.0,9.64,43812.95,6.0,9.0,0.0
1,13000.0,16.99,D,670.0,674.0,24.47,38400.0,10.0,27.0,0.0
0,7500.0,8.24,B,690.0,694.0,19.52,50000.0,14.0,30.0,0.0
0,40000.0,6.99,A,705.0,709.0,8.67,263000.0,22.0,46.0,0.0
0,30000.0,16.02,C,685.0,689.0,16.42,60000.0,11.0,14.0,0.0
0,17000.0,10.42,B,690.0,694.0,14.23,82000.0,6.0,11.0,0.0
0,3800.0,7.21,A,695.0,699.0,27.89,110000.0,22.0,46.0,0.0
0,10000.0,8.24,B,670.0,674.0,21.79,45000.0,13.0,22.0,0.0
0,10000.0,9.93,B,695.0,699.0,22.42,63000.0,15.0,27.0,1.0
0,20000.0,7.21,A,750.0,754.0,7.84,110000.0,14.0,26.0,1.0
0,10800.0,7.49,A,735.0,739.0,12.41,50000.0,10.0,12.0,1.0
0,11000.0,7.99,A,695.0,699.0,26.62,50000.0,16.0,37.0,1.0
0,20000.0,11.99,B,685.0,689.0,17.46,78000.0,31.0,43.0,1.0
0,7475.0,16.02,C,675.0,679.0,23.71,66000.0,15.0,29.0,1.0
1,8000.0,11.99,B,665.0,669.0,13.87,50000.0,10.0,12.0,0.0
1,22000.0,13.59,C,695.0,699.0,12.95,95000.0,9.0,19.0,0.0
1,8000.0,11.49,B,685.0,689.0,16.51,57000.0,17.0,19.0,0.0
1,8000.0,7.49,A,680.0,684.0,23.84,60000.0,9.0,27.0,0.0
0,30000.0,5.32,A,755.0,759.0,19.41,175000.0,26.0,44.0,0.0
0,24000.0,13.99,C,695.0,699.0,15.57,112000.0,21.0,43.0,1.0
0,2000.0,10.91,B,725.0,729.0,12.63,65000.0,21.0,28.0,1.0
0,16000.0,11.99,B,680.0,684.0,23.33,52000.0,12.0,22.0,0.0
1,15000.0,10.91,B,660.0,664.0,16.62,60000.0,8.0,16.0,2.0
0,25000.0,7.49,A,755.0,759.0,18.77,360000.0,27.0,50.0,0.0
0,16000.0,8.24,B,710.0,714.0,29.45,50000.0,11.0,23.0,0.0
0,10000.0,7.97,A,700.0,704.0,14.48,78000.0,10.0,16.0,0.0
0,2000.0,10.42,B,680.0,684.0,29.32,49000.0,6.0,19.0,0.0
0,18000.0,7.07,A,760.0,764.0,26.89,120000.0,20.0,40.0,0.0
0,36000.0,7.97,A,710.0,714.0,28.15,120000.0,15.0,31.0,1.0
0,3000.0,11.39,B,705.0,709.0,14.08,41000.0,6.0,10.0,0.0
1,1675.0,15.99,C,665.0,669.0,26.78,21600.0,15.0,27.0,0.0
1,6500.0,10.42,B,675.0,679.0,11.77,21000.0,9.0,21.0,1.0
1,8800.0,10.91,B,685.0,689.0,24.74,87500.0,14.0,22.0,2.0
0,8500.0,12.74,C,660.0,664.0,7.56,37000.0,4.0,32.0,0.0
0,32000.0,5.32,A,800.0,804.0,9.7,150000.0,9.0,28.0,0.0
0,4500.0,13.49,C,735.0,739.0,15.72,30000.0,15.0,16.0,1.0
0,4000.0,11.44,B,670.0,674.0,29.04,50000.0,12.0,23.0,1.0
1,6000.0,10.91,B,675.0,679.0,19.62,93600.0,8.0,22.0,0.0
0,20875.0,24.74,E,685.0,689.0,20.14,58000.0,12.0,35.0,1.0
1,16000.0,13.59,C,660.0,664.0,4.01,70000.0,11.0,28.0,0.0
1,10000.0,18.06,D,665.0,669.0,8.74,35000.0,14.0,34.0,1.0
1,30000.0,11.44,B,660.0,664.0,14.42,183000.0,16.0,22.0,1.0
0,20000.0,30.79,G,660.0,664.0,21.58,73000.0,18.0,23.0,1.0
0,10600.0,12.74,C,695.0,699.0,24.53,48000.0,14.0,42.0,0.0
0,8000.0,14.99,C,660.0,664.0,5.55,165000.0,5.0,16.0,0.0
1,7600.0,19.99,D,675.0,679.0,29.37,52000.0,13.0,22.0,0.0
0,5000.0,15.99,C,680.0,684.0,12.36,140000.0,11.0,27.0,0.0
0,5000.0,10.91,B,750.0,754.0,33.26,49000.0,10.0,12.0,1.0
1,2000.0,15.99,C,685.0,689.0,7.54,32000.0,8.0,10.0,1.0
0,1700.0,19.99,D,665.0,669.0,8.11,65000.0,4.0,6.0,0.0
0,8000.0,8.24,B,670.0,674.0,12.48,75000.0,23.0,41.0,1.0
1,8000.0,12.62,C,675.0,679.0,11.3,56930.0,5.0,5.0,0.0
0,4000.0,14.08,C,670.0,674.0,13.08,40000.0,11.0,15.0,0.0
0,21000.0,11.44,B,670.0,674.0,11.54,60000.0,12.0,18.0,1.0
0,12000.0,5.32,A,725.0,729.0,21.41,115000.0,16.0,34.0,0.0
1,19000.0,14.99,C,710.0,714.0,26.35,113272.0,12.0,26.0,1.0
0,5000.0,12.74,C,680.0,684.0,12.23,87000.0,9.0,24.0,0.0
0,36000.0,11.44,B,720.0,724.0,18.56,45000.0,8.0,26.0,0.0
0,12000.0,12.62,C,685.0,689.0,32.02,102000.0,16.0,28.0,0.0
0,4000.0,13.99,C,745.0,749.0,22.08,25000.0,7.0,8.0,1.0
0,28000.0,13.99,C,715.0,719.0,8.36,85000.0,12.0,15.0,0.0
0,1500.0,13.99,C,660.0,664.0,6.18,61000.0,8.0,13.0,0.0
0,20000.0,25.49,E,710.0,714.0,28.4,80000.0,12.0,30.0,1.0
0,7200.0,7.99,A,720.0,724.0,18.33,70000.0,13.0,19.0,0.0
0,35000.0,12.74,C,690.0,694.0,28.29,130000.0,19.0,47.0,2.0
0,40000.0,7.99,A,745.0,749.0,24.2,119116.0,15.0,39.0,0.0
0,7000.0,18.06,D,695.0,699.0,13.62,25000.0,11.0,12.0,1.0
1,18000.0,10.42,B,680.0,684.0,21.7,61000.0,18.0,25.0,0.0
1,10000.0,15.99,C,690.0,694.0,14.91,50000.0,12.0,18.0,1.0
1,9000.0,7.97,A,705.0,709.0,15.37,62000.0,13.0,38.0,2.0
0,33350.0,10.42,B,770.0,774.0,30.6,60000.0,13.0,34.0,1.0
1,5000.0,28.69,F,665.0,669.0,30.19,74844.0,18.0,27.0,0.0
0,7000.0,5.32,A,730.0,734.0,24.12,110000.0,30.0,61.0,0.0
0,14000.0,5.32,A,755.0,759.0,12.21,60000.0,17.0,27.0,0.0
0,18000.0,9.93,B,730.0,734.0,11.48,65000.0,6.0,8.0,0.0
0,30000.0,8.24,B,710.0,714.0,22.25,88000.0,11.0,38.0,0.0
0,18000.0,16.99,D,670.0,674.0,6.14,175000.0,14.0,25.0,1.0
0,10725.0,23.88,E,680.0,684.0,32.12,87610.0,16.0,26.0,1.0
1,8000.0,14.99,C,670.0,674.0,4.12,74000.0,6.0,9.0,0.0
0,14400.0,7.07,A,730.0,734.0,14.09,95000.0,14.0,42.0,0.0
1,28375.0,30.99,G,695.0,699.0,18.65,78000.0,14.0,26.0,0.0
0,12000.0,11.39,B,685.0,689.0,9.57,79040.0,4.0,18.0,0.0
0,3500.0,16.99,D,720.0,724.0,12.48,70000.0,10.0,26.0,0.0
0,40000.0,16.99,D,690.0,694.0,21.72,88300.0,7.0,30.0,0.0
0,15000.0,11.99,B,665.0,669.0,14.59,82000.0,5.0,6.0,1.0
0,5000.0,9.44,B,710.0,714.0,14.51,63000.0,11.0,15.0,2.0
0,14400.0,7.97,A,705.0,709.0,31.98,72000.0,32.0,53.0,0.0
0,4000.0,12.74,C,710.0,714.0,14.19,120000.0,14.0,25.0,0.0
0,3200.0,7.35,A,805.0,809.0,17.23,50000.0,7.0,28.0,0.0
0,9600.0,13.49,C,665.0,669.0,18.95,56000.0,15.0,30.0,0.0
0,10000.0,5.32,A,765.0,769.0,8.98,75000.0,14.0,27.0,1.0
0,10000.0,13.59,C,675.0,679.0,28.4,50000.0,18.0,23.0,0.0
0,8500.0,7.24,A,680.0,684.0,14.63,100000.0,15.0,44.0,0.0
0,15000.0,11.49,B,720.0,724.0,28.83,40000.0,5.0,14.0,0.0
0,11200.0,12.74,C,665.0,669.0,29.67,60000.0,5.0,20.0,2.0
0,2000.0,8.24,B,805.0,809.0,14.49,40000.0,10.0,18.0,1.0
0,25000.0,7.49,A,705.0,709.0,18.23,121000.0,12.0,21.0,0.0
0,4800.0,7.24,A,740.0,744.0,33.66,37266.0,16.0,34.0,1.0
0,6400.0,10.49,B,720.0,724.0,13.08,35952.0,6.0,17.0,1.0
0,10000.0,8.24,B,745.0,749.0,20.12,85000.0,29.0,38.0,1.0
0,10000.0,15.05,C,685.0,689.0,17.21,109614.0,12.0,109.0,0.0
0,5000.0,14.08,C,695.0,699.0,17.76,70000.0,8.0,16.0,0.0
1,16000.0,16.02,C,660.0,664.0,33.01,75000.0,14.0,22.0,1.0
0,5500.0,11.44,B,700.0,704.0,23.44,75000.0,13.0,35.0,1.0
0,6000.0,10.49,B,710.0,714.0,24.77,25000.0,7.0,21.0,1.0
1,6000.0,14.99,C,665.0,669.0,6.45,45000.0,9.0,23.0,0.0
0,32800.0,7.49,A,730.0,734.0,20.47,341000.0,20.0,40.0,0.0
0,5600.0,13.99,C,705.0,709.0,7.87,39450.0,7.0,9.0,0.0
0,25000.0,7.24,A,755.0,759.0,8.76,130000.0,5.0,10.0,0.0
0,2500.0,16.02,C,690.0,694.0,27.15,28000.0,8.0,10.0,2.0
0,2500.0,5.32,A,725.0,729.0,25.72,85750.0,17.0,34.0,0.0
0,8000.0,11.49,B,685.0,689.0,8.85,40000.0,9.0,11.0,0.0
0,8000.0,15.99,C,680.0,684.0,26.73,40000.0,12.0,18.0,0.0
0,6000.0,7.99,A,680.0,684.0,11.26,55000.0,7.0,15.0,0.0
0,2800.0,12.62,C,685.0,689.0,24.14,44500.0,5.0,7.0,0.0
0,6400.0,11.99,B,710.0,714.0,29.4,40000.0,19.0,30.0,2.0
0,10400.0,14.99,C,660.0,664.0,6.73,45849.0,6.0,11.0,0.0
1,3000.0,29.69,F,685.0,689.0,1.3,23000.0,7.0,13.0,0.0
1,9500.0,9.93,B,660.0,664.0,15.13,110000.0,12.0,25.0,0.0
0,6000.0,5.32,A,705.0,709.0,11.89,90000.0,17.0,24.0,1.0
0,13400.0,9.44,B,675.0,679.0,13.24,87500.0,15.0,18.0,1.0
0,12000.0,14.99,C,670.0,674.0,22.97,36000.0,10.0,20.0,0.0
0,9750.0,11.44,B,735.0,739.0,32.99,35000.0,14.0,25.0,0.0
1,7000.0,15.99,C,660.0,664.0,29.06,38000.0,11.0,17.0,0.0
0,4000.0,7.97,A,735.0,739.0,17.62,62000.0,5.0,9.0,0.0
0,8500.0,5.32,A,785.0,789.0,5.86,125000.0,12.0,27.0,0.0
0,6400.0,17.99,D,680.0,684.0,24.54,40000.0,12.0,21.0,0.0
0,6000.0,8.24,B,665.0,669.0,10.37,50000.0,6.0,7.0,0.0
1,14000.0,13.59,C,690.0,694.0,13.41,45000.0,6.0,7.0,0.0
1,6150.0,18.99,D,690.0,694.0,21.27,29120.0,12.0,16.0,0.0
0,24000.0,11.44,B,665.0,669.0,21.39,93000.0,19.0,24.0,3.0
0,18400.0,14.99,C,680.0,684.0,26.7,40000.0,12.0,14.0,0.0
0,7000.0,7.97,A,720.0,724.0,32.45,75000.0,13.0,35.0,0.0
0,7500.0,8.24,B,715.0,719.0,11.5,65000.0,5.0,16.0,1.0
0,15000.0,24.85,E,670.0,674.0,48.79,35000.0,24.0,68.0,4.0
0,12000.0,6.99,A,710.0,714.0,15.92,57000.0,6.0,13.0,0.0
0,12000.0,11.44,B,665.0,669.0,21.21,87473.0,7.0,19.0,0.0
1,35000.0,19.99,D,670.0,674.0,32.01,87000.0,21.0,23.0,2.0
0,11500.0,28.69,F,680.0,684.0,26.29,32000.0,13.0,24.0,2.0
0,2500.0,11.44,B,740.0,744.0,4.76,22800.0,8.0,8.0,0.0
0,10000.0,7.49,A,685.0,689.0,17.33,68000.0,8.0,29.0,1.0
1,7000.0,8.24,B,700.0,704.0,14.64,151992.0,7.0,23.0,1.0
0,35000.0,6.99,A,705.0,709.0,10.93,240000.0,7.0,16.0,0.0
0,6400.0,11.99,B,725.0,729.0,11.31,80000.0,4.0,4.0,0.0
0,7000.0,11.44,B,725.0,729.0,19.54,30000.0,5.0,8.0,1.0
0,6000.0,9.93,B,705.0,709.0,8.29,39520.0,24.0,41.0,0.0
0,20000.0,7.07,A,775.0,779.0,28.52,103000.0,8.0,13.0,0.0
0,9600.0,17.99,D,700.0,704.0,25.21,50500.0,9.0,11.0,0.0
0,6925.0,12.74,C,670.0,674.0,10.92,101850.0,5.0,18.0,0.0
0,15000.0,13.59,C,690.0,694.0,11.08,55000.0,4.0,9.0,0.0
0,12000.0,14.99,C,700.0,704.0,18.77,45000.0,9.0,28.0,0.0
0,2500.0,13.49,C,710.0,714.0,23.92,45000.0,22.0,36.0,4.0
0,4500.0,16.02,C,660.0,664.0,30.62,58000.0,11.0,34.0,1.0
0,35000.0,5.32,A,710.0,714.0,14.05,500000.0,24.0,38.0,0.0
1,24325.0,26.3,E,665.0,669.0,28.21,110000.0,18.0,54.0,1.0
1,8750.0,18.06,D,680.0,684.0,1.56,50000.0,2.0,4.0,0.0
0,4800.0,9.44,B,705.0,709.0,17.72,45000.0,8.0,9.0,0.0
0,5500.0,11.49,B,685.0,689.0,29.31,31000.0,7.0,8.0,0.0
0,19200.0,11.49,B,670.0,674.0,33.76,84000.0,24.0,46.0,0.0
0,5500.0,10.49,B,670.0,674.0,14.43,44000.0,5.0,8.0,0.0
0,14000.0,11.44,B,660.0,664.0,18.68,95000.0,12.0,38.0,0.0
0,6500.0,21.45,D,720.0,724.0,4.38,23000.0,12.0,12.0,0.0
1,8000.0,19.03,D,705.0,709.0,16.06,94000.0,8.0,24.0,1.0
0,10000.0,11.49,B,670.0,674.0,29.04,56000.0,9.0,20.0,0.0
0,18000.0,7.97,A,660.0,664.0,10.39,114000.0,24.0,36.0,0.0
0,7000.0,7.49,A,690.0,694.0,11.43,50000.0,8.0,9.0,0.0
0,14400.0,11.49,B,680.0,684.0,30.9,69000.0,12.0,17.0,3.0
0,14000.0,7.21,A,680.0,684.0,19.12,106000.0,12.0,35.0,1.0
0,6000.0,13.49,C,675.0,679.0,16.89,39000.0,8.0,39.0,0.0
1,11200.0,13.49,C,710.0,714.0,34.68,30000.0,7.0,14.0,1.0
1,6000.0,25.82,E,705.0,709.0,27.95,52000.0,12.0,18.0,3.0
0,10000.0,13.59,C,665.0,669.0,32.31,50000.0,6.0,8.0,0.0
0,12000.0,15.05,C,720.0,724.0,14.78,60000.0,11.0,32.0,0.0
0,4800.0,7.07,A,800.0,804.0,13.42,104500.0,11.0,28.0,0.0
0,12800.0,10.49,B,715.0,719.0,31.98,110000.0,35.0,42.0,2.0
0,1500.0,9.93,B,665.0,669.0,18.96,70000.0,11.0,30.0,0.0
1,30000.0,13.99,C,775.0,779.0,4.23,110000.0,15.0,22.0,0.0
0,5000.0,8.24,B,680.0,684.0,14.58,50000.0,11.0,25.0,1.0
0,6000.0,10.49,B,700.0,704.0,20.4,36000.0,9.0,10.0,0.0
0,10000.0,23.99,E,660.0,664.0,29.95,30000.0,8.0,11.0,1.0
0,6000.0,11.39,B,715.0,719.0,15.65,28000.0,11.0,16.0,0.0
0,3000.0,11.99,B,725.0,729.0,17.51,120000.0,8.0,28.0,0.0
0,8400.0,24.74,E,685.0,689.0,21.2,59000.0,7.0,19.0,0.0
1,10000.0,28.69,F,680.0,684.0,24.18,80000.0,14.0,36.0,4.0
0,8000.0,7.21,A,765.0,769.0,9.65,65300.0,4.0,10.0,0.0
0,1800.0,11.44,B,675.0,679.0,27.3,67000.0,16.0,34.0,0.0
1,8500.0,19.03,D,660.0,664.0,16.5,54996.0,11.0,13.0,0.0
0,12000.0,26.24,E,670.0,674.0,9.49,75000.0,10.0,14.0,0.0
0,7200.0,11.99,B,665.0,669.0,9.43,35000.0,8.0,15.0,1.0
0,8000.0,12.74,C,690.0,694.0,9.25,48000.0,8.0,15.0,1.0
0,14000.0,7.24,A,730.0,734.0,14.0,90000.0,12.0,34.0,1.0
0,10000.0,7.99,A,740.0,744.0,12.69,105000.0,12.0,28.0,0.0
1,11200.0,18.06,D,665.0,669.0,16.83,40000.0,10.0,14.0,1.0
0,7000.0,7.97,A,715.0,719.0,12.13,82000.0,13.0,17.0,1.0
0,8800.0,7.99,A,755.0,759.0,10.05,80000.0,11.0,14.0,3.0
0,21000.0,19.99,D,680.0,684.0,13.85,80000.0,12.0,22.0,1.0
0,8000.0,11.49,B,695.0,699.0,8.39,84000.0,6.0,28.0,2.0
0,8400.0,11.39,B,675.0,679.0,11.56,49000.0,5.0,21.0,1.0
1,5000.0,14.08,C,700.0,704.0,16.71,80000.0,10.0,19.0,3.0
1,5000.0,19.03,D,670.0,674.0,14.2,100000.0,25.0,33.0,4.0
0,12000.0,7.99,A,790.0,794.0,18.96,50000.0,12.0,37.0,3.0
0,3200.0,7.24,A,765.0,769.0,12.86,90000.0,12.0,41.0,2.0
0,18000.0,18.99,D,665.0,669.0,13.51,54000.0,6.0,23.0,1.0
0,5000.0,6.99,A,800.0,804.0,20.91,40000.0,9.0,15.0,0.0
0,31125.0,11.44,B,730.0,734.0,29.12,97000.0,10.0,21.0,1.0
1,16000.0,7.35,A,680.0,684.0,16.63,62000.0,13.0,21.0,1.0
0,7500.0,12.74,C,670.0,674.0,4.68,100000.0,6.0,17.0,0.0
0,6025.0,9.44,B,770.0,774.0,15.73,65000.0,4.0,19.0,0.0
0,6000.0,11.44,B,660.0,664.0,6.91,41000.0,6.0,23.0,0.0
0,30000.0,5.32,A,725.0,729.0,12.22,155000.0,12.0,26.0,1.0
0,2000.0,14.99,C,685.0,689.0,9.6,12000.0,12.0,12.0,1.0
0,7000.0,13.49,C,670.0,674.0,11.16,90000.0,6.0,12.0,0.0
0,10000.0,16.99,D,675.0,679.0,19.31,104000.0,14.0,39.0,1.0
1,20000.0,16.99,D,680.0,684.0,23.55,79646.4,10.0,15.0,0.0
0,5000.0,7.97,A,685.0,689.0,21.47,36000.0,7.0,14.0,0.0
0,15000.0,7.99,A,695.0,699.0,7.72,60000.0,11.0,17.0,0.0
0,28800.0,14.99,C,680.0,684.0,23.09,106000.0,10.0,16.0,1.0
1,12000.0,12.62,C,660.0,664.0,21.94,49000.0,7.0,12.0,0.0
0,1000.0,12.74,C,675.0,679.0,33.14,57000.0,16.0,32.0,0.0
0,8000.0,11.49,B,675.0,679.0,16.66,34000.0,8.0,30.0,0.0
1,5000.0,13.59,C,695.0,699.0,31.77,42000.0,15.0,28.0,0.0
1,22400.0,16.02,C,665.0,669.0,27.67,71000.0,14.0,23.0,1.0
1,12000.0,15.05,C,665.0,669.0,13.9,50000.0,9.0,12.0,0.0
0,12500.0,13.49,C,665.0,669.0,8.7,32000.0,13.0,14.0,0.0
1,35000.0,12.62,C,715.0,719.0,15.48,120000.0,11.0,26.0,1.0
0,16000.0,10.49,B,735.0,739.0,25.48,85000.0,20.0,40.0,0.0
0,10300.0,15.99,C,700.0,704.0,28.27,54000.0,11.0,19.0,1.0
0,21000.0,10.42,B,680.0,684.0,24.08,90000.0,21.0,49.0,0.0
0,13000.0,7.21,A,765.0,769.0,28.9,85000.0,33.0,61.0,0.0
0,2400.0,11.44,B,730.0,734.0,3.13,100000.0,15.0,24.0,0.0
1,7000.0,15.05,C,670.0,674.0,15.96,60000.0,10.0,11.0,0.0
0,10000.0,11.44,B,660.0,664.0,49.62,35000.0,15.0,38.0,2.0
1,6000.0,11.99,B,660.0,664.0,21.05,48000.0,8.0,11.0,0.0
0,23400.0,11.44,B,680.0,684.0,10.54,150000.0,7.0,9.0,0.0
1,10000.0,18.06,D,680.0,684.0,11.67,36000.0,3.0,12.0,1.0
0,9800.0,15.99,C,680.0,684.0,27.32,30000.0,13.0,16.0,0.0
0,1400.0,10.42,B,660.0,664.0,27.04,41056.0,20.0,47.0,0.0
1,10000.0,16.99,D,665.0,669.0,20.12,43000.0,6.0,18.0,0.0
0,17200.0,21.45,D,690.0,694.0,26.46,117480.0,19.0,34.0,0.0
0,5000.0,5.32,A,775.0,779.0,21.39,28000.0,14.0,23.0,0.0
0,37000.0,16.02,C,725.0,729.0,26.28,107000.0,7.0,14.0,1.0
0,16000.0,18.06,D,690.0,694.0,17.7,130000.0,8.0,17.0,1.0
0,30000.0,7.99,A,725.0,729.0,28.64,106000.0,13.0,33.0,1.0
0,6000.0,13.99,C,675.0,679.0,17.45,180000.0,13.0,18.0,0.0
0,30000.0,13.49,C,670.0,674.0,30.78,72000.0,11.0,32.0,0.0
0,8525.0,15.05,C,680.0,684.0,24.31,32000.0,14.0,26.0,0.0
0,32000.0,12.74,C,710.0,714.0,32.66,65000.0,13.0,28.0,1.0
0,6000.0,10.91,B,710.0,714.0,3.6,60000.0,7.0,34.0,1.0
0,16000.0,11.39,B,695.0,699.0,30.4,57600.0,8.0,12.0,0.0
0,1000.0,10.91,B,660.0,664.0,21.45,49000.0,8.0,25.0,0.0
0,36000.0,6.99,A,705.0,709.0,8.86,205000.0,17.0,60.0,0.0
0,11000.0,6.99,A,750.0,754.0,13.55,45000.0,4.0,8.0,0.0
0,6000.0,10.42,B,690.0,694.0,20.8,30000.0,8.0,13.0,0.0
0,35000.0,7.35,A,740.0,744.0,10.52,145000.0,7.0,19.0,1.0
0,2500.0,12.74,C,675.0,679.0,23.28,70000.0,15.0,24.0,1.0
0,6500.0,17.99,D,715.0,719.0,25.39,13000.0,7.0,16.0,0.0
0,6000.0,8.24,B,730.0,734.0,22.58,85000.0,8.0,20.0,0.0
0,14800.0,8.24,B,735.0,739.0,10.54,42000.0,5.0,18.0,0.0
0,6000.0,11.44,B,660.0,664.0,17.31,45000.0,5.0,14.0,2.0
0,9300.0,8.24,B,675.0,679.0,16.7,57777.0,13.0,38.0,0.0
0,35000.0,12.74,C,660.0,664.0,18.53,45000.0,9.0,19.0,1.0
0,6500.0,7.49,A,715.0,719.0,9.98,54000.0,8.0,31.0,1.0
0,5000.0,11.99,B,660.0,664.0,31.35,49000.0,8.0,34.0,0.0
0,1500.0,10.42,B,730.0,734.0,24.05,78500.0,16.0,58.0,0.0
0,6400.0,12.74,C,690.0,694.0,17.3,24000.0,5.0,32.0,2.0
0,35000.0,14.99,C,675.0,679.0,15.67,50000.0,6.0,10.0,0.0
0,25000.0,14.99,C,685.0,689.0,17.39,75000.0,10.0,19.0,1.0
0,3500.0,10.49,B,715.0,719.0,26.23,41000.0,8.0,21.0,0.0
0,10000.0,12.62,C,675.0,679.0,27.4,60000.0,16.0,37.0,1.0
0,24000.0,10.91,B,675.0,679.0,26.15,37440.0,6.0,8.0,0.0
1,35000.0,30.75,F,710.0,714.0,39.52,75000.0,13.0,20.0,0.0
1,7200.0,16.99,D,690.0,694.0,15.76,20000.0,8.0,8.0,0.0
0,2400.0,11.49,B,685.0,689.0,16.47,137000.0,12.0,39.0,0.0
0,13850.0,16.99,D,690.0,694.0,31.31,91000.0,15.0,30.0,1.0
0,4000.0,9.44,B,815.0,819.0,7.05,130000.0,7.0,15.0,0.0
0,3000.0,8.24,B,660.0,664.0,11.22,46000.0,9.0,15.0,0.0
0,6500.0,7.49,A,705.0,709.0,13.43,100000.0,10.0,12.0,0.0
1,12475.0,14.08,C,690.0,694.0,26.56,99000.0,7.0,24.0,1.0
1,7800.0,15.99,C,660.0,664.0,26.0,30000.0,6.0,6.0,1.0
0,16000.0,10.91,B,700.0,704.0,18.23,72270.0,9.0,22.0,1.0
1,7000.0,18.99,D,660.0,664.0,23.5,26000.0,4.0,11.0,0.0
0,15000.0,5.32,A,765.0,769.0,2.61,90000.0,9.0,16.0,0.0
0,10000.0,16.99,D,700.0,704.0,31.13,29000.0,9.0,24.0,1.0
0,3200.0,9.93,B,685.0,689.0,12.69,65000.0,28.0,38.0,0.0
0,10000.0,17.99,D,690.0,694.0,19.62,41600.0,10.0,22.0,0.0
0,10000.0,7.49,A,715.0,719.0,14.98,46000.0,7.0,14.0,1.0
1,7500.0,10.91,B,665.0,669.0,14.09,80000.0,11.0,33.0,0.0
0,12000.0,12.62,C,690.0,694.0,22.44,53000.0,8.0,21.0,0.0
0,18000.0,12.62,C,665.0,669.0,16.09,74000.0,5.0,7.0,0.0
1,8000.0,14.08,C,690.0,694.0,13.32,50000.0,17.0,20.0,0.0
0,15000.0,5.32,A,805.0,809.0,5.1,120000.0,14.0,26.0,0.0
0,16550.0,11.49,B,695.0,699.0,15.94,60000.0,8.0,24.0,0.0
1,15000.0,12.74,C,710.0,714.0,14.46,55000.0,5.0,6.0,0.0
0,12800.0,7.24,A,740.0,744.0,10.23,54100.0,15.0,23.0,0.0
0,40000.0,5.32,A,730.0,734.0,9.79,226000.0,31.0,40.0,0.0
0,4000.0,8.24,B,770.0,774.0,14.32,74000.0,9.0,11.0,0.0
1,7000.0,18.06,D,660.0,664.0,9.96,30000.0,6.0,7.0,0.0
0,1500.0,13.99,C,665.0,669.0,4.12,30000.0,5.0,6.0,0.0
0,8000.0,14.99,C,675.0,679.0,29.26,75000.0,15.0,52.0,5.0
1,13350.0,16.02,C,660.0,664.0,17.4,46349.26,5.0,11.0,2.0
0,9000.0,7.97,A,725.0,729.0,11.26,42000.0,7.0,18.0,0.0
0,35000.0,6.99,A,775.0,779.0,14.47,150000.0,18.0,36.0,0.0
1,15000.0,12.62,C,670.0,674.0,34.57,71000.0,18.0,33.0,1.0
0,3000.0,15.05,C,730.0,734.0,29.81,45500.0,13.0,19.0,2.0
0,30000.0,14.99,C,725.0,729.0,15.07,77877.0,11.0,20.0,1.0
0,15000.0,11.44,B,670.0,674.0,57.9,26200.0,14.0,32.0,0.0
0,12000.0,8.24,B,760.0,764.0,18.1,50000.0,16.0,26.0,0.0
0,5075.0,13.99,C,705.0,709.0,12.11,110000.0,17.0,18.0,2.0
0,15200.0,11.49,B,715.0,719.0,19.38,89900.0,53.0,81.0,1.0
0,20000.0,14.99,C,690.0,694.0,19.57,89000.0,12.0,24.0,1.0
0,2000.0,7.97,A,750.0,754.0,16.91,49000.0,9.0,21.0,2.0
0,11150.0,11.39,B,695.0,699.0,10.6,144731.0,9.0,13.0,0.0
0,19200.0,11.49,B,675.0,679.0,30.8,63000.0,34.0,56.0,0.0
0,2000.0,8.24,B,665.0,669.0,20.48,108000.0,15.0,29.0,1.0
0,26675.0,13.49,C,745.0,749.0,30.32,101000.0,12.0,23.0,1.0
1,4000.0,13.59,C,685.0,689.0,17.47,50000.0,7.0,14.0,0.0
0,6000.0,8.24,B,700.0,704.0,25.15,38000.0,5.0,15.0,0.0
0,20000.0,7.97,A,670.0,674.0,26.56,100000.0,16.0,42.0,0.0
0,10000.0,15.99,C,725.0,729.0,17.03,128000.0,7.0,10.0,1.0
0,12000.0,5.32,A,815.0,819.0,7.84,60000.0,8.0,14.0,0.0
0,10000.0,7.99,A,695.0,699.0,23.23,45527.0,10.0,18.0,0.0
0,14000.0,10.49,B,715.0,719.0,19.34,160000.0,12.0,20.0,0.0
1,6500.0,9.93,B,660.0,664.0,8.82,125000.0,8.0,15.0,1.0
0,3600.0,13.99,C,675.0,679.0,20.04,53000.0,6.0,8.0,0.0
0,16000.0,15.05,C,690.0,694.0,21.73,88000.0,9.0,11.0,0.0
0,6500.0,7.97,A,730.0,734.0,12.15,57100.0,10.0,11.0,0.0
1,8000.0,13.59,C,665.0,669.0,13.46,45000.0,8.0,13.0,0.0
0,10000.0,11.39,B,690.0,694.0,22.26,140000.0,10.0,22.0,0.0
0,6550.0,13.49,C,670.0,674.0,32.02,59000.0,16.0,28.0,1.0
0,11000.0,10.49,B,695.0,699.0,20.2,75500.0,11.0,28.0,0.0
0,2100.0,10.42,B,680.0,684.0,13.53,58000.0,8.0,17.0,0.0
0,30000.0,10.91,B,670.0,674.0,27.39,100648.0,14.0,27.0,0.0
1,25800.0,15.05,C,710.0,714.0,18.9,105600.0,12.0,29.0,0.0
0,38400.0,7.24,A,715.0,719.0,6.04,220000.0,14.0,25.0,0.0
0,10000.0,15.05,C,690.0,694.0,12.67,100000.0,8.0,15.0,0.0
0,16400.0,11.44,B,715.0,719.0,12.5,43200.0,17.0,27.0,1.0
0,18000.0,13.99,C,685.0,689.0,21.78,60000.0,9.0,19.0,0.0
0,15750.0,12.74,C,680.0,684.0,3.04,135000.0,10.0,25.0,1.0
1,10000.0,22.74,E,710.0,714.0,28.02,43000.0,15.0,17.0,1.0
0,2400.0,23.99,E,660.0,664.0,23.03,53000.0,13.0,26.0,1.0
1,21600.0,7.97,A,700.0,704.0,24.57,85000.0,16.0,34.0,0.0
0,8000.0,13.59,C,685.0,689.0,28.3,60000.0,12.0,34.0,1.0
0,30000.0,11.49,B,700.0,704.0,17.53,98000.0,11.0,16.0,0.0
0,10000.0,10.91,B,700.0,704.0,23.54,76000.0,9.0,15.0,0.0
0,17000.0,13.49,C,695.0,699.0,23.75,90000.0,15.0,22.0,1.0
0,8000.0,12.62,C,685.0,689.0,28.37,61000.0,21.0,34.0,0.0
0,14400.0,8.24,B,680.0,684.0,28.18,65000.0,13.0,27.0,0.0
0,10000.0,7.99,A,700.0,704.0,16.82,54000.0,15.0,28.0,0.0
0,6000.0,12.74,C,675.0,679.0,27.94,63000.0,14.0,21.0,0.0
0,8000.0,13.99,C,675.0,679.0,27.72,30000.0,13.0,30.0,1.0
0,7000.0,7.99,A,670.0,674.0,10.46,60000.0,8.0,17.0,0.0
0,10000.0,17.99,D,670.0,674.0,19.88,50000.0,10.0,14.0,0.0
0,4300.0,11.49,B,675.0,679.0,31.11,25000.0,11.0,15.0,0.0
0,4125.0,13.99,C,715.0,719.0,29.14,50000.0,14.0,24.0,0.0
0,2500.0,6.99,A,740.0,744.0,10.84,104000.0,9.0,22.0,1.0
0,10000.0,19.03,D,710.0,714.0,16.56,40000.0,4.0,5.0,0.0
1,16000.0,22.74,E,690.0,694.0,16.72,63000.0,16.0,32.0,2.0
0,4000.0,10.49,B,690.0,694.0,19.64,68000.0,17.0,24.0,1.0
1,40000.0,11.99,B,685.0,689.0,21.81,180000.0,15.0,27.0,1.0
0,2500.0,6.99,A,695.0,699.0,6.56,30000.0,4.0,17.0,0.0
1,35000.0,17.09,D,660.0,664.0,16.92,99392.0,8.0,15.0,1.0
0,12000.0,7.99,A,680.0,684.0,24.35,86000.0,28.0,58.0,2.0
0,10000.0,7.24,A,690.0,694.0,17.88,50000.0,11.0,20.0,0.0
0,20000.0,13.59,C,700.0,704.0,29.76,105000.0,15.0,30.0,0.0
1,4000.0,11.99,B,690.0,694.0,14.54,42000.0,7.0,10.0,0.0
1,35000.0,15.99,C,695.0,699.0,27.56,114000.0,21.0,54.0,2.0
0,30000.0,11.99,B,670.0,674.0,6.28,120000.0,8.0,25.0,0.0
0,8000.0,12.62,C,680.0,684.0,14.62,110000.0,26.0,33.0,2.0
0,6000.0,11.49,B,680.0,684.0,15.27,62000.0,12.0,30.0,1.0
0,13500.0,17.99,D,660.0,664.0,29.23,42000.0,15.0,23.0,0.0
0,11200.0,8.24,B,665.0,669.0,20.47,52000.0,25.0,34.0,0.0
0,2000.0,8.24,B,665.0,669.0,7.1,91500.0,5.0,8.0,0.0
1,9600.0,12.74,C,660.0,664.0,21.64,54000.0,18.0,29.0,2.0
0,10000.0,11.49,B,665.0,669.0,7.57,45000.0,8.0,13.0,0.0
0,8400.0,7.97,A,675.0,679.0,16.02,34000.0,4.0,12.0,0.0
1,8000.0,15.05,C,715.0,719.0,15.73,45000.0,12.0,18.0,1.0
0,16000.0,7.35,A,710.0,714.0,16.79,134000.0,19.0,35.0,1.0
0,9600.0,13.99,C,665.0,669.0,14.31,50000.0,10.0,15.0,0.0
0,4000.0,8.24,B,690.0,694.0,16.97,44000.0,13.0,37.0,0.0
0,9375.0,12.74,C,680.0,684.0,22.07,34000.0,13.0,15.0,2.0
0,10000.0,10.49,B,680.0,684.0,16.0,70000.0,6.0,32.0,0.0
0,4200.0,12.62,C,675.0,679.0,1.41,103000.0,6.0,8.0,1.0
0,3600.0,10.91,B,685.0,689.0,9.03,50000.0,4.0,23.0,0.0
1,9025.0,10.42,B,755.0,759.0,26.47,35000.0,4.0,17.0,0.0
0,16000.0,12.74,C,675.0,679.0,27.42,80000.0,16.0,39.0,0.0
1,26875.0,25.82,E,665.0,669.0,23.44,64000.0,7.0,8.0,1.0
0,35000.0,11.44,B,695.0,699.0,20.5,81000.0,6.0,18.0,0.0
0,15000.0,7.49,A,705.0,709.0,22.48,77000.0,18.0,34.0,0.0
0,5000.0,11.49,B,695.0,699.0,13.62,32000.0,12.0,17.0,0.0
0,19200.0,11.39,B,665.0,669.0,21.6,165000.0,16.0,39.0,0.0
1,35000.0,16.99,D,715.0,719.0,16.55,130000.0,17.0,38.0,1.0
1,6000.0,7.21,A,690.0,694.0,27.47,45000.0,30.0,43.0,1.0
0,5000.0,7.49,A,740.0,744.0,25.63,45000.0,11.0,30.0,1.0
0,10000.0,10.49,B,720.0,724.0,30.71,90000.0,18.0,38.0,0.0
0,10400.0,13.99,C,720.0,724.0,11.19,65000.0,10.0,10.0,1.0
0,31500.0,11.49,B,685.0,689.0,14.9,63010.0,7.0,10.0,0.0
0,12000.0,7.24,A,765.0,769.0,31.2,100000.0,23.0,35.0,0.0
0,5500.0,5.32,A,775.0,779.0,23.82,40000.0,13.0,28.0,0.0
0,16000.0,13.99,C,660.0,664.0,15.03,80000.0,11.0,18.0,0.0
0,4000.0,5.32,A,685.0,689.0,14.47,70000.0,9.0,21.0,0.0
1,3575.0,21.45,D,675.0,679.0,24.83,43500.0,12.0,35.0,3.0
0,12000.0,7.24,A,815.0,819.0,9.72,65667.0,18.0,37.0,3.0
0,30850.0,7.49,A,715.0,719.0,10.97,302000.0,16.0,23.0,0.0
0,5000.0,11.49,B,685.0,689.0,9.03,48000.0,7.0,17.0,0.0
1,17125.0,13.99,C,670.0,674.0,20.94,50000.0,12.0,26.0,0.0
0,4000.0,23.99,E,705.0,709.0,17.04,50000.0,7.0,15.0,1.0
0,5000.0,14.99,C,715.0,719.0,9.06,55000.0,5.0,18.0,0.0
1,35000.0,13.99,C,685.0,689.0,24.2,141000.0,9.0,27.0,0.0
0,2000.0,16.99,D,660.0,664.0,22.49,58000.0,21.0,39.0,0.0
0,26000.0,8.24,B,700.0,704.0,12.27,95000.0,10.0,20.0,0.0
0,8000.0,12.74,C,680.0,684.0,18.16,45000.0,9.0,18.0,1.0
0,35000.0,7.24,A,730.0,734.0,22.19,129000.0,14.0,21.0,1.0
1,16325.0,15.05,C,665.0,669.0,31.8,36000.0,10.0,26.0,0.0
1,4000.0,23.99,E,730.0,734.0,17.45,33000.0,7.0,19.0,1.0
1,16000.0,18.99,D,675.0,679.0,22.71,40000.0,8.0,15.0,1.0
0,12000.0,7.97,A,685.0,689.0,6.46,65000.0,7.0,32.0,0.0
0,20000.0,19.99,D,670.0,674.0,28.74,102000.0,15.0,24.0,0.0
0,5600.0,11.44,B,700.0,704.0,28.72,30000.0,10.0,11.0,2.0
0,9000.0,5.32,A,825.0,829.0,18.51,94000.0,7.0,15.0,1.0
0,11000.0,7.07,A,760.0,764.0,11.33,132000.0,9.0,29.0,0.0
0,1800.0,13.59,C,670.0,674.0,10.17,65000.0,12.0,16.0,0.0
0,32000.0,14.99,C,675.0,679.0,26.11,120000.0,18.0,26.0,2.0
0,11000.0,8.24,B,705.0,709.0,28.91,40000.0,16.0,27.0,0.0
0,6000.0,9.93,B,660.0,664.0,16.02,46428.0,7.0,15.0,0.0
0,7800.0,28.69,F,715.0,719.0,19.83,23000.0,5.0,7.0,0.0
0,17000.0,23.99,E,660.0,664.0,17.24,49000.0,11.0,16.0,2.0
0,12650.0,17.99,D,685.0,689.0,11.12,150000.0,7.0,8.0,1.0
0,10000.0,10.91,B,695.0,699.0,29.71,70000.0,8.0,15.0,0.0
0,5000.0,12.62,C,670.0,674.0,15.34,51000.0,8.0,15.0,0.0
0,25000.0,7.99,A,730.0,734.0,6.47,100000.0,5.0,7.0,0.0
0,18000.0,14.99,C,670.0,674.0,7.55,85000.0,11.0,11.0,2.0
0,15000.0,9.44,B,700.0,704.0,18.45,83000.0,14.0,34.0,1.0
0,20400.0,11.39,B,725.0,729.0,17.53,85000.0,9.0,14.0,0.0
0,10000.0,7.49,A,720.0,724.0,5.65,200000.0,8.0,15.0,0.0
0,12000.0,8.24,B,695.0,699.0,18.24,85000.0,14.0,19.0,0.0
1,16000.0,11.99,B,755.0,759.0,32.26,100000.0,21.0,36.0,1.0
0,13000.0,11.44,B,675.0,679.0,28.76,57000.0,15.0,24.0,0.0
1,40000.0,9.44,B,730.0,734.0,25.92,240000.0,15.0,30.0,0.0
0,3600.0,13.99,C,675.0,679.0,8.66,47000.0,7.0,29.0,2.0
1,6000.0,13.59,C,710.0,714.0,38.62,36384.0,9.0,16.0,1.0
1,35000.0,14.08,C,705.0,709.0,30.72,110000.0,14.0,22.0,1.0
1,18000.0,7.49,A,720.0,724.0,20.4,120000.0,21.0,34.0,0.0
0,10000.0,8.24,B,665.0,669.0,28.9,158000.0,7.0,16.0,0.0
0,6025.0,15.05,C,700.0,704.0,8.88,46350.0,11.0,27.0,0.0
0,4000.0,10.49,B,680.0,684.0,15.24,40000.0,11.0,12.0,0.0
0,7000.0,15.05,C,675.0,679.0,23.73,40000.0,17.0,23.0,0.0
0,7000.0,15.99,C,680.0,684.0,6.74,47000.0,4.0,6.0,0.0
1,12000.0,5.32,A,760.0,764.0,18.42,60000.0,7.0,15.0,0.0
1,10200.0,9.44,B,665.0,669.0,10.75,92000.0,8.0,21.0,0.0
0,12000.0,7.99,A,740.0,744.0,8.23,85000.0,9.0,33.0,1.0
0,13350.0,15.99,C,725.0,729.0,33.44,30000.0,17.0,28.0,0.0
1,20000.0,20.0,D,680.0,684.0,39.62,70000.0,9.0,17.0,0.0
0,28000.0,7.97,A,685.0,689.0,20.74,70000.0,7.0,26.0,0.0
0,15000.0,23.99,E,695.0,699.0,30.66,80000.0,18.0,22.0,2.0
0,15000.0,7.35,A,730.0,734.0,27.72,60000.0,5.0,16.0,0.0
0,10000.0,7.97,A,685.0,689.0,29.9,75000.0,18.0,34.0,1.0
0,24000.0,7.24,A,810.0,814.0,5.75,120000.0,6.0,7.0,1.0
0,34600.0,11.44,B,755.0,759.0,26.46,102960.0,15.0,27.0,0.0
0,3000.0,14.08,C,690.0,694.0,5.14,95000.0,6.0,15.0,1.0
0,28000.0,5.32,A,680.0,684.0,16.56,178000.0,12.0,23.0,1.0
0,40000.0,12.62,C,715.0,719.0,15.83,110000.0,9.0,18.0,0.0
0,10000.0,16.99,D,695.0,699.0,23.98,35000.0,10.0,12.0,0.0
0,12000.0,13.99,C,680.0,684.0,12.6,105000.0,11.0,14.0,0.0
1,5000.0,13.59,C,710.0,714.0,21.56,58000.0,11.0,40.0,2.0
1,10000.0,8.24,B,670.0,674.0,18.97,62000.0,10.0,31.0,1.0
0,36350.0,7.24,A,680.0,684.0,9.88,210000.0,11.0,46.0,0.0
0,27000.0,10.49,B,700.0,704.0,15.57,80000.0,8.0,20.0,0.0
0,25000.0,7.24,A,710.0,714.0,63.8,36000.0,12.0,42.0,0.0
0,8000.0,7.49,A,725.0,729.0,12.7,93000.0,24.0,41.0,0.0
0,3000.0,13.99,C,660.0,664.0,4.94,34000.0,8.0,14.0,0.0
0,7200.0,13.49,C,710.0,714.0,35.86,47900.0,8.0,19.0,0.0
0,6000.0,8.24,B,660.0,664.0,15.24,48000.0,9.0,20.0,2.0
1,15000.0,11.99,B,700.0,704.0,13.03,36000.0,9.0,14.0,0.0
1,12000.0,13.99,C,705.0,709.0,5.46,37596.0,3.0,5.0,0.0
0,40000.0,5.32,A,840.0,844.0,5.39,500000.0,19.0,39.0,0.0
0,12000.0,7.24,A,700.0,704.0,23.54,80000.0,21.0,23.0,1.0
0,1200.0,11.49,B,685.0,689.0,12.81,65000.0,11.0,22.0,2.0
0,15900.0,16.99,D,675.0,679.0,26.76,50000.0,8.0,36.0,0.0
0,7300.0,18.06,D,660.0,664.0,15.95,24000.0,9.0,20.0,0.0
0,8000.0,8.24,B,660.0,664.0,12.14,72000.0,10.0,23.0,1.0
0,35000.0,10.91,B,665.0,669.0,11.92,208000.0,6.0,12.0,0.0
0,10000.0,11.49,B,690.0,694.0,17.18,100000.0,15.0,44.0,1.0
0,5000.0,5.32,A,745.0,749.0,14.82,80000.0,13.0,29.0,1.0
1,2500.0,15.99,C,695.0,699.0,6.95,130000.0,10.0,20.0,0.0
1,5000.0,15.99,C,690.0,694.0,23.1,40000.0,9.0,18.0,2.0
0,25675.0,10.49,B,740.0,744.0,19.32,60000.0,5.0,13.0,0.0
0,12000.0,5.32,A,685.0,689.0,14.43,200000.0,13.0,48.0,2.0
0,15000.0,11.99,B,760.0,764.0,18.96,75000.0,7.0,12.0,1.0
0,6600.0,6.99,A,705.0,709.0,16.25,52000.0,11.0,36.0,0.0
1,7500.0,13.59,C,680.0,684.0,16.28,43500.0,6.0,6.0,0.0
0,10000.0,10.42,B,700.0,704.0,12.26,60000.0,18.0,39.0,0.0
1,9000.0,15.05,C,710.0,714.0,13.73,64000.0,4.0,5.0,0.0
0,18000.0,7.97,A,740.0,744.0,21.74,72600.0,24.0,36.0,0.0
0,24000.0,16.99,D,690.0,694.0,23.83,97000.0,13.0,22.0,1.0
0,3600.0,13.49,C,675.0,679.0,26.22,39000.0,9.0,13.0,0.0
0,2025.0,23.88,E,675.0,679.0,11.1,36960.0,9.0,19.0,3.0
0,35000.0,8.24,B,665.0,669.0,6.37,292000.0,16.0,34.0,0.0
1,5000.0,11.49,B,680.0,684.0,20.8,60000.0,13.0,21.0,0.0
0,1275.0,7.49,A,725.0,729.0,30.86,60000.0,14.0,27.0,2.0
0,8000.0,7.49,A,685.0,689.0,10.1,65000.0,18.0,33.0,0.0
0,15000.0,10.49,B,695.0,699.0,16.68,90000.0,24.0,51.0,1.0
0,14400.0,13.49,C,760.0,764.0,23.4,180000.0,12.0,34.0,3.0
0,14400.0,8.24,B,670.0,674.0,10.46,113000.0,11.0,29.0,0.0
1,12500.0,11.39,B,730.0,734.0,17.69,60000.0,8.0,9.0,0.0
1,7000.0,7.97,A,705.0,709.0,3.97,115000.0,14.0,20.0,1.0
1,25000.0,21.45,D,700.0,704.0,1.8,40000.0,6.0,6.0,1.0
0,3700.0,11.49,B,765.0,769.0,6.78,40000.0,10.0,42.0,0.0
0,2000.0,7.35,A,685.0,689.0,21.62,60000.0,8.0,24.0,2.0
0,3025.0,11.39,B,670.0,674.0,2.93,64000.0,4.0,9.0,1.0
1,5000.0,12.62,C,660.0,664.0,23.56,30000.0,10.0,10.0,1.0
0,7000.0,7.24,A,725.0,729.0,19.25,50000.0,7.0,21.0,0.0
0,3500.0,6.99,A,710.0,714.0,22.37,48500.0,25.0,48.0,0.0
0,12000.0,11.39,B,690.0,694.0,10.08,108000.0,9.0,10.0,0.0
0,4500.0,10.91,B,770.0,774.0,14.35,65000.0,7.0,19.0,0.0
0,6000.0,11.49,B,680.0,684.0,13.42,105000.0,13.0,41.0,0.0
0,34000.0,24.74,E,685.0,689.0,20.95,85000.0,11.0,22.0,0.0
0,12000.0,7.99,A,740.0,744.0,13.74,125000.0,19.0,22.0,0.0
0,22875.0,15.99,C,675.0,679.0,12.25,52000.0,13.0,22.0,0.0
0,10000.0,12.62,C,685.0,689.0,13.26,60000.0,7.0,12.0,0.0
0,10000.0,11.44,B,695.0,699.0,23.52,65000.0,14.0,26.0,2.0
0,7000.0,7.21,A,695.0,699.0,24.24,75000.0,15.0,40.0,1.0
1,16000.0,15.05,C,660.0,664.0,26.47,70000.0,16.0,32.0,2.0
0,6000.0,12.74,C,730.0,734.0,18.14,43000.0,7.0,8.0,1.0
0,13200.0,12.74,C,695.0,699.0,17.87,120000.0,4.0,14.0,0.0
0,15000.0,7.35,A,700.0,704.0,22.8,120000.0,16.0,37.0,1.0
0,3175.0,12.74,C,730.0,734.0,27.16,38000.0,11.0,26.0,0.0
0,10000.0,8.24,B,660.0,664.0,10.78,65600.0,5.0,11.0,0.0
0,20000.0,13.59,C,660.0,664.0,9.2,118000.0,10.0,10.0,0.0
0,15000.0,11.44,B,660.0,664.0,7.36,65000.0,8.0,19.0,1.0
0,9000.0,10.42,B,700.0,704.0,19.37,48333.0,5.0,22.0,0.0
1,13200.0,11.49,B,675.0,679.0,5.55,65000.0,5.0,6.0,0.0
0,6000.0,7.97,A,780.0,784.0,13.0,35000.0,11.0,24.0,0.0
0,16000.0,8.24,B,690.0,694.0,15.95,140000.0,9.0,28.0,0.0
0,1650.0,13.49,C,670.0,674.0,19.51,43000.0,14.0,38.0,1.0
0,8700.0,9.44,B,705.0,709.0,9.59,100000.0,8.0,21.0,1.0
0,2500.0,13.49,C,665.0,669.0,31.04,42000.0,6.0,23.0,1.0
1,4000.0,16.99,D,660.0,664.0,13.79,30000.0,7.0,19.0,2.0
0,6475.0,11.49,B,725.0,729.0,18.65,28000.0,8.0,14.0,0.0
0,7000.0,11.49,B,675.0,679.0,33.13,48000.0,12.0,33.0,0.0
0,8100.0,12.74,C,680.0,684.0,15.34,65000.0,9.0,12.0,0.0
0,5000.0,8.24,B,685.0,689.0,19.64,90000.0,10.0,29.0,1.0
0,21000.0,11.39,B,675.0,679.0,20.28,131000.0,13.0,29.0,0.0
0,5000.0,12.74,C,720.0,724.0,7.0,19200.0,8.0,8.0,0.0
0,20000.0,9.93,B,695.0,699.0,23.98,110000.0,19.0,33.0,0.0
0,28800.0,7.99,A,690.0,694.0,3.46,330000.0,15.0,32.0,0.0
0,2000.0,10.49,B,670.0,674.0,14.81,50000.0,7.0,13.0,0.0
0,1500.0,11.49,B,695.0,699.0,12.65,80000.0,16.0,26.0,1.0
1,18000.0,14.08,C,785.0,789.0,4.63,120000.0,12.0,14.0,0.0
0,12000.0,11.49,B,695.0,699.0,12.13,116000.0,25.0,40.0,1.0
1,24000.0,13.49,C,680.0,684.0,27.88,60000.0,17.0,29.0,2.0
0,15000.0,8.24,B,740.0,744.0,7.72,120000.0,8.0,18.0,1.0
0,6000.0,7.97,A,710.0,714.0,22.26,102595.0,8.0,13.0,0.0
0,3000.0,7.99,A,705.0,709.0,17.26,34000.0,4.0,6.0,0.0
1,4300.0,9.93,B,690.0,694.0,20.28,38000.0,6.0,9.0,1.0
1,35000.0,11.99,B,720.0,724.0,12.87,150000.0,12.0,24.0,1.0
0,4000.0,8.24,B,675.0,679.0,23.7,70000.0,11.0,28.0,0.0
1,6000.0,8.24,B,720.0,724.0,4.78,47000.0,4.0,6.0,2.0
1,12000.0,17.99,D,685.0,689.0,21.95,50000.0,6.0,10.0,2.0
1,3600.0,15.99,C,680.0,684.0,34.19,86000.0,13.0,31.0,1.0
1,25000.0,10.91,B,715.0,719.0,10.63,70000.0,12.0,14.0,1.0
1,7975.0,11.49,B,710.0,714.0,19.83,53489.0,17.0,23.0,2.0
0,35000.0,15.99,C,690.0,694.0,23.77,210000.0,27.0,52.0,1.0
0,6500.0,10.42,B,665.0,669.0,5.18,35000.0,2.0,14.0,2.0
0,7200.0,13.49,C,675.0,679.0,9.08,55000.0,8.0,12.0,0.0
0,30000.0,12.74,C,665.0,669.0,8.62,125000.0,6.0,15.0,0.0
0,5400.0,14.99,C,685.0,689.0,21.78,22000.0,8.0,9.0,1.0
0,26400.0,11.44,B,670.0,674.0,9.8,71500.0,21.0,39.0,0.0
1,40000.0,10.49,B,705.0,709.0,6.93,210000.0,13.0,20.0,0.0
0,8500.0,9.93,B,675.0,679.0,9.59,155000.0,9.0,28.0,0.0
1,22400.0,17.99,D,670.0,674.0,12.58,75000.0,9.0,16.0,0.0
0,4000.0,11.49,B,730.0,734.0,20.33,31000.0,11.0,11.0,1.0
0,10000.0,9.93,B,680.0,684.0,12.02,87000.0,11.0,40.0,0.0
0,7800.0,13.59,C,685.0,689.0,14.86,53000.0,6.0,9.0,0.0
0,6800.0,13.99,C,665.0,669.0,21.12,65000.0,11.0,24.0,2.0
0,9600.0,8.24,B,770.0,774.0,20.42,65000.0,8.0,8.0,1.0
0,35000.0,15.99,C,665.0,669.0,22.59,118961.62,29.0,58.0,1.0
1,5025.0,21.45,D,710.0,714.0,11.23,14000.0,5.0,5.0,1.0
0,9000.0,15.99,C,685.0,689.0,14.87,33000.0,8.0,12.0,0.0
0,7000.0,12.74,C,675.0,679.0,20.86,50000.0,10.0,32.0,0.0
0,10000.0,18.99,D,660.0,664.0,30.43,39000.0,9.0,15.0,0.0
0,6000.0,7.07,A,740.0,744.0,14.5,36000.0,4.0,6.0,0.0
1,8000.0,14.08,C,695.0,699.0,18.65,48000.0,16.0,17.0,1.0
0,5000.0,13.59,C,675.0,679.0,2.71,35360.0,19.0,28.0,0.0
0,10200.0,15.05,C,700.0,704.0,25.89,54000.0,13.0,38.0,0.0
0,9600.0,12.74,C,740.0,744.0,23.59,27835.01,10.0,11.0,0.0
0,24000.0,9.93,B,800.0,804.0,17.8,95000.0,6.0,9.0,0.0
0,7000.0,11.99,B,670.0,674.0,19.93,85000.0,17.0,36.0,1.0
0,12000.0,10.49,B,710.0,714.0,27.12,32000.0,15.0,19.0,0.0
0,17250.0,23.99,E,670.0,674.0,25.2,40000.0,10.0,10.0,1.0
0,5000.0,12.74,C,705.0,709.0,25.13,41544.0,6.0,16.0,0.0
0,21000.0,10.42,B,740.0,744.0,13.85,161468.0,10.0,29.0,1.0
1,9225.0,10.91,B,680.0,684.0,9.23,52000.0,21.0,25.0,1.0
0,40000.0,7.99,A,705.0,709.0,18.86,175000.0,20.0,41.0,0.0
0,1000.0,19.99,D,665.0,669.0,11.06,100000.0,16.0,35.0,1.0
0,14650.0,7.35,A,795.0,799.0,16.74,195000.0,44.0,61.0,3.0
0,16000.0,14.99,C,675.0,679.0,13.52,117000.0,14.0,42.0,2.0
0,10000.0,18.99,D,690.0,694.0,25.07,44000.0,8.0,14.0,0.0
1,11275.0,24.85,E,675.0,679.0,21.42,40000.0,8.0,12.0,0.0
0,32000.0,10.91,B,685.0,689.0,26.63,117000.0,13.0,16.0,0.0
0,5000.0,11.44,B,685.0,689.0,10.92,29120.0,6.0,13.0,0.0
0,19000.0,6.99,A,720.0,724.0,25.62,132000.0,15.0,50.0,0.0
0,40000.0,7.24,A,690.0,694.0,12.04,260000.0,8.0,19.0,0.0
0,4000.0,21.45,D,670.0,674.0,9.8,65000.0,9.0,13.0,3.0
0,6000.0,13.49,C,695.0,699.0,15.82,35500.0,4.0,4.0,0.0
1,6000.0,10.42,B,660.0,664.0,21.49,60000.0,20.0,40.0,0.0
0,8400.0,10.91,B,690.0,694.0,34.03,33996.0,6.0,23.0,0.0
1,5000.0,19.03,D,680.0,684.0,41.61,58950.0,21.0,36.0,0.0
0,7200.0,14.08,C,665.0,669.0,9.85,250000.0,23.0,36.0,2.0
0,13000.0,7.97,A,705.0,709.0,9.84,100000.0,15.0,19.0,3.0
0,16000.0,5.32,A,765.0,769.0,10.49,300000.0,27.0,40.0,0.0
1,6400.0,5.32,A,735.0,739.0,6.58,105000.0,8.0,19.0,0.0
1,4800.0,12.74,C,685.0,689.0,9.44,90000.0,21.0,30.0,1.0
0,6000.0,10.49,B,665.0,669.0,16.67,55000.0,18.0,43.0,0.0
0,15000.0,6.99,A,695.0,699.0,19.52,65000.0,7.0,12.0,0.0
0,8400.0,13.49,C,705.0,709.0,22.02,72774.0,8.0,22.0,0.0
1,32000.0,16.02,C,700.0,704.0,25.25,312000.0,21.0,34.0,2.0
0,21100.0,13.49,C,685.0,689.0,6.48,48000.0,4.0,10.0,0.0
0,4150.0,18.99,D,735.0,739.0,25.67,18000.0,13.0,13.0,1.0
0,5000.0,7.24,A,685.0,689.0,13.14,84500.0,9.0,39.0,0.0
1,5000.0,10.42,B,715.0,719.0,22.2,60000.0,8.0,19.0,1.0
1,13000.0,10.42,B,695.0,699.0,12.69,27000.0,2.0,3.0,0.0
0,5000.0,7.07,A,745.0,749.0,13.14,60000.0,3.0,8.0,1.0
0,8000.0,15.99,C,685.0,689.0,29.93,70000.0,15.0,23.0,0.0
0,10000.0,18.99,D,670.0,674.0,19.32,30000.0,17.0,20.0,1.0
1,19600.0,10.42,B,660.0,664.0,7.79,110000.0,18.0,19.0,1.0
0,1500.0,17.99,D,700.0,704.0,5.04,20000.0,13.0,15.0,0.0
0,20000.0,12.74,C,680.0,684.0,15.99,52000.0,7.0,34.0,0.0
0,24000.0,7.99,A,725.0,729.0,17.15,160000.0,11.0,27.0,1.0
0,13000.0,13.49,C,665.0,669.0,18.86,35000.0,10.0,13.0,0.0
0,20000.0,7.07,A,730.0,734.0,29.12,125000.0,19.0,50.0,0.0
0,10000.0,18.99,D,660.0,664.0,24.31,42000.0,10.0,20.0,1.0
0,30000.0,10.49,B,675.0,679.0,8.82,92000.0,4.0,14.0,1.0
0,25600.0,16.99,D,665.0,669.0,18.66,89000.0,27.0,39.0,1.0
1,5000.0,10.91,B,680.0,684.0,7.54,40560.0,4.0,6.0,0.0
1,7000.0,7.49,A,690.0,694.0,14.77,92000.0,8.0,25.0,2.0
0,11000.0,5.32,A,735.0,739.0,32.02,62100.0,12.0,20.0,1.0
1,10000.0,11.44,B,700.0,704.0,9.46,60000.0,14.0,20.0,3.0
0,9500.0,11.49,B,705.0,709.0,19.15,45000.0,7.0,12.0,0.0
1,28000.0,15.99,C,695.0,699.0,28.74,65000.0,10.0,18.0,1.0
0,8400.0,12.74,C,660.0,664.0,10.4,60000.0,4.0,21.0,0.0
0,7000.0,5.32,A,720.0,724.0,9.86,80000.0,8.0,18.0,0.0
0,3200.0,15.05,C,680.0,684.0,21.12,30000.0,7.0,15.0,1.0
0,5000.0,13.59,C,680.0,684.0,25.17,36000.0,9.0,18.0,1.0
0,12000.0,7.99,A,755.0,759.0,10.75,65000.0,9.0,17.0,1.0
0,2800.0,13.59,C,665.0,669.0,32.52,60000.0,22.0,32.0,0.0
0,22000.0,5.32,A,805.0,809.0,4.12,140000.0,10.0,30.0,0.0
0,40000.0,7.99,A,750.0,754.0,13.74,97000.0,11.0,23.0,1.0
0,2000.0,10.91,B,720.0,724.0,5.01,130000.0,5.0,16.0,0.0
0,24000.0,11.49,B,700.0,704.0,16.94,160000.0,14.0,23.0,0.0
0,2400.0,7.99,A,735.0,739.0,17.11,41925.0,4.0,8.0,0.0
0,10000.0,14.99,C,690.0,694.0,10.07,63500.0,7.0,20.0,0.0
0,15600.0,10.91,B,730.0,734.0,16.84,98000.0,10.0,15.0,0.0
0,21575.0,13.49,C,660.0,664.0,25.23,68500.0,21.0,47.0,2.0
0,18000.0,11.99,B,710.0,714.0,27.85,60000.0,12.0,30.0,1.0
1,2000.0,5.32,A,740.0,744.0,28.39,46000.0,20.0,29.0,0.0
0,29825.0,23.99,E,670.0,674.0,34.96,218500.0,35.0,60.0,3.0
0,25000.0,7.24,A,690.0,694.0,20.25,125000.0,16.0,21.0,0.0
1,7000.0,10.42,B,665.0,669.0,9.65,50000.0,11.0,12.0,0.0
0,4800.0,16.02,C,700.0,704.0,17.53,20000.0,4.0,7.0,0.0
0,15000.0,10.49,B,705.0,709.0,4.32,110000.0,6.0,12.0,0.0
1,14700.0,23.88,E,670.0,674.0,17.15,58000.0,8.0,12.0,0.0
0,15000.0,17.99,D,685.0,689.0,30.23,36000.0,13.0,20.0,0.0
0,16000.0,10.49,B,725.0,729.0,21.79,200000.0,20.0,48.0,1.0
0,20800.0,16.99,D,665.0,669.0,13.95,95000.0,24.0,36.0,0.0
0,3600.0,14.08,C,690.0,694.0,34.55,38000.0,12.0,34.0,1.0
0,11000.0,5.32,A,725.0,729.0,6.84,130000.0,15.0,31.0,0.0
0,20000.0,7.24,A,835.0,839.0,25.77,53000.0,13.0,35.0,0.0
0,9000.0,8.24,B,665.0,669.0,24.13,47500.0,20.0,29.0,0.0
1,2000.0,13.59,C,660.0,664.0,20.48,107000.0,15.0,23.0,0.0
0,8000.0,11.39,B,670.0,674.0,10.29,90000.0,10.0,23.0,0.0
0,6000.0,5.32,A,770.0,774.0,16.41,125000.0,24.0,65.0,1.0
0,7000.0,13.99,C,665.0,669.0,11.83,49000.0,6.0,7.0,1.0
1,3000.0,11.49,B,700.0,704.0,18.77,27000.0,11.0,14.0,1.0
0,15000.0,10.49,B,660.0,664.0,6.41,80000.0,8.0,11.0,0.0
0,4000.0,7.49,A,685.0,689.0,4.58,32000.0,5.0,10.0,0.0
0,12700.0,11.49,B,680.0,684.0,22.54,46000.0,15.0,26.0,0.0
1,12000.0,16.02,C,660.0,664.0,21.15,50000.0,18.0,29.0,2.0
1,8400.0,16.02,C,670.0,674.0,13.37,49000.0,5.0,5.0,0.0
1,1000.0,13.49,C,675.0,679.0,22.91,36000.0,9.0,24.0,0.0
0,2000.0,11.44,B,660.0,664.0,14.78,60000.0,9.0,13.0,0.0
0,2500.0,5.32,A,760.0,764.0,12.38,72000.0,8.0,17.0,0.0
1,8000.0,12.74,C,660.0,664.0,10.31,140000.0,15.0,21.0,1.0
0,25000.0,8.24,B,720.0,724.0,14.36,84000.0,12.0,27.0,1.0
0,15000.0,10.49,B,710.0,714.0,31.54,29000.0,14.0,23.0,1.0
0,3600.0,15.05,C,660.0,664.0,24.35,103000.0,17.0,55.0,0.0
0,5000.0,15.05,C,685.0,689.0,12.65,65000.0,14.0,23.0,1.0
0,6000.0,5.32,A,730.0,734.0,12.12,74300.0,11.0,19.0,1.0
0,28000.0,7.99,A,685.0,689.0,14.87,100000.0,16.0,21.0,0.0
0,40000.0,10.42,B,725.0,729.0,23.45,102555.0,13.0,25.0,0.0
1,5000.0,19.99,D,675.0,679.0,5.55,38000.0,6.0,22.0,0.0
1,8000.0,16.02,C,700.0,704.0,8.01,40000.0,8.0,14.0,0.0
0,10000.0,16.99,D,715.0,719.0,26.93,43000.0,14.0,26.0,0.0
1,9000.0,17.99,D,680.0,684.0,27.81,69000.0,10.0,18.0,1.0
0,12050.0,7.99,A,760.0,764.0,14.29,45000.0,9.0,10.0,0.0
0,5000.0,13.49,C,670.0,674.0,11.86,110000.0,14.0,17.0,0.0
1,35000.0,18.06,D,675.0,679.0,9.62,225000.0,6.0,9.0,0.0
0,21000.0,11.39,B,725.0,729.0,12.76,225000.0,12.0,18.0,1.0
0,14400.0,15.99,C,660.0,664.0,16.01,69000.0,10.0,14.0,0.0
0,40000.0,11.49,B,700.0,704.0,14.81,100000.0,9.0,28.0,0.0
0,18000.0,7.07,A,760.0,764.0,13.32,70000.0,12.0,19.0,1.0
0,8400.0,7.97,A,665.0,669.0,8.07,96000.0,13.0,22.0,0.0
0,5300.0,9.44,B,665.0,669.0,11.93,59952.0,9.0,16.0,0.0
1,35000.0,11.49,B,705.0,709.0,19.62,98000.0,19.0,38.0,0.0
0,35000.0,12.74,C,685.0,689.0,5.91,250000.0,5.0,10.0,1.0
1,10000.0,8.24,B,665.0,669.0,24.59,51000.0,12.0,17.0,0.0
0,25000.0,6.99,A,750.0,754.0,23.29,130000.0,13.0,32.0,0.0
1,20000.0,15.99,C,685.0,689.0,17.22,60000.0,6.0,7.0,1.0
1,25000.0,12.74,C,695.0,699.0,4.51,50000.0,2.0,2.0,0.0
0,2200.0,13.99,C,670.0,674.0,34.61,75000.0,11.0,27.0,0.0
1,35000.0,14.99,C,660.0,664.0,63.21,47000.0,22.0,39.0,0.0
0,4000.0,16.02,C,660.0,664.0,24.06,123400.0,25.0,44.0,0.0
0,8500.0,8.24,B,740.0,744.0,33.75,40000.0,9.0,13.0,0.0
1,2100.0,11.99,B,665.0,669.0,12.59,54000.0,13.0,17.0,2.0
0,8000.0,7.97,A,795.0,799.0,8.76,90000.0,12.0,32.0,0.0
1,8000.0,11.49,B,670.0,674.0,17.13,40000.0,10.0,28.0,1.0
1,24000.0,12.74,C,690.0,694.0,21.26,112000.0,22.0,26.0,0.0
0,30000.0,6.99,A,705.0,709.0,11.01,310000.0,18.0,46.0,1.0
0,12000.0,14.99,C,690.0,694.0,14.07,37450.0,8.0,8.0,0.0
0,7000.0,23.88,E,665.0,669.0,5.79,74000.0,8.0,25.0,2.0
0,35000.0,19.03,D,670.0,674.0,22.57,130000.0,14.0,25.0,2.0
0,4500.0,13.49,C,695.0,699.0,14.52,30000.0,24.0,24.0,0.0
0,6000.0,13.49,C,675.0,679.0,17.34,74000.0,13.0,22.0,1.0
0,15000.0,12.74,C,690.0,694.0,10.02,145000.0,8.0,15.0,0.0
1,16000.0,17.09,D,695.0,699.0,11.7,80000.0,9.0,12.0,1.0
0,5200.0,15.99,C,675.0,679.0,21.84,45000.0,12.0,21.0,2.0
0,13200.0,11.44,B,680.0,684.0,53.61,25000.0,8.0,18.0,1.0
1,17000.0,16.02,C,685.0,689.0,19.27,92000.0,12.0,29.0,0.0
0,1800.0,16.02,C,690.0,694.0,17.83,62000.0,13.0,19.0,3.0
0,9600.0,11.49,B,690.0,694.0,18.75,100000.0,21.0,29.0,0.0
0,15625.0,15.99,C,725.0,729.0,25.31,34000.0,5.0,8.0,0.0
0,8100.0,13.49,C,740.0,744.0,19.92,120000.0,14.0,41.0,3.0
0,9000.0,5.32,A,725.0,729.0,11.0,120000.0,13.0,28.0,2.0
0,13800.0,11.99,B,685.0,689.0,18.25,110000.0,14.0,23.0,0.0
0,20000.0,12.62,C,700.0,704.0,19.72,60000.0,9.0,24.0,0.0
1,10000.0,11.44,B,665.0,669.0,15.93,48000.0,6.0,17.0,0.0
0,35000.0,14.99,C,670.0,674.0,10.55,225000.0,9.0,30.0,1.0
1,16850.0,22.91,E,670.0,674.0,29.54,52000.0,18.0,23.0,1.0
0,21000.0,10.91,B,725.0,729.0,33.73,64000.0,29.0,36.0,0.0
0,8000.0,7.07,A,785.0,789.0,10.84,28000.0,14.0,23.0,0.0
1,32000.0,11.39,B,740.0,744.0,3.7,72000.0,4.0,5.0,0.0
0,11175.0,28.69,F,680.0,684.0,11.07,50000.0,6.0,11.0,2.0
0,20000.0,16.02,C,690.0,694.0,30.99,120000.0,20.0,29.0,0.0
0,40000.0,15.99,C,725.0,729.0,30.61,120000.0,16.0,24.0,0.0
0,20000.0,18.99,D,690.0,694.0,16.64,70000.0,14.0,26.0,1.0
1,12000.0,6.72,A,720.0,724.0,4.14,60000.0,14.0,25.0,3.0
0,10000.0,11.49,B,665.0,669.0,26.43,46000.0,9.0,24.0,0.0
1,5500.0,11.39,B,715.0,719.0,23.62,28000.0,10.0,21.0,2.0
0,3700.0,8.24,B,665.0,669.0,6.79,55161.0,8.0,15.0,2.0
1,15000.0,26.3,E,675.0,679.0,27.5,70000.0,16.0,25.0,0.0
1,21000.0,14.99,C,680.0,684.0,17.72,120000.0,20.0,37.0,0.0
0,9000.0,5.32,A,820.0,824.0,13.18,156000.0,13.0,27.0,1.0
0,9000.0,10.49,B,670.0,674.0,14.7,70000.0,15.0,27.0,1.0
0,8500.0,11.39,B,660.0,664.0,22.21,45600.0,8.0,40.0,0.0
0,12000.0,9.44,B,715.0,719.0,16.96,110000.0,20.0,30.0,1.0
0,2000.0,15.99,C,690.0,694.0,32.36,10000.0,8.0,21.0,1.0
1,5000.0,7.97,A,710.0,714.0,21.2,30000.0,9.0,16.0,1.0
1,5000.0,14.08,C,690.0,694.0,8.99,43500.0,11.0,21.0,0.0
1,6475.0,18.06,D,740.0,744.0,33.6,21000.0,23.0,25.0,1.0
0,7000.0,11.49,B,675.0,679.0,21.7,85000.0,14.0,41.0,0.0
0,5000.0,10.49,B,685.0,689.0,6.28,48000.0,24.0,28.0,0.0
0,8000.0,7.49,A,745.0,749.0,25.11,42000.0,10.0,18.0,0.0
0,9100.0,17.99,D,680.0,684.0,28.76,26000.0,46.0,59.0,3.0
0,7000.0,7.99,A,680.0,684.0,5.47,45000.0,4.0,5.0,0.0
0,10000.0,10.42,B,695.0,699.0,23.97,85000.0,14.0,25.0,1.0
0,6600.0,10.91,B,730.0,734.0,15.82,200000.0,18.0,33.0,0.0
0,5400.0,12.74,C,685.0,689.0,10.58,97000.0,8.0,22.0,2.0
0,4800.0,12.74,C,680.0,684.0,23.24,50000.0,12.0,23.0,1.0
1,29900.0,16.02,C,665.0,669.0,19.61,65000.0,15.0,30.0,0.0
1,9600.0,16.02,C,660.0,664.0,12.89,80000.0,13.0,33.0,4.0
0,40000.0,11.44,B,680.0,684.0,19.4,300000.0,8.0,10.0,0.0
0,8800.0,11.99,B,675.0,679.0,34.02,38000.0,12.0,22.0,1.0
1,15000.0,10.49,B,685.0,689.0,17.72,90000.0,20.0,28.0,0.0
0,8000.0,14.99,C,675.0,679.0,23.21,50000.0,6.0,15.0,0.0
1,8000.0,14.08,C,705.0,709.0,4.6,48000.0,31.0,42.0,0.0
0,10000.0,12.74,C,690.0,694.0,22.8,60000.0,17.0,35.0,0.0
0,10000.0,10.91,B,665.0,669.0,20.49,70000.0,5.0,13.0,0.0
0,5600.0,10.49,B,660.0,664.0,4.55,54000.0,4.0,13.0,0.0
0,5000.0,15.05,C,675.0,679.0,23.45,28000.0,6.0,10.0,0.0
1,30000.0,17.09,D,700.0,704.0,20.68,83000.0,10.0,12.0,0.0
1,10000.0,15.99,C,675.0,679.0,17.89,62000.0,12.0,39.0,0.0
0,8400.0,15.99,C,685.0,689.0,21.4,90000.0,13.0,19.0,0.0
0,4475.0,29.69,F,670.0,674.0,2.53,27000.0,5.0,15.0,0.0
0,6400.0,9.93,B,690.0,694.0,21.73,38000.0,12.0,21.0,0.0
0,12000.0,14.99,C,660.0,664.0,8.34,300000.0,19.0,30.0,0.0
0,8000.0,15.99,C,670.0,674.0,13.8,50000.0,6.0,19.0,3.0
0,12000.0,16.02,C,675.0,679.0,19.58,70000.0,10.0,23.0,0.0
1,6000.0,11.44,B,695.0,699.0,20.87,36000.0,7.0,12.0,0.0
0,9000.0,11.49,B,705.0,709.0,37.09,45000.0,20.0,32.0,3.0
1,25000.0,14.99,C,660.0,664.0,22.61,120000.0,14.0,38.0,3.0
1,14000.0,7.97,A,725.0,729.0,11.37,70000.0,9.0,19.0,1.0
0,4000.0,10.91,B,685.0,689.0,21.2,51000.0,6.0,10.0,0.0
0,14000.0,13.49,C,675.0,679.0,18.59,43000.0,12.0,21.0,1.0
0,10000.0,7.99,A,680.0,684.0,22.35,67000.0,18.0,28.0,0.0
0,3000.0,12.62,C,660.0,664.0,8.71,45000.0,10.0,38.0,0.0
0,35000.0,19.99,D,680.0,684.0,13.15,145000.0,13.0,47.0,4.0
1,20000.0,17.09,D,690.0,694.0,31.09,45000.0,11.0,18.0,0.0
0,19800.0,11.44,B,670.0,674.0,18.86,75000.0,10.0,21.0,0.0
0,7400.0,13.59,C,695.0,699.0,3.87,125000.0,8.0,24.0,1.0
0,8000.0,10.49,B,680.0,684.0,14.89,125000.0,10.0,22.0,0.0
1,29425.0,10.49,B,730.0,734.0,28.99,80000.0,10.0,31.0,2.0
0,10400.0,7.99,A,710.0,714.0,22.07,44000.0,9.0,11.0,0.0
1,20000.0,15.05,C,660.0,664.0,20.2,100000.0,9.0,14.0,0.0
0,30000.0,15.99,C,700.0,704.0,31.62,86752.0,13.0,54.0,1.0
0,5500.0,8.24,B,685.0,689.0,24.87,50000.0,38.0,71.0,0.0
0,12500.0,10.49,B,685.0,689.0,16.6,64000.0,8.0,10.0,1.0
0,23000.0,7.24,A,835.0,839.0,18.52,102000.0,9.0,17.0,0.0
0,22000.0,16.99,D,740.0,744.0,10.81,50000.0,6.0,7.0,2.0
0,4800.0,7.97,A,690.0,694.0,29.65,49780.0,12.0,21.0,0.0
0,10000.0,13.49,C,715.0,719.0,15.28,41000.0,4.0,29.0,0.0
0,7225.0,20.0,D,745.0,749.0,21.39,52000.0,8.0,13.0,1.0
1,10000.0,9.44,B,685.0,689.0,10.59,45000.0,12.0,16.0,0.0
0,22075.0,5.32,A,730.0,734.0,25.4,130000.0,24.0,38.0,0.0
0,20000.0,15.99,C,665.0,669.0,16.58,145300.0,14.0,40.0,2.0
1,15000.0,10.42,B,675.0,679.0,13.28,62000.0,5.0,18.0,0.0
0,4000.0,10.91,B,670.0,674.0,4.4,96200.0,4.0,19.0,0.0
0,4800.0,11.44,B,660.0,664.0,7.31,144000.0,3.0,6.0,0.0
0,7500.0,8.24,B,680.0,684.0,15.13,60000.0,32.0,53.0,0.0
0,4800.0,7.24,A,805.0,809.0,31.97,47000.0,12.0,22.0,0.0
0,6500.0,5.32,A,825.0,829.0,5.9,90955.0,6.0,27.0,0.0
0,15000.0,13.99,C,660.0,664.0,19.88,55000.0,16.0,22.0,0.0
0,8000.0,14.08,C,660.0,664.0,13.59,65000.0,11.0,33.0,3.0
0,20000.0,14.08,C,670.0,674.0,29.05,190000.0,30.0,55.0,0.0
0,30000.0,10.49,B,700.0,704.0,23.55,162000.0,15.0,23.0,0.0
0,7875.0,18.06,D,680.0,684.0,34.21,36000.0,5.0,16.0,1.0
1,13000.0,9.93,B,660.0,664.0,24.24,75000.0,11.0,18.0,0.0
1,5000.0,21.45,D,660.0,664.0,38.45,25000.0,23.0,26.0,0.0
0,5000.0,12.62,C,695.0,699.0,23.36,58000.0,22.0,46.0,1.0
0,8000.0,11.44,B,680.0,684.0,15.92,53000.0,13.0,25.0,2.0
0,5000.0,11.44,B,670.0,674.0,11.61,55000.0,10.0,33.0,0.0
0,24000.0,14.99,C,685.0,689.0,14.57,140000.0,21.0,36.0,1.0
1,28800.0,7.35,A,700.0,704.0,31.26,154000.0,23.0,49.0,1.0
0,5000.0,7.99,A,680.0,684.0,5.03,32000.0,11.0,13.0,1.0
0,8500.0,14.08,C,710.0,714.0,32.14,77252.0,9.0,26.0,0.0
1,8000.0,17.09,D,705.0,709.0,16.03,90000.0,6.0,10.0,0.0
0,24000.0,5.32,A,745.0,749.0,2.71,200000.0,10.0,30.0,0.0
0,26000.0,8.24,B,715.0,719.0,20.52,54000.0,12.0,19.0,0.0
1,15000.0,10.42,B,660.0,664.0,16.76,83000.0,7.0,16.0,0.0
0,4800.0,9.44,B,680.0,684.0,25.56,30000.0,7.0,14.0,1.0
0,6000.0,11.44,B,675.0,679.0,23.39,45000.0,10.0,19.0,0.0
1,3600.0,15.99,C,695.0,699.0,34.05,65000.0,13.0,18.0,1.0
0,3950.0,15.99,C,685.0,689.0,8.56,120000.0,8.0,12.0,1.0
0,12000.0,11.99,B,720.0,724.0,14.67,75000.0,11.0,23.0,2.0
0,12000.0,11.99,B,675.0,679.0,4.68,71520.0,6.0,7.0,1.0
0,6000.0,7.49,A,735.0,739.0,24.93,70000.0,9.0,22.0,0.0
0,8000.0,25.49,E,790.0,794.0,9.15,55900.0,6.0,18.0,1.0
0,15000.0,8.24,B,730.0,734.0,31.65,70000.0,28.0,49.0,0.0
1,30000.0,20.0,D,665.0,669.0,4.81,150000.0,9.0,17.0,0.0
1,13500.0,13.59,C,750.0,754.0,18.39,31000.0,10.0,25.0,0.0
1,8000.0,18.99,D,665.0,669.0,19.72,28000.0,7.0,9.0,0.0
0,6000.0,15.99,C,665.0,669.0,21.35,38000.0,20.0,29.0,0.0
0,12000.0,15.99,C,685.0,689.0,23.04,65000.0,17.0,29.0,0.0
0,4350.0,18.99,D,665.0,669.0,19.44,75000.0,7.0,15.0,0.0
0,10000.0,18.99,D,705.0,709.0,25.97,55000.0,10.0,18.0,1.0
0,15000.0,5.32,A,760.0,764.0,7.68,126900.0,9.0,24.0,0.0
0,2200.0,18.99,D,670.0,674.0,17.38,60000.0,10.0,21.0,1.0
1,35000.0,7.97,A,735.0,739.0,16.51,120000.0,6.0,13.0,1.0
0,5500.0,8.24,B,700.0,704.0,26.57,42000.0,13.0,67.0,0.0
0,5875.0,5.32,A,820.0,824.0,8.1,53948.0,6.0,9.0,1.0
0,5800.0,12.62,C,670.0,674.0,13.2,18000.0,7.0,7.0,0.0
0,12000.0,7.24,A,730.0,734.0,20.98,72000.0,15.0,26.0,1.0
0,10000.0,10.49,B,730.0,734.0,24.59,35000.0,16.0,28.0,0.0
0,9000.0,5.32,A,725.0,729.0,18.63,40000.0,12.0,27.0,0.0
1,5100.0,17.99,D,660.0,664.0,33.76,15000.0,7.0,32.0,0.0
0,12000.0,10.91,B,730.0,734.0,11.69,65000.0,5.0,5.0,1.0
0,22400.0,6.99,A,750.0,754.0,8.43,85000.0,12.0,33.0,0.0
0,2400.0,8.24,B,685.0,689.0,26.42,80000.0,17.0,26.0,0.0
0,10000.0,11.49,B,670.0,674.0,5.32,65000.0,4.0,9.0,0.0
1,6000.0,11.99,B,660.0,664.0,15.02,35000.0,13.0,18.0,1.0
0,30000.0,11.39,B,685.0,689.0,16.33,230000.0,18.0,24.0,1.0
0,15000.0,13.99,C,680.0,684.0,34.12,70000.0,7.0,18.0,0.0
1,15000.0,14.08,C,695.0,699.0,24.15,76000.0,8.0,21.0,1.0
0,18000.0,7.07,A,780.0,784.0,20.63,100000.0,25.0,39.0,1.0
0,2500.0,11.39,B,665.0,669.0,22.96,45000.0,10.0,30.0,0.0
0,4200.0,13.59,C,665.0,669.0,24.48,50000.0,26.0,45.0,1.0
1,10000.0,10.42,B,670.0,674.0,25.09,65000.0,26.0,51.0,0.0
0,25000.0,6.99,A,740.0,744.0,5.74,150000.0,16.0,27.0,0.0
1,35000.0,21.45,D,685.0,689.0,31.75,90000.0,15.0,38.0,0.0
0,10000.0,14.08,C,660.0,664.0,20.03,111178.0,16.0,46.0,4.0
0,24000.0,9.93,B,675.0,679.0,14.8,140000.0,15.0,36.0,0.0
0,14000.0,11.44,B,700.0,704.0,10.07,72300.0,10.0,29.0,0.0
1,14425.0,18.99,D,675.0,679.0,25.98,40000.0,14.0,20.0,0.0
0,12000.0,5.32,A,715.0,719.0,13.72,70000.0,13.0,30.0,0.0
1,23200.0,17.09,D,700.0,704.0,22.8,73000.0,10.0,17.0,0.0
0,9000.0,11.49,B,700.0,704.0,1.09,100000.0,5.0,33.0,0.0
1,30000.0,12.62,C,690.0,694.0,7.77,135000.0,5.0,16.0,0.0
1,10000.0,13.59,C,685.0,689.0,16.75,44000.0,10.0,26.0,1.0
0,7000.0,10.42,B,665.0,669.0,17.6,55000.0,12.0,25.0,0.0
0,23400.0,13.99,C,665.0,669.0,16.18,89000.0,8.0,22.0,0.0
0,23000.0,18.99,D,670.0,674.0,21.74,75000.0,10.0,19.0,0.0
0,16000.0,7.49,A,730.0,734.0,11.85,85000.0,6.0,18.0,1.0
0,28000.0,7.35,A,715.0,719.0,20.41,100000.0,30.0,46.0,0.0
0,5600.0,12.74,C,665.0,669.0,12.24,60000.0,11.0,23.0,0.0
1,15000.0,11.39,B,660.0,664.0,7.54,81000.0,8.0,31.0,0.0
0,35000.0,9.93,B,720.0,724.0,4.66,500000.0,7.0,16.0,1.0
0,15000.0,16.02,C,685.0,689.0,24.45,40000.0,7.0,9.0,0.0
1,27000.0,16.99,D,685.0,689.0,21.05,88200.0,8.0,22.0,0.0
0,10000.0,5.32,A,790.0,794.0,21.27,85700.0,12.0,23.0,0.0
0,15000.0,14.99,C,675.0,679.0,15.57,70000.0,5.0,9.0,1.0
0,23525.0,16.02,C,665.0,669.0,31.85,50000.0,11.0,26.0,0.0
1,6000.0,13.59,C,665.0,669.0,27.14,65000.0,16.0,20.0,2.0
0,6000.0,12.74,C,705.0,709.0,17.97,44417.0,9.0,10.0,0.0
0,2500.0,20.0,D,680.0,684.0,18.64,73000.0,12.0,19.0,0.0
0,9000.0,11.44,B,710.0,714.0,7.15,100000.0,3.0,6.0,0.0
0,1600.0,7.24,A,695.0,699.0,15.81,110000.0,10.0,25.0,0.0
0,13000.0,11.39,B,700.0,704.0,12.94,74000.0,6.0,13.0,3.0
0,5000.0,11.49,B,660.0,664.0,9.93,120000.0,9.0,16.0,2.0
0,4200.0,12.74,C,715.0,719.0,24.02,51866.0,5.0,6.0,0.0
0,12000.0,5.32,A,720.0,724.0,13.62,115000.0,15.0,48.0,0.0
0,25600.0,12.74,C,700.0,704.0,20.01,180000.0,12.0,37.0,0.0
0,5000.0,13.59,C,670.0,674.0,17.74,65000.0,14.0,32.0,2.0
1,16000.0,20.0,D,660.0,664.0,20.32,60000.0,10.0,19.0,0.0
1,2500.0,17.09,D,665.0,669.0,2.36,67000.0,4.0,12.0,1.0
0,14000.0,11.49,B,705.0,709.0,20.09,124000.0,11.0,20.0,0.0
0,6900.0,7.49,A,690.0,694.0,14.47,51000.0,8.0,11.0,0.0
0,30000.0,13.49,C,685.0,689.0,20.51,175000.0,17.0,27.0,0.0
0,21000.0,8.24,B,660.0,664.0,14.62,110000.0,14.0,15.0,1.0
0,20150.0,23.99,E,690.0,694.0,20.68,73000.0,16.0,17.0,1.0
0,15000.0,11.44,B,690.0,694.0,16.66,75000.0,8.0,9.0,0.0
1,16000.0,16.02,C,800.0,804.0,26.26,32000.0,5.0,11.0,0.0
0,35000.0,8.24,B,665.0,669.0,14.99,202900.0,35.0,44.0,0.0
0,3600.0,13.99,C,675.0,679.0,30.12,125000.0,22.0,40.0,0.0
1,15000.0,25.82,E,680.0,684.0,30.54,135000.0,14.0,21.0,3.0
0,20000.0,6.99,A,760.0,764.0,11.39,200000.0,10.0,15.0,2.0
0,5600.0,12.74,C,660.0,664.0,27.03,21000.0,6.0,14.0,0.0
1,10000.0,23.88,E,660.0,664.0,31.9,36000.0,18.0,28.0,0.0
0,25000.0,7.97,A,775.0,779.0,4.58,100000.0,10.0,23.0,1.0
1,20000.0,14.99,C,670.0,674.0,9.38,98000.0,17.0,27.0,2.0
0,35000.0,15.05,C,750.0,754.0,2.21,120000.0,3.0,10.0,0.0
0,4000.0,7.24,A,700.0,704.0,7.89,75000.0,8.0,12.0,0.0
0,23000.0,10.49,B,660.0,664.0,20.6,150000.0,22.0,33.0,0.0
1,19250.0,15.99,C,670.0,674.0,25.71,27000.0,22.0,50.0,1.0
0,8875.0,10.91,B,690.0,694.0,18.79,55500.0,8.0,25.0,2.0
0,6000.0,9.93,B,670.0,674.0,17.14,100000.0,10.0,21.0,0.0
0,20000.0,12.74,C,725.0,729.0,12.09,55000.0,13.0,34.0,1.0
1,15000.0,7.97,A,695.0,699.0,22.37,55000.0,8.0,21.0,2.0
1,10000.0,7.24,A,725.0,729.0,13.13,50000.0,5.0,24.0,0.0
1,5000.0,13.59,C,680.0,684.0,33.58,46000.0,15.0,24.0,0.0
0,20000.0,19.03,D,670.0,674.0,19.84,120000.0,12.0,20.0,1.0
1,3000.0,12.62,C,660.0,664.0,4.96,45000.0,8.0,20.0,0.0
0,8000.0,11.49,B,665.0,669.0,12.43,96000.0,14.0,32.0,0.0
0,12000.0,5.32,A,785.0,789.0,10.23,91896.0,11.0,37.0,1.0
1,10550.0,16.99,D,665.0,669.0,18.41,21120.0,7.0,10.0,0.0
0,5000.0,11.49,B,750.0,754.0,13.11,67580.0,7.0,8.0,2.0
0,1000.0,13.99,C,730.0,734.0,33.04,68000.0,12.0,38.0,1.0
0,15000.0,11.99,B,695.0,699.0,31.85,105500.0,18.0,32.0,1.0
0,12000.0,7.99,A,690.0,694.0,20.62,211000.0,17.0,65.0,2.0
0,20000.0,15.99,C,690.0,694.0,20.56,60000.0,9.0,51.0,2.0
0,12000.0,7.99,A,740.0,744.0,7.84,60000.0,9.0,57.0,0.0
0,25000.0,11.99,B,690.0,694.0,29.08,87250.0,13.0,20.0,0.0
1,6000.0,12.74,C,670.0,674.0,13.3,52000.0,6.0,24.0,1.0
0,8400.0,6.99,A,760.0,764.0,19.41,44449.0,18.0,29.0,0.0
0,15000.0,16.99,D,665.0,669.0,7.64,95000.0,23.0,54.0,2.0
0,5000.0,11.99,B,725.0,729.0,24.02,55000.0,14.0,20.0,0.0
0,4800.0,16.02,C,690.0,694.0,25.34,80000.0,12.0,14.0,1.0
1,3000.0,11.44,B,680.0,684.0,26.0,30000.0,8.0,9.0,0.0
0,3000.0,8.24,B,745.0,749.0,8.87,28000.0,3.0,5.0,0.0
0,9600.0,13.49,C,720.0,724.0,26.27,165000.0,11.0,28.0,0.0
0,35000.0,22.74,E,680.0,684.0,28.77,106000.0,11.0,17.0,0.0
0,18000.0,11.49,B,705.0,709.0,32.37,36000.0,14.0,23.0,0.0
0,8000.0,7.99,A,750.0,754.0,19.67,100000.0,15.0,32.0,1.0
1,9300.0,11.99,B,670.0,674.0,14.82,72500.0,13.0,14.0,0.0
0,16000.0,11.44,B,665.0,669.0,29.99,70000.0,23.0,27.0,0.0
0,30000.0,7.99,A,715.0,719.0,11.67,130000.0,7.0,10.0,0.0
0,9100.0,7.21,A,750.0,754.0,25.31,35000.0,13.0,17.0,0.0
1,18025.0,17.99,D,665.0,669.0,14.96,95000.0,10.0,24.0,2.0
0,10000.0,12.74,C,685.0,689.0,10.3,48000.0,6.0,9.0,1.0
0,8000.0,13.49,C,660.0,664.0,27.33,26000.0,5.0,8.0,0.0
0,15000.0,6.99,A,740.0,744.0,15.1,200000.0,13.0,21.0,0.0
1,13000.0,5.32,A,815.0,819.0,24.89,150000.0,25.0,47.0,1.0
0,19500.0,11.39,B,660.0,664.0,18.22,80000.0,31.0,48.0,0.0
0,11000.0,11.44,B,670.0,674.0,28.69,73500.0,11.0,26.0,0.0
0,21600.0,5.32,A,705.0,709.0,6.37,167000.0,5.0,15.0,0.0
0,40000.0,8.24,B,715.0,719.0,13.15,260000.0,24.0,36.0,0.0
0,10000.0,7.49,A,690.0,694.0,15.96,50000.0,6.0,10.0,0.0
0,16000.0,8.24,B,670.0,674.0,8.07,160000.0,8.0,17.0,0.0
0,28000.0,19.99,D,670.0,674.0,26.2,94000.0,19.0,46.0,1.0
0,12000.0,6.99,A,750.0,754.0,4.03,70005.0,10.0,27.0,1.0
0,14000.0,15.99,C,660.0,664.0,34.93,45000.0,8.0,18.0,0.0
0,13600.0,11.44,B,675.0,679.0,9.6,83000.0,11.0,25.0,4.0
0,35000.0,7.99,A,715.0,719.0,10.03,110000.0,12.0,19.0,0.0
0,24000.0,14.99,C,695.0,699.0,28.83,48000.0,15.0,15.0,0.0
0,19000.0,13.99,C,665.0,669.0,11.17,103000.0,9.0,13.0,0.0
0,5000.0,10.91,B,680.0,684.0,26.21,42178.0,15.0,27.0,1.0
1,20000.0,12.74,C,705.0,709.0,17.92,60000.0,6.0,16.0,0.0
0,12000.0,13.59,C,685.0,689.0,10.61,55100.0,2.0,10.0,0.0
0,3500.0,18.99,D,700.0,704.0,24.34,138000.0,20.0,34.0,1.0
0,8000.0,12.62,C,660.0,664.0,17.28,120000.0,8.0,21.0,0.0
0,5000.0,7.99,A,730.0,734.0,20.09,66000.0,19.0,33.0,0.0
0,12000.0,15.99,C,675.0,679.0,21.17,120000.0,10.0,25.0,2.0
0,5600.0,7.97,A,720.0,724.0,30.13,80000.0,13.0,25.0,0.0
1,1000.0,11.99,B,755.0,759.0,28.73,28531.0,6.0,11.0,0.0
0,7500.0,24.74,E,665.0,669.0,20.1,48000.0,6.0,12.0,0.0
0,14000.0,7.49,A,720.0,724.0,27.75,80000.0,12.0,28.0,1.0
0,2500.0,6.99,A,765.0,769.0,11.15,31200.0,6.0,15.0,0.0
0,7000.0,9.44,B,710.0,714.0,12.94,60000.0,14.0,16.0,0.0
0,7000.0,6.99,A,730.0,734.0,15.16,74000.0,14.0,22.0,0.0
0,17925.0,18.99,D,690.0,694.0,26.46,60000.0,12.0,33.0,0.0
0,9000.0,7.24,A,750.0,754.0,16.49,154400.0,13.0,26.0,0.0
1,23100.0,12.74,C,685.0,689.0,10.56,77000.0,11.0,30.0,0.0
0,7200.0,7.97,A,700.0,704.0,7.96,55000.0,5.0,13.0,0.0
0,2800.0,5.32,A,725.0,729.0,16.59,65000.0,12.0,25.0,1.0
0,9600.0,9.44,B,700.0,704.0,30.15,26554.0,12.0,15.0,0.0
0,10000.0,7.07,A,725.0,729.0,11.77,88000.0,6.0,16.0,0.0
0,15000.0,10.49,B,720.0,724.0,6.63,40000.0,5.0,8.0,0.0
1,5000.0,21.45,D,660.0,664.0,18.19,75000.0,9.0,12.0,0.0
0,14000.0,8.24,B,685.0,689.0,9.69,135000.0,10.0,20.0,1.0
0,4800.0,16.99,D,665.0,669.0,24.73,20000.0,4.0,30.0,0.0
0,35000.0,19.03,D,715.0,719.0,25.29,160000.0,10.0,28.0,1.0
0,16000.0,12.74,C,665.0,669.0,6.89,80000.0,8.0,11.0,0.0
0,6000.0,8.24,B,680.0,684.0,16.71,50000.0,10.0,33.0,0.0
0,35000.0,13.49,C,705.0,709.0,17.6,160000.0,9.0,19.0,3.0
0,10000.0,7.49,A,700.0,704.0,19.92,70000.0,20.0,26.0,0.0
0,4000.0,12.74,C,660.0,664.0,17.86,42400.0,12.0,12.0,1.0
1,5000.0,10.91,B,670.0,674.0,21.7,70000.0,8.0,9.0,0.0
1,6250.0,23.88,E,660.0,664.0,1.09,75000.0,10.0,37.0,1.0
0,3600.0,12.62,C,660.0,664.0,24.59,75000.0,12.0,29.0,1.0
1,16000.0,12.62,C,660.0,664.0,15.03,75000.0,15.0,27.0,0.0
0,9350.0,11.49,B,730.0,734.0,18.07,104000.0,11.0,29.0,0.0
0,12000.0,16.02,C,685.0,689.0,21.51,65000.0,13.0,18.0,0.0
0,24000.0,16.02,C,715.0,719.0,30.44,60000.0,21.0,53.0,3.0
1,5000.0,10.49,B,660.0,664.0,16.46,60000.0,11.0,23.0,2.0
0,3200.0,18.99,D,685.0,689.0,10.57,74000.0,8.0,55.0,2.0
0,2400.0,11.99,B,670.0,674.0,10.26,73000.0,14.0,22.0,1.0
1,25000.0,30.75,F,695.0,699.0,28.56,85000.0,12.0,26.0,0.0
0,7000.0,9.44,B,680.0,684.0,4.57,130000.0,6.0,8.0,0.0
1,35000.0,30.79,G,660.0,664.0,23.46,87000.0,14.0,25.0,0.0
0,8075.0,12.62,C,680.0,684.0,28.42,34000.0,12.0,15.0,0.0
0,16000.0,10.42,B,740.0,744.0,24.51,50000.0,17.0,27.0,0.0
0,16500.0,11.44,B,690.0,694.0,8.23,57616.0,9.0,18.0,0.0
0,31900.0,22.74,E,675.0,679.0,16.28,76000.0,10.0,23.0,0.0
1,28000.0,11.99,B,690.0,694.0,15.74,70000.0,17.0,35.0,1.0
1,35000.0,24.85,E,660.0,664.0,7.2,100000.0,6.0,8.0,1.0
1,16000.0,13.99,C,675.0,679.0,33.78,54000.0,10.0,14.0,1.0
0,30000.0,11.44,B,785.0,789.0,2.46,70000.0,2.0,12.0,0.0
0,12000.0,11.44,B,670.0,674.0,12.99,50000.0,9.0,23.0,0.0
0,7700.0,15.05,C,695.0,699.0,10.02,83000.0,8.0,18.0,1.0
0,4000.0,11.39,B,660.0,664.0,11.64,60000.0,8.0,11.0,1.0
0,12000.0,15.99,C,675.0,679.0,12.41,53000.0,15.0,31.0,0.0
0,5725.0,18.99,D,710.0,714.0,27.32,14370.0,13.0,13.0,0.0
0,12000.0,11.44,B,680.0,684.0,16.95,72800.0,15.0,29.0,0.0
0,33000.0,7.99,A,715.0,719.0,18.3,150000.0,13.0,33.0,1.0
0,10000.0,9.44,B,725.0,729.0,23.58,40000.0,13.0,24.0,0.0
1,18000.0,15.05,C,685.0,689.0,17.22,56000.0,27.0,50.0,2.0
0,2800.0,10.49,B,675.0,679.0,19.35,64000.0,9.0,22.0,0.0
1,7000.0,11.99,B,670.0,674.0,10.81,93000.0,11.0,23.0,0.0
0,20000.0,7.35,A,695.0,699.0,7.84,200000.0,12.0,29.0,0.0
0,9000.0,14.08,C,660.0,664.0,13.2,55000.0,14.0,23.0,0.0
1,2400.0,12.62,C,675.0,679.0,10.56,55000.0,5.0,11.0,0.0
0,1700.0,21.45,D,670.0,674.0,29.48,35700.0,17.0,25.0,2.0
0,16000.0,8.24,B,740.0,744.0,9.22,60000.0,8.0,15.0,0.0
0,6000.0,8.24,B,675.0,679.0,18.11,44000.0,12.0,12.0,0.0
1,8000.0,18.06,D,675.0,679.0,9.88,25500.0,5.0,13.0,0.0
0,10000.0,13.49,C,705.0,709.0,20.76,37000.0,10.0,26.0,0.0
0,16200.0,8.24,B,755.0,759.0,31.83,65000.0,10.0,15.0,0.0
1,5000.0,11.99,B,670.0,674.0,10.23,36000.0,4.0,11.0,0.0
1,9375.0,21.45,D,670.0,674.0,19.86,80000.0,5.0,12.0,0.0
0,35000.0,25.82,E,700.0,704.0,26.58,75000.0,15.0,24.0,1.0
0,5600.0,15.99,C,685.0,689.0,24.0,30000.0,9.0,13.0,0.0
0,3025.0,11.39,B,700.0,704.0,18.14,35000.0,10.0,13.0,0.0
0,8000.0,11.49,B,680.0,684.0,19.7,45000.0,9.0,25.0,0.0
0,1500.0,5.32,A,710.0,714.0,6.44,55000.0,5.0,10.0,0.0
0,8400.0,13.99,C,695.0,699.0,37.35,35000.0,9.0,20.0,0.0
0,15000.0,12.62,C,710.0,714.0,21.52,58000.0,20.0,25.0,3.0
0,25000.0,13.99,C,720.0,724.0,12.67,126000.0,16.0,25.0,0.0
0,40000.0,5.32,A,740.0,744.0,9.19,400000.0,16.0,28.0,0.0
1,5000.0,14.99,C,675.0,679.0,21.27,20200.0,6.0,8.0,1.0
0,9300.0,15.05,C,670.0,674.0,7.57,65000.0,22.0,25.0,1.0
0,5000.0,6.99,A,680.0,684.0,27.44,60000.0,21.0,31.0,0.0
0,8000.0,7.24,A,745.0,749.0,17.72,85000.0,13.0,35.0,1.0
1,2600.0,11.99,B,680.0,684.0,14.9,55000.0,9.0,18.0,0.0
0,9625.0,9.44,B,750.0,754.0,29.15,55000.0,9.0,24.0,0.0
0,31500.0,13.99,C,675.0,679.0,19.42,70000.0,9.0,30.0,2.0
1,35000.0,19.99,D,725.0,729.0,31.78,102000.0,8.0,16.0,0.0
0,12000.0,14.99,C,665.0,669.0,32.04,104000.0,21.0,31.0,1.0
0,8500.0,5.32,A,775.0,779.0,12.6,50000.0,16.0,34.0,0.0
0,7750.0,14.08,C,710.0,714.0,16.7,40000.0,16.0,36.0,1.0
0,3000.0,12.74,C,715.0,719.0,29.2,65000.0,10.0,27.0,0.0
1,5000.0,5.32,A,755.0,759.0,12.28,65000.0,5.0,18.0,0.0
0,7200.0,10.49,B,675.0,679.0,27.65,102000.0,9.0,19.0,0.0
1,17375.0,10.91,B,685.0,689.0,12.76,73000.0,10.0,16.0,3.0
0,14400.0,7.07,A,805.0,809.0,7.99,107000.0,15.0,27.0,1.0
1,20250.0,13.59,C,690.0,694.0,21.76,45000.0,8.0,10.0,0.0
0,2000.0,13.49,C,670.0,674.0,26.61,34000.0,13.0,22.0,1.0
0,12000.0,6.99,A,735.0,739.0,29.81,75000.0,15.0,22.0,1.0
0,9500.0,7.49,A,760.0,764.0,18.55,35000.0,5.0,30.0,0.0
1,6000.0,18.06,D,665.0,669.0,17.9,48000.0,15.0,25.0,0.0
0,13000.0,20.0,D,675.0,679.0,13.23,40100.0,8.0,15.0,0.0
0,8100.0,13.59,C,660.0,664.0,11.87,55000.0,11.0,18.0,1.0
0,14000.0,11.49,B,675.0,679.0,22.98,140000.0,11.0,13.0,1.0
0,10000.0,12.62,C,665.0,669.0,6.41,50000.0,10.0,19.0,0.0
0,5100.0,5.32,A,730.0,734.0,8.33,53000.0,9.0,24.0,0.0
0,18100.0,11.49,B,700.0,704.0,14.61,52000.0,9.0,15.0,1.0
0,14500.0,26.24,E,715.0,719.0,11.95,42286.0,13.0,26.0,2.0
0,9000.0,18.99,D,660.0,664.0,28.47,47300.0,10.0,21.0,1.0
1,30000.0,7.99,A,815.0,819.0,2.16,275000.0,7.0,23.0,2.0
1,20000.0,10.49,B,665.0,669.0,9.73,120000.0,14.0,26.0,1.0
0,17000.0,11.44,B,725.0,729.0,12.63,80000.0,5.0,6.0,1.0
1,9000.0,26.3,E,665.0,669.0,31.82,35000.0,7.0,12.0,0.0
0,19250.0,14.99,C,685.0,689.0,28.55,136000.0,24.0,73.0,0.0
1,35000.0,14.08,C,660.0,664.0,18.64,160000.0,18.0,44.0,1.0
1,7500.0,7.21,A,725.0,729.0,27.95,24000.0,6.0,17.0,0.0
1,2000.0,20.0,D,695.0,699.0,7.75,70000.0,6.0,22.0,1.0
0,3600.0,12.62,C,665.0,669.0,10.38,75000.0,10.0,14.0,0.0
1,21000.0,11.49,B,685.0,689.0,19.93,108000.0,16.0,28.0,3.0
0,13975.0,11.44,B,765.0,769.0,33.36,44496.0,15.0,24.0,0.0
1,16000.0,14.99,C,670.0,674.0,19.52,87000.0,12.0,24.0,1.0
1,5000.0,7.35,A,685.0,689.0,18.73,106000.0,15.0,31.0,0.0
0,2400.0,8.24,B,665.0,669.0,22.2,50000.0,7.0,11.0,0.0
1,11500.0,11.99,B,670.0,674.0,33.11,56000.0,14.0,26.0,0.0
0,25000.0,11.39,B,705.0,709.0,13.41,40000.0,8.0,8.0,0.0
0,8000.0,20.0,D,660.0,664.0,17.9,60000.0,14.0,20.0,0.0
0,4475.0,13.59,C,710.0,714.0,31.61,53000.0,14.0,24.0,0.0
0,15000.0,14.08,C,665.0,669.0,5.28,150000.0,5.0,8.0,1.0
0,1200.0,7.24,A,695.0,699.0,24.92,39000.0,8.0,20.0,1.0
0,20000.0,18.99,D,660.0,664.0,8.62,85000.0,7.0,9.0,0.0
0,3500.0,15.05,C,695.0,699.0,23.03,96000.0,15.0,37.0,0.0
0,40000.0,7.49,A,735.0,739.0,22.53,145000.0,15.0,44.0,0.0
0,7000.0,5.32,A,765.0,769.0,7.56,54000.0,9.0,14.0,0.0
0,10000.0,11.44,B,675.0,679.0,6.68,78000.0,10.0,13.0,1.0
0,3500.0,5.32,A,760.0,764.0,28.03,70000.0,13.0,27.0,0.0
0,8000.0,11.44,B,705.0,709.0,13.2,57000.0,6.0,9.0,1.0
0,6500.0,13.49,C,665.0,669.0,26.2,42000.0,6.0,13.0,0.0
0,8000.0,7.24,A,775.0,779.0,14.23,130000.0,11.0,17.0,0.0
0,12000.0,5.32,A,745.0,749.0,14.38,87700.0,21.0,47.0,0.0
0,12000.0,18.06,D,700.0,704.0,20.04,47965.0,13.0,20.0,0.0
0,30000.0,7.99,A,720.0,724.0,19.14,130000.0,31.0,52.0,1.0
0,5000.0,11.99,B,685.0,689.0,7.88,75000.0,6.0,17.0,0.0
1,5825.0,20.0,D,660.0,664.0,21.82,56821.76,12.0,22.0,5.0
0,3000.0,11.44,B,670.0,674.0,30.67,45000.0,10.0,18.0,1.0
0,15000.0,7.99,A,695.0,699.0,30.49,130000.0,19.0,33.0,0.0
0,7000.0,7.99,A,710.0,714.0,7.82,60000.0,13.0,28.0,0.0
0,7000.0,5.32,A,720.0,724.0,26.81,52000.0,21.0,48.0,0.0
1,15000.0,16.02,C,710.0,714.0,17.39,65000.0,14.0,18.0,1.0
1,9600.0,14.08,C,665.0,669.0,14.41,120000.0,7.0,14.0,0.0
0,15000.0,7.49,A,690.0,694.0,15.9,110000.0,26.0,36.0,0.0
0,2150.0,11.49,B,680.0,684.0,16.22,52000.0,12.0,23.0,0.0
1,16000.0,15.99,C,665.0,669.0,14.94,80000.0,13.0,15.0,0.0
0,13625.0,16.99,D,660.0,664.0,30.9,40000.0,8.0,16.0,0.0
0,20000.0,15.99,C,705.0,709.0,8.95,110000.0,10.0,15.0,2.0
1,4000.0,11.99,B,715.0,719.0,20.27,26000.0,6.0,6.0,2.0
1,6000.0,9.44,B,720.0,724.0,0.43,240000.0,6.0,7.0,1.0
0,23000.0,8.24,B,690.0,694.0,13.32,60000.0,9.0,32.0,1.0
1,3600.0,13.59,C,675.0,679.0,6.15,57000.0,7.0,28.0,0.0
0,8000.0,12.62,C,660.0,664.0,8.32,87000.0,10.0,15.0,0.0
0,15000.0,11.49,B,675.0,679.0,19.94,62000.0,6.0,16.0,0.0
1,28150.0,18.99,D,675.0,679.0,11.27,136346.0,9.0,17.0,0.0
0,35000.0,7.35,A,695.0,699.0,24.32,202000.0,14.0,39.0,0.0
0,15000.0,12.74,C,685.0,689.0,24.47,138260.0,11.0,17.0,0.0
0,2500.0,13.99,C,685.0,689.0,16.93,37000.0,11.0,23.0,1.0
0,9000.0,11.49,B,720.0,724.0,28.83,40000.0,16.0,38.0,0.0
1,15000.0,19.03,D,660.0,664.0,10.24,84000.0,4.0,8.0,1.0
0,10000.0,9.93,B,695.0,699.0,10.67,90500.0,26.0,47.0,0.0
1,7875.0,28.69,F,670.0,674.0,11.66,70000.0,9.0,26.0,2.0
0,8000.0,10.42,B,730.0,734.0,15.93,76897.0,8.0,27.0,1.0
0,24000.0,7.24,A,695.0,699.0,42.53,52000.0,13.0,25.0,0.0
0,20000.0,5.32,A,720.0,724.0,13.96,115000.0,10.0,30.0,2.0
0,8000.0,5.32,A,805.0,809.0,17.85,206000.0,9.0,39.0,0.0
0,2400.0,7.21,A,735.0,739.0,17.29,65000.0,12.0,21.0,0.0
0,5000.0,8.24,B,675.0,679.0,10.11,38000.0,6.0,21.0,0.0
1,6000.0,11.44,B,670.0,674.0,10.17,55000.0,3.0,8.0,0.0
0,4200.0,11.39,B,665.0,669.0,17.12,49000.0,7.0,21.0,0.0
0,1500.0,16.99,D,660.0,664.0,59.85,33000.0,14.0,23.0,2.0
1,30000.0,15.05,C,680.0,684.0,5.48,145000.0,5.0,7.0,0.0
0,15000.0,15.99,C,660.0,664.0,18.75,112000.0,15.0,23.0,0.0
0,25000.0,16.02,C,700.0,704.0,11.52,70000.0,23.0,28.0,1.0
0,13850.0,15.99,C,685.0,689.0,32.84,31500.0,12.0,29.0,0.0
1,40000.0,16.99,D,750.0,754.0,25.79,97700.0,17.0,24.0,0.0
0,7000.0,10.42,B,670.0,674.0,12.37,45000.0,12.0,27.0,0.0
0,10000.0,7.21,A,715.0,719.0,32.77,110000.0,20.0,37.0,1.0
1,10800.0,11.44,B,665.0,669.0,10.6,54000.0,10.0,27.0,1.0
0,12000.0,7.35,A,710.0,714.0,19.73,76000.0,13.0,20.0,0.0
0,20000.0,7.49,A,700.0,704.0,12.14,110000.0,13.0,50.0,2.0
0,10000.0,8.24,B,695.0,699.0,16.91,45000.0,12.0,22.0,0.0
0,3350.0,7.07,A,795.0,799.0,3.77,35000.0,9.0,31.0,0.0
0,10000.0,10.42,B,660.0,664.0,4.03,97500.0,9.0,12.0,0.0
1,2100.0,14.99,C,685.0,689.0,6.72,40000.0,3.0,5.0,0.0
0,9900.0,5.32,A,730.0,734.0,19.47,53000.0,10.0,22.0,0.0
0,17600.0,14.99,C,680.0,684.0,10.27,54000.0,8.0,34.0,0.0
0,5600.0,14.99,C,665.0,669.0,28.81,26000.0,7.0,13.0,0.0
0,1200.0,5.32,A,775.0,779.0,28.69,75000.0,12.0,22.0,2.0
0,4000.0,14.99,C,690.0,694.0,20.57,22000.0,7.0,13.0,0.0
1,5000.0,13.49,C,695.0,699.0,27.31,54000.0,6.0,15.0,0.0
0,11000.0,9.93,B,715.0,719.0,23.14,59600.0,20.0,44.0,1.0
1,12000.0,18.06,D,665.0,669.0,23.37,36000.0,8.0,18.0,0.0
0,1000.0,15.05,C,670.0,674.0,31.4,43000.0,10.0,27.0,0.0
0,7700.0,7.99,A,680.0,684.0,18.39,58000.0,18.0,22.0,0.0
0,6000.0,11.99,B,670.0,674.0,23.61,55000.0,11.0,13.0,1.0
0,10000.0,12.74,C,685.0,689.0,4.96,80000.0,6.0,10.0,0.0
0,7200.0,11.44,B,660.0,664.0,26.42,58000.0,7.0,15.0,0.0
1,5600.0,10.91,B,680.0,684.0,3.77,21000.0,4.0,16.0,1.0
1,11000.0,9.93,B,720.0,724.0,22.67,36000.0,5.0,15.0,0.0
0,40000.0,11.44,B,720.0,724.0,18.25,178000.0,14.0,22.0,2.0
0,3000.0,7.35,A,700.0,704.0,10.74,98000.0,12.0,17.0,0.0
0,20000.0,14.08,C,665.0,669.0,21.06,62000.0,9.0,18.0,0.0
0,20000.0,7.35,A,685.0,689.0,16.33,185000.0,12.0,36.0,0.0
1,35000.0,11.99,B,675.0,679.0,8.15,260000.0,12.0,29.0,1.0
1,33600.0,15.99,C,710.0,714.0,7.38,74000.0,7.0,24.0,0.0
0,13000.0,12.74,C,680.0,684.0,19.52,50000.0,7.0,10.0,1.0
0,6025.0,13.99,C,660.0,664.0,14.77,60230.0,13.0,19.0,3.0
0,27000.0,15.99,C,675.0,679.0,14.21,125000.0,7.0,19.0,1.0
1,18000.0,11.49,B,690.0,694.0,26.68,105525.0,9.0,18.0,0.0
1,9600.0,11.99,B,665.0,669.0,4.32,87439.0,8.0,13.0,0.0
0,10000.0,11.99,B,665.0,669.0,3.47,80000.0,8.0,14.0,2.0
0,9150.0,14.08,C,665.0,669.0,9.18,46000.0,6.0,6.0,1.0
0,1500.0,6.99,A,735.0,739.0,28.1,56000.0,9.0,19.0,1.0
0,1500.0,18.99,D,700.0,704.0,9.27,26538.0,8.0,11.0,0.0
0,32000.0,10.49,B,680.0,684.0,10.79,175000.0,11.0,28.0,1.0
0,1800.0,11.49,B,660.0,664.0,22.65,66000.0,7.0,20.0,1.0
0,3100.0,11.99,B,685.0,689.0,29.86,65000.0,19.0,43.0,0.0
0,12000.0,7.24,A,725.0,729.0,10.56,126000.0,16.0,27.0,0.0
0,2800.0,13.99,C,670.0,674.0,17.7,36000.0,4.0,13.0,0.0
0,15000.0,7.99,A,680.0,684.0,14.28,170000.0,7.0,16.0,0.0
0,3000.0,14.99,C,670.0,674.0,28.12,30000.0,11.0,13.0,0.0
1,20000.0,19.03,D,675.0,679.0,17.29,65000.0,14.0,19.0,0.0
1,28000.0,20.0,D,665.0,669.0,31.05,70000.0,24.0,30.0,1.0
1,14700.0,18.06,D,740.0,744.0,4.63,97895.0,8.0,12.0,1.0
0,20000.0,14.99,C,690.0,694.0,30.67,112000.0,19.0,32.0,0.0
0,17000.0,14.99,C,685.0,689.0,31.42,75000.0,10.0,29.0,0.0
1,3000.0,12.62,C,665.0,669.0,30.04,41000.0,11.0,13.0,0.0
0,14550.0,11.39,B,665.0,669.0,14.68,90000.0,8.0,17.0,0.0
0,6000.0,9.93,B,670.0,674.0,11.62,70000.0,4.0,11.0,0.0
0,1500.0,11.99,B,660.0,664.0,9.64,32000.0,11.0,19.0,1.0
0,20000.0,13.99,C,780.0,784.0,16.35,100000.0,8.0,14.0,0.0
0,1000.0,14.99,C,705.0,709.0,32.22,47779.5,9.0,16.0,1.0
0,5800.0,11.49,B,665.0,669.0,15.31,42000.0,7.0,20.0,0.0
0,12000.0,5.32,A,785.0,789.0,29.47,75000.0,8.0,15.0,0.0
0,8000.0,14.99,C,670.0,674.0,13.61,50000.0,10.0,41.0,1.0
0,19625.0,22.74,E,700.0,704.0,20.86,73000.0,15.0,25.0,0.0
0,29900.0,22.74,E,690.0,694.0,34.92,65000.0,17.0,29.0,1.0
0,7200.0,7.99,A,710.0,714.0,16.78,50000.0,12.0,19.0,0.0
0,12000.0,5.32,A,705.0,709.0,14.76,175000.0,15.0,37.0,0.0
1,9600.0,13.99,C,690.0,694.0,14.48,32000.0,4.0,4.0,0.0
1,8000.0,13.49,C,660.0,664.0,21.02,39000.0,17.0,32.0,1.0
0,15000.0,12.74,C,680.0,684.0,13.86,89000.0,17.0,27.0,1.0
1,24000.0,19.03,D,670.0,674.0,10.86,65000.0,11.0,22.0,1.0
0,6400.0,7.99,A,695.0,699.0,4.42,60000.0,9.0,18.0,0.0
0,8000.0,9.93,B,755.0,759.0,12.0,25000.0,12.0,14.0,0.0
0,20875.0,14.99,C,675.0,679.0,30.82,65000.0,7.0,26.0,0.0
0,15000.0,14.08,C,680.0,684.0,21.12,37000.0,9.0,21.0,0.0
0,34550.0,11.39,B,700.0,704.0,18.95,72000.0,14.0,31.0,0.0
1,15000.0,8.24,B,675.0,679.0,13.31,107000.0,5.0,13.0,0.0
0,3600.0,10.91,B,715.0,719.0,15.15,105000.0,12.0,22.0,0.0
0,5000.0,7.24,A,790.0,794.0,22.66,37500.0,8.0,15.0,0.0
1,19925.0,16.02,C,660.0,664.0,11.11,100000.0,19.0,35.0,0.0
1,4000.0,11.49,B,660.0,664.0,4.7,60000.0,6.0,13.0,0.0
0,12000.0,7.99,A,685.0,689.0,20.88,60000.0,14.0,32.0,1.0
1,9600.0,21.45,D,660.0,664.0,15.86,70000.0,6.0,25.0,0.0
0,4800.0,8.24,B,670.0,674.0,7.08,89000.0,9.0,14.0,0.0
0,5000.0,8.24,B,665.0,669.0,29.2,40000.0,19.0,20.0,0.0
0,14000.0,12.74,C,695.0,699.0,21.78,80000.0,9.0,28.0,0.0
1,9000.0,10.91,B,725.0,729.0,17.46,55000.0,16.0,21.0,1.0
1,18475.0,19.99,D,660.0,664.0,11.77,42000.0,5.0,22.0,0.0
0,20000.0,5.32,A,780.0,784.0,9.96,160000.0,5.0,14.0,0.0
1,9600.0,10.91,B,715.0,719.0,13.95,70000.0,7.0,20.0,0.0
0,9600.0,13.59,C,675.0,679.0,18.37,75000.0,14.0,31.0,1.0
1,6000.0,18.06,D,675.0,679.0,29.55,103500.0,14.0,29.0,0.0
0,20800.0,11.99,B,690.0,694.0,17.72,97000.0,18.0,31.0,0.0
0,15000.0,5.32,A,710.0,714.0,20.86,70000.0,15.0,32.0,0.0
0,7500.0,7.99,A,685.0,689.0,19.82,62000.0,13.0,37.0,0.0
0,16000.0,12.62,C,680.0,684.0,17.41,178000.0,9.0,26.0,1.0
1,8400.0,18.06,D,700.0,704.0,30.75,24000.0,10.0,14.0,0.0
0,10000.0,20.0,D,675.0,679.0,32.77,50000.0,11.0,23.0,1.0
1,4850.0,23.99,E,700.0,704.0,8.03,52000.0,6.0,14.0,1.0
0,20675.0,11.44,B,720.0,724.0,26.95,120000.0,10.0,19.0,0.0
0,13000.0,14.99,C,700.0,704.0,8.88,38000.0,3.0,6.0,1.0
0,35000.0,7.21,A,685.0,689.0,16.32,215000.0,15.0,30.0,0.0
0,15000.0,12.62,C,705.0,709.0,11.81,150000.0,6.0,18.0,0.0
0,15000.0,13.99,C,665.0,669.0,11.99,115000.0,8.0,10.0,2.0
0,12400.0,21.45,D,680.0,684.0,18.89,31000.0,5.0,9.0,1.0
0,9600.0,10.42,B,770.0,774.0,13.98,43000.0,5.0,14.0,0.0
1,30000.0,12.74,C,665.0,669.0,3.69,110000.0,8.0,27.0,0.0
0,7000.0,7.24,A,735.0,739.0,16.48,65000.0,9.0,25.0,0.0
0,10000.0,10.49,B,700.0,704.0,9.96,250000.0,16.0,23.0,0.0
0,5500.0,8.24,B,660.0,664.0,11.44,62000.0,7.0,12.0,0.0
0,2500.0,13.59,C,660.0,664.0,25.45,59000.0,16.0,40.0,1.0
1,8000.0,20.0,D,680.0,684.0,24.77,25000.0,6.0,7.0,0.0
1,8000.0,12.62,C,660.0,664.0,5.72,39000.0,16.0,36.0,2.0
1,10000.0,13.59,C,670.0,674.0,16.73,32000.0,5.0,18.0,1.0
0,26700.0,7.97,A,710.0,714.0,10.95,58000.0,7.0,11.0,0.0
0,3300.0,16.99,D,690.0,694.0,24.83,36000.0,13.0,14.0,0.0
1,40000.0,14.99,C,680.0,684.0,25.31,84000.0,18.0,28.0,0.0
0,4500.0,16.02,C,665.0,669.0,8.36,39000.0,7.0,14.0,0.0
0,35000.0,6.99,A,685.0,689.0,8.17,200000.0,15.0,28.0,0.0
0,12000.0,8.24,B,690.0,694.0,27.11,90000.0,21.0,31.0,0.0
0,23100.0,9.44,B,780.0,784.0,11.69,96000.0,11.0,23.0,0.0
0,8725.0,10.91,B,710.0,714.0,29.22,35000.0,18.0,23.0,2.0
0,5000.0,15.05,C,675.0,679.0,8.8,91000.0,9.0,30.0,2.0
0,8000.0,7.49,A,700.0,704.0,15.03,90000.0,13.0,26.0,1.0
1,20000.0,11.44,B,710.0,714.0,5.53,88302.0,6.0,6.0,0.0
0,35000.0,7.49,A,715.0,719.0,13.9,82000.0,5.0,11.0,0.0
0,5225.0,5.32,A,780.0,784.0,18.18,60000.0,7.0,24.0,0.0
0,8400.0,6.99,A,735.0,739.0,17.28,77500.0,15.0,25.0,0.0
0,12000.0,7.35,A,685.0,689.0,12.61,100000.0,13.0,23.0,0.0
0,4200.0,13.99,C,710.0,714.0,5.63,64000.0,3.0,18.0,0.0
0,10000.0,14.99,C,660.0,664.0,11.07,105000.0,8.0,22.0,0.0
0,40000.0,13.49,C,690.0,694.0,12.19,90000.0,9.0,20.0,0.0
0,19000.0,7.35,A,685.0,689.0,9.69,98000.0,8.0,19.0,0.0
0,21000.0,7.24,A,740.0,744.0,6.96,80000.0,17.0,23.0,0.0
0,18000.0,8.24,B,665.0,669.0,20.39,125000.0,14.0,28.0,0.0
0,10000.0,8.24,B,675.0,679.0,6.84,81120.0,8.0,10.0,0.0
0,8000.0,6.99,A,785.0,789.0,15.01,45000.0,4.0,14.0,0.0
0,24000.0,8.24,B,765.0,769.0,31.7,99918.0,22.0,50.0,0.0
0,5000.0,11.44,B,665.0,669.0,9.39,80000.0,10.0,12.0,2.0
1,15000.0,12.62,C,680.0,684.0,19.18,60000.0,14.0,24.0,1.0
0,3000.0,10.42,B,660.0,664.0,2.23,56000.0,7.0,16.0,0.0
0,15000.0,11.49,B,725.0,729.0,24.38,80000.0,18.0,37.0,0.0
0,8000.0,15.05,C,680.0,684.0,17.34,96000.0,30.0,52.0,0.0
0,8000.0,13.59,C,665.0,669.0,26.42,60000.0,11.0,19.0,2.0
1,35000.0,13.49,C,660.0,664.0,5.84,130000.0,16.0,43.0,0.0
0,15000.0,11.39,B,690.0,694.0,32.17,155000.0,18.0,56.0,1.0
0,3500.0,11.39,B,705.0,709.0,29.71,45000.0,20.0,28.0,0.0
0,20000.0,6.99,A,765.0,769.0,3.84,120000.0,14.0,34.0,0.0
0,35000.0,6.0,B,670.0,674.0,14.14,175000.0,20.0,32.0,1.0
1,20075.0,19.03,D,750.0,754.0,28.36,52000.0,9.0,18.0,3.0
0,6000.0,11.99,B,680.0,684.0,10.71,52000.0,15.0,28.0,0.0
0,7000.0,7.35,A,760.0,764.0,8.68,26000.0,8.0,18.0,0.0
0,10000.0,13.99,C,665.0,669.0,22.36,92000.0,17.0,23.0,0.0
0,3000.0,14.99,C,685.0,689.0,32.03,74000.0,11.0,17.0,0.0
0,3500.0,7.24,A,735.0,739.0,15.1,89000.0,12.0,31.0,0.0
1,13450.0,23.88,E,660.0,664.0,26.82,43000.0,16.0,25.0,0.0
1,10000.0,13.59,C,685.0,689.0,16.53,110000.0,6.0,57.0,1.0
0,8000.0,12.74,C,705.0,709.0,34.22,108000.0,24.0,49.0,0.0
0,5450.0,11.44,B,660.0,664.0,13.57,73000.0,8.0,19.0,0.0
0,14000.0,9.93,B,675.0,679.0,17.22,97500.0,9.0,19.0,0.0
0,20000.0,17.99,D,685.0,689.0,33.73,62000.0,29.0,46.0,0.0
0,15000.0,9.93,B,720.0,724.0,12.84,33000.0,6.0,7.0,0.0
0,2650.0,10.91,B,690.0,694.0,20.14,50700.0,13.0,28.0,2.0
0,5000.0,7.49,A,800.0,804.0,9.45,48000.0,10.0,20.0,0.0
0,24000.0,8.24,B,775.0,779.0,25.1,126500.0,14.0,36.0,0.0
1,9800.0,10.49,B,665.0,669.0,17.31,82000.0,14.0,28.0,0.0
0,20400.0,16.02,C,695.0,699.0,12.22,72000.0,14.0,20.0,3.0
1,8000.0,16.02,C,685.0,689.0,21.18,60000.0,9.0,14.0,0.0
1,9600.0,13.59,C,705.0,709.0,27.06,35000.0,10.0,12.0,1.0
1,5000.0,11.44,B,745.0,749.0,10.04,85000.0,9.0,18.0,2.0
0,5000.0,11.39,B,690.0,694.0,19.52,150000.0,16.0,29.0,1.0
0,9050.0,13.49,C,685.0,689.0,3.09,61000.0,29.0,32.0,0.0
0,25000.0,14.99,C,695.0,699.0,8.91,110000.0,11.0,26.0,0.0
1,24000.0,10.49,B,675.0,679.0,10.04,95000.0,12.0,13.0,1.0
0,20000.0,11.49,B,670.0,674.0,23.55,93400.0,13.0,19.0,1.0
0,15500.0,7.07,A,730.0,734.0,7.09,180000.0,10.0,26.0,0.0
0,20000.0,11.39,B,715.0,719.0,21.17,61000.0,13.0,27.0,0.0
0,8000.0,7.97,A,695.0,699.0,13.09,55000.0,5.0,7.0,0.0
0,6000.0,12.74,C,670.0,674.0,11.63,72000.0,5.0,18.0,0.0
0,15000.0,14.99,C,680.0,684.0,32.78,54400.0,9.0,21.0,0.0
0,4650.0,12.74,C,705.0,709.0,12.62,70000.0,13.0,17.0,2.0
1,3500.0,14.08,C,690.0,694.0,7.97,45000.0,15.0,29.0,2.0
0,4525.0,13.99,C,660.0,664.0,16.74,38000.0,5.0,11.0,1.0
0,12000.0,12.74,C,660.0,664.0,14.67,50000.0,3.0,6.0,1.0
1,18000.0,13.59,C,675.0,679.0,20.58,90000.0,13.0,16.0,1.0
0,15000.0,16.02,C,725.0,729.0,21.09,49000.0,12.0,16.0,0.0
0,4000.0,5.32,A,755.0,759.0,16.0,72000.0,7.0,20.0,0.0
0,14900.0,7.24,A,740.0,744.0,8.24,90480.0,4.0,12.0,0.0
0,20000.0,16.99,D,695.0,699.0,12.64,110000.0,9.0,16.0,0.0
1,9000.0,11.39,B,665.0,669.0,26.05,56800.0,12.0,19.0,1.0
1,28000.0,22.91,E,695.0,699.0,10.88,80000.0,10.0,13.0,0.0
0,30000.0,30.79,G,715.0,719.0,22.18,48000.0,19.0,20.0,0.0
0,12525.0,22.74,E,670.0,674.0,14.42,60000.0,10.0,15.0,1.0
1,16000.0,15.99,C,700.0,704.0,33.45,45000.0,12.0,28.0,0.0
0,6000.0,14.99,C,680.0,684.0,19.58,35000.0,15.0,27.0,1.0
1,6000.0,12.62,C,665.0,669.0,9.55,19600.0,3.0,7.0,0.0
0,8000.0,11.99,B,670.0,674.0,28.75,73000.0,16.0,28.0,0.0
0,9600.0,17.99,D,705.0,709.0,31.18,51000.0,17.0,29.0,0.0
0,10000.0,8.24,B,695.0,699.0,12.1,130000.0,5.0,11.0,0.0
0,10000.0,9.93,B,675.0,679.0,22.72,180000.0,11.0,33.0,1.0
0,10000.0,8.24,B,660.0,664.0,17.77,67000.0,9.0,38.0,0.0
0,10800.0,13.49,C,660.0,664.0,23.45,60000.0,22.0,25.0,0.0
0,5000.0,11.99,B,675.0,679.0,16.52,42500.0,7.0,9.0,1.0
1,6000.0,12.62,C,675.0,679.0,10.05,58008.0,14.0,20.0,1.0
0,1500.0,12.74,C,665.0,669.0,9.09,28000.0,9.0,28.0,0.0
0,8400.0,13.99,C,675.0,679.0,23.61,55000.0,18.0,27.0,1.0
0,30000.0,7.99,A,690.0,694.0,14.54,125000.0,7.0,13.0,0.0
0,4800.0,10.91,B,715.0,719.0,5.61,125000.0,8.0,10.0,2.0
1,2250.0,24.85,E,665.0,669.0,16.4,45088.0,8.0,11.0,0.0
0,8000.0,7.07,A,805.0,809.0,8.26,100000.0,7.0,22.0,0.0
1,7000.0,13.59,C,660.0,664.0,6.0,110000.0,10.0,21.0,2.0
0,8000.0,7.99,A,815.0,819.0,24.91,62000.0,16.0,24.0,0.0
0,21500.0,7.49,A,690.0,694.0,7.88,150000.0,8.0,26.0,1.0
1,10000.0,16.02,C,695.0,699.0,32.97,40000.0,42.0,74.0,2.0
0,20000.0,11.49,B,675.0,679.0,17.68,85000.0,9.0,14.0,2.0
1,6000.0,16.02,C,660.0,664.0,23.77,100000.0,14.0,26.0,1.0
0,5000.0,11.49,B,735.0,739.0,25.76,110000.0,14.0,32.0,0.0
1,4400.0,26.24,E,720.0,724.0,28.37,67500.0,11.0,16.0,1.0
1,9050.0,12.74,C,700.0,704.0,9.81,26677.84,2.0,13.0,0.0
0,9500.0,25.82,E,690.0,694.0,10.67,53000.0,10.0,16.0,1.0
0,10000.0,10.49,B,715.0,719.0,19.91,29000.0,12.0,24.0,0.0
0,16000.0,11.39,B,670.0,674.0,22.44,82000.0,23.0,53.0,1.0
0,21000.0,11.44,B,670.0,674.0,6.45,125000.0,8.0,12.0,1.0
0,15000.0,8.24,B,775.0,779.0,18.53,70000.0,10.0,16.0,0.0
0,8000.0,9.93,B,685.0,689.0,14.09,80000.0,12.0,21.0,0.0
1,21175.0,29.69,F,660.0,664.0,28.82,148250.0,33.0,40.0,1.0
0,16200.0,5.32,A,730.0,734.0,27.84,100000.0,13.0,37.0,1.0
0,16000.0,17.99,D,665.0,669.0,17.35,85000.0,12.0,17.0,1.0
0,3000.0,10.91,B,710.0,714.0,27.18,34000.0,6.0,19.0,0.0
0,4800.0,11.39,B,715.0,719.0,10.39,26000.0,5.0,7.0,0.0
1,6000.0,11.99,B,680.0,684.0,7.76,60000.0,11.0,31.0,2.0
0,22000.0,10.42,B,795.0,799.0,14.41,85000.0,15.0,30.0,0.0
0,16000.0,14.99,C,660.0,664.0,33.5,36477.0,10.0,14.0,0.0
0,7000.0,5.32,A,730.0,734.0,14.04,110000.0,17.0,28.0,2.0
0,11250.0,15.99,C,690.0,694.0,11.04,32000.0,9.0,9.0,1.0
0,7500.0,7.97,A,765.0,769.0,12.08,62000.0,6.0,35.0,0.0
1,7075.0,19.03,D,680.0,684.0,32.47,60000.0,16.0,28.0,1.0
0,28000.0,13.49,C,740.0,744.0,29.14,60000.0,12.0,19.0,0.0
0,20000.0,7.24,A,715.0,719.0,26.83,75000.0,15.0,22.0,0.0
0,18000.0,11.49,B,665.0,669.0,18.08,60000.0,9.0,23.0,0.0
1,4000.0,14.08,C,670.0,674.0,19.74,65000.0,11.0,17.0,2.0
0,6000.0,7.35,A,755.0,759.0,28.45,48000.0,8.0,16.0,2.0
0,5000.0,11.99,B,670.0,674.0,18.75,40000.0,14.0,18.0,0.0
0,3000.0,11.49,B,690.0,694.0,24.0,34000.0,9.0,19.0,0.0
1,20000.0,21.45,D,695.0,699.0,18.96,66000.0,10.0,17.0,1.0
1,2875.0,11.99,B,700.0,704.0,16.64,29000.0,9.0,11.0,1.0
0,29750.0,7.97,A,695.0,699.0,19.22,83000.0,11.0,23.0,0.0
0,6000.0,9.93,B,725.0,729.0,10.02,80000.0,15.0,26.0,3.0
0,6000.0,18.06,D,660.0,664.0,15.6,21000.0,11.0,15.0,1.0
0,12000.0,5.32,A,730.0,734.0,7.26,105000.0,9.0,25.0,0.0
0,25000.0,16.99,D,710.0,714.0,26.01,70000.0,11.0,22.0,0.0
0,3000.0,11.99,B,720.0,724.0,32.36,55000.0,21.0,28.0,0.0
0,6000.0,5.32,A,785.0,789.0,12.16,45000.0,7.0,10.0,0.0
1,11000.0,13.49,C,675.0,679.0,17.44,73000.0,12.0,38.0,1.0
1,35000.0,25.49,E,675.0,679.0,19.72,97500.0,20.0,36.0,0.0
0,30000.0,7.49,A,790.0,794.0,12.03,62000.0,16.0,22.0,0.0
0,8000.0,7.97,A,700.0,704.0,18.77,54855.0,16.0,54.0,0.0
0,4000.0,8.24,B,695.0,699.0,1.55,69000.0,5.0,17.0,0.0
1,8000.0,21.45,D,660.0,664.0,8.83,42400.0,11.0,12.0,1.0
0,8725.0,13.99,C,695.0,699.0,17.57,26500.0,10.0,12.0,0.0
0,3900.0,13.99,C,685.0,689.0,14.54,65000.0,11.0,26.0,1.0
0,6800.0,7.07,A,795.0,799.0,9.38,75000.0,6.0,10.0,0.0
0,7200.0,14.08,C,680.0,684.0,20.37,150000.0,23.0,34.0,0.0
0,8000.0,14.99,C,680.0,684.0,9.2,75000.0,13.0,34.0,0.0
1,4000.0,17.09,D,670.0,674.0,23.78,66000.0,19.0,30.0,1.0
0,6000.0,9.93,B,665.0,669.0,21.09,47000.0,12.0,29.0,0.0
0,21000.0,11.44,B,670.0,674.0,24.62,70000.0,11.0,19.0,0.0
0,9000.0,7.07,A,765.0,769.0,31.85,100000.0,16.0,29.0,0.0
0,3500.0,7.99,A,740.0,744.0,14.28,30000.0,8.0,10.0,0.0
1,7900.0,15.05,C,660.0,664.0,20.83,56000.0,8.0,22.0,0.0
0,4400.0,21.45,D,695.0,699.0,17.83,94000.0,20.0,30.0,2.0
0,18275.0,16.99,D,690.0,694.0,25.94,50900.0,11.0,24.0,0.0
0,16000.0,15.99,C,665.0,669.0,17.05,115000.0,9.0,25.0,2.0
0,20000.0,5.32,A,815.0,819.0,10.66,95000.0,14.0,29.0,0.0
0,10000.0,10.49,B,705.0,709.0,22.18,80000.0,25.0,51.0,0.0
0,30000.0,16.99,D,665.0,669.0,22.91,79000.0,27.0,33.0,0.0
0,20000.0,19.99,D,695.0,699.0,31.73,59000.0,16.0,28.0,2.0
0,7050.0,16.02,C,685.0,689.0,19.07,27000.0,11.0,15.0,0.0
0,7000.0,21.45,D,680.0,684.0,17.69,23000.0,6.0,6.0,0.0
1,7125.0,13.59,C,690.0,694.0,30.46,21000.0,12.0,25.0,0.0
0,10000.0,6.99,A,700.0,704.0,15.17,70000.0,7.0,29.0,0.0
1,11500.0,15.05,C,685.0,689.0,30.83,80000.0,8.0,12.0,0.0
0,5000.0,11.49,B,695.0,699.0,14.31,50000.0,7.0,13.0,1.0
1,10000.0,10.42,B,660.0,664.0,10.07,65000.0,14.0,16.0,0.0
0,20000.0,14.99,C,660.0,664.0,23.86,140000.0,22.0,45.0,0.0
1,8000.0,11.99,B,710.0,714.0,27.21,65000.0,18.0,34.0,1.0
0,5000.0,7.99,A,785.0,789.0,23.77,55000.0,15.0,16.0,1.0
0,21000.0,7.21,A,820.0,824.0,7.82,100000.0,9.0,12.0,0.0
0,13000.0,12.74,C,700.0,704.0,23.74,48695.65,11.0,33.0,0.0
1,10000.0,11.99,B,720.0,724.0,31.81,20000.0,14.0,16.0,0.0
0,19000.0,9.93,B,720.0,724.0,23.95,85000.0,19.0,32.0,0.0
1,13800.0,18.06,D,705.0,709.0,20.04,56000.0,19.0,28.0,1.0
0,35000.0,18.99,D,695.0,699.0,7.3,1100000.0,20.0,67.0,1.0
0,10000.0,5.32,A,750.0,754.0,19.63,85000.0,28.0,48.0,1.0
0,6400.0,6.99,A,735.0,739.0,26.8,38958.4,8.0,24.0,0.0
0,9600.0,11.44,B,685.0,689.0,34.77,35000.0,18.0,25.0,0.0
0,12000.0,11.39,B,675.0,679.0,10.04,96000.0,5.0,14.0,0.0
1,10800.0,14.08,C,760.0,764.0,35.31,69752.0,29.0,41.0,1.0
0,3500.0,11.49,B,665.0,669.0,29.69,89000.0,26.0,52.0,0.0
1,5000.0,20.0,D,680.0,684.0,26.51,41600.0,7.0,20.0,0.0
0,4200.0,16.99,D,670.0,674.0,21.07,100000.0,11.0,15.0,1.0
0,16000.0,6.0,C,685.0,689.0,13.96,90000.0,17.0,42.0,2.0
1,8000.0,17.99,D,670.0,674.0,20.25,40000.0,11.0,17.0,0.0
0,9100.0,5.32,A,730.0,734.0,12.9,60000.0,22.0,51.0,1.0
0,30000.0,8.24,B,715.0,719.0,23.19,65000.0,12.0,44.0,1.0
1,11000.0,11.49,B,690.0,694.0,15.33,97000.0,11.0,24.0,1.0
0,8625.0,14.08,C,705.0,709.0,23.02,23000.0,10.0,11.0,0.0
0,13125.0,14.99,C,660.0,664.0,28.15,55000.0,11.0,24.0,0.0
1,35000.0,11.99,B,660.0,664.0,26.8,110000.0,23.0,40.0,2.0
0,4000.0,13.59,C,670.0,674.0,19.48,66800.0,20.0,28.0,1.0
1,35000.0,11.39,B,675.0,679.0,19.57,122500.0,14.0,41.0,0.0
1,10650.0,14.99,C,675.0,679.0,11.65,35000.0,9.0,16.0,0.0
0,20000.0,7.99,A,700.0,704.0,16.59,150000.0,6.0,9.0,0.0
1,2500.0,14.08,C,665.0,669.0,19.11,26000.0,7.0,7.0,0.0
1,1350.0,24.74,E,720.0,724.0,15.97,13000.0,4.0,5.0,2.0
1,11050.0,24.74,E,660.0,664.0,11.54,86000.0,20.0,27.0,2.0
0,8000.0,19.99,D,670.0,674.0,20.01,55000.0,14.0,31.0,0.0
0,5000.0,13.99,C,670.0,674.0,7.24,27000.0,5.0,12.0,0.0
0,35000.0,19.99,D,670.0,674.0,14.85,93840.0,7.0,14.0,0.0
0,12000.0,7.35,A,725.0,729.0,10.69,78000.0,6.0,10.0,0.0
0,20000.0,13.49,C,745.0,749.0,17.87,100000.0,15.0,22.0,1.0
0,2500.0,10.49,B,710.0,714.0,14.82,72000.0,7.0,10.0,0.0
0,9500.0,11.44,B,755.0,759.0,8.4,180000.0,23.0,37.0,1.0
0,9000.0,17.99,D,685.0,689.0,24.43,69000.0,9.0,22.0,2.0
0,10500.0,13.49,C,665.0,669.0,11.84,110000.0,12.0,23.0,0.0
0,3000.0,8.24,B,665.0,669.0,7.3,60000.0,7.0,14.0,1.0
1,3200.0,7.07,A,765.0,769.0,15.31,49000.0,15.0,31.0,0.0
0,8000.0,10.42,B,690.0,694.0,15.41,25000.0,6.0,18.0,0.0
0,20000.0,9.44,B,700.0,704.0,4.93,240000.0,9.0,34.0,1.0
0,10000.0,11.39,B,660.0,664.0,13.47,45000.0,11.0,40.0,1.0
0,12000.0,10.49,B,675.0,679.0,14.98,75000.0,12.0,14.0,1.0
0,7650.0,14.08,C,675.0,679.0,5.84,30000.0,6.0,27.0,0.0
0,12000.0,8.24,B,695.0,699.0,11.52,140000.0,10.0,21.0,2.0
1,5000.0,10.42,B,675.0,679.0,8.52,150000.0,6.0,10.0,0.0
0,30000.0,7.49,A,725.0,729.0,21.22,200000.0,30.0,42.0,0.0
0,25000.0,6.99,A,770.0,774.0,7.47,160000.0,15.0,40.0,0.0
1,7200.0,9.44,B,675.0,679.0,21.76,30000.0,17.0,23.0,1.0
1,10000.0,10.91,B,705.0,709.0,11.86,140000.0,11.0,18.0,2.0
0,7400.0,12.62,C,695.0,699.0,13.56,60000.0,7.0,8.0,0.0
0,9925.0,10.91,B,710.0,714.0,19.08,54000.0,7.0,13.0,1.0
0,7200.0,7.97,A,685.0,689.0,13.04,80000.0,14.0,57.0,1.0
1,2725.0,12.74,C,665.0,669.0,30.51,29500.0,15.0,30.0,0.0
0,24000.0,7.24,A,795.0,799.0,25.82,110000.0,18.0,53.0,0.0
0,30000.0,7.49,A,700.0,704.0,15.66,175000.0,7.0,16.0,0.0
0,5000.0,7.24,A,775.0,779.0,7.69,42000.0,6.0,8.0,0.0
0,6000.0,11.39,B,675.0,679.0,10.36,154000.0,20.0,38.0,1.0
0,35000.0,7.99,A,685.0,689.0,7.15,263000.0,5.0,9.0,0.0
0,1200.0,7.97,A,680.0,684.0,30.24,41000.0,9.0,20.0,0.0
0,22000.0,18.99,D,665.0,669.0,34.76,50000.0,15.0,25.0,0.0
0,16000.0,7.07,A,750.0,754.0,10.31,280000.0,18.0,40.0,0.0
0,5900.0,5.32,A,740.0,744.0,13.41,74000.0,8.0,16.0,0.0
0,6000.0,12.74,C,660.0,664.0,6.38,115000.0,9.0,10.0,0.0
1,10000.0,16.02,C,665.0,669.0,16.86,40000.0,13.0,25.0,0.0
1,14125.0,13.59,C,675.0,679.0,20.83,48000.0,10.0,23.0,1.0
0,16000.0,18.99,D,675.0,679.0,14.49,160000.0,15.0,25.0,1.0
0,15000.0,9.93,B,730.0,734.0,8.48,39924.47,6.0,9.0,0.0
0,25000.0,14.99,C,710.0,714.0,25.24,90000.0,14.0,27.0,0.0
0,18000.0,5.32,A,750.0,754.0,17.75,90000.0,12.0,26.0,0.0
0,12000.0,5.32,A,780.0,784.0,10.68,109000.0,12.0,21.0,0.0
0,15000.0,7.99,A,705.0,709.0,15.66,75000.0,11.0,19.0,0.0
0,14000.0,12.74,C,675.0,679.0,8.49,40000.0,7.0,22.0,0.0
1,10000.0,10.91,B,695.0,699.0,3.52,80000.0,6.0,13.0,1.0
0,7000.0,8.24,B,660.0,664.0,15.24,37000.0,11.0,17.0,0.0
0,3000.0,13.49,C,700.0,704.0,19.34,100000.0,12.0,17.0,2.0
0,12000.0,11.39,B,665.0,669.0,13.37,25932.0,10.0,30.0,0.0
0,12000.0,16.02,C,675.0,679.0,28.67,85000.0,19.0,38.0,1.0
0,38500.0,13.49,C,720.0,724.0,26.09,77000.0,12.0,33.0,0.0
0,7000.0,12.62,C,665.0,669.0,31.72,65000.0,6.0,24.0,0.0
1,5000.0,14.08,C,685.0,689.0,15.24,80000.0,12.0,17.0,1.0
0,20000.0,11.44,B,730.0,734.0,19.75,54500.0,10.0,26.0,0.0
0,7000.0,11.44,B,725.0,729.0,6.67,43000.0,3.0,3.0,0.0
0,1500.0,23.99,E,705.0,709.0,28.52,30000.0,15.0,39.0,2.0
0,13250.0,26.24,E,665.0,669.0,18.8,57000.0,11.0,21.0,1.0
0,2000.0,16.02,C,675.0,679.0,13.46,55000.0,18.0,26.0,0.0
1,6000.0,28.69,F,675.0,679.0,14.95,78000.0,20.0,27.0,3.0
0,8000.0,11.44,B,690.0,694.0,30.22,27000.0,14.0,29.0,1.0
1,28000.0,13.99,C,670.0,674.0,9.01,84000.0,21.0,25.0,0.0
0,2300.0,16.02,C,715.0,719.0,4.72,60000.0,8.0,17.0,3.0
0,8000.0,13.99,C,665.0,669.0,34.88,50000.0,12.0,26.0,0.0
0,14000.0,11.99,B,685.0,689.0,16.21,56650.0,5.0,7.0,1.0
0,19200.0,14.99,C,685.0,689.0,26.85,91000.0,15.0,33.0,0.0
0,7900.0,16.99,D,680.0,684.0,21.87,40000.0,10.0,21.0,1.0
1,9600.0,14.08,C,710.0,714.0,24.06,85000.0,18.0,38.0,3.0
0,3600.0,14.99,C,695.0,699.0,24.86,42000.0,10.0,23.0,1.0
0,12000.0,7.99,A,745.0,749.0,16.36,62500.0,10.0,12.0,0.0
1,21000.0,17.99,D,680.0,684.0,15.59,275000.0,19.0,37.0,4.0
0,35000.0,12.74,C,815.0,819.0,2.27,250000.0,3.0,4.0,1.0
0,12000.0,8.24,B,695.0,699.0,19.69,70000.0,16.0,28.0,0.0
0,5000.0,16.02,C,690.0,694.0,33.06,40000.0,6.0,9.0,0.0
0,8000.0,12.62,C,660.0,664.0,23.92,30000.0,8.0,19.0,0.0
1,25000.0,9.93,B,670.0,674.0,15.11,202000.0,17.0,21.0,1.0
1,3150.0,13.49,C,680.0,684.0,25.5,28800.0,8.0,12.0,0.0
0,10000.0,6.99,A,725.0,729.0,9.4,63000.0,12.0,27.0,1.0
0,5600.0,11.44,B,735.0,739.0,4.03,68500.0,6.0,9.0,0.0
0,15000.0,12.74,C,695.0,699.0,17.51,42000.0,11.0,27.0,2.0
1,10000.0,11.49,B,710.0,714.0,23.07,71000.0,19.0,22.0,0.0
0,18000.0,10.49,B,670.0,674.0,13.41,90000.0,20.0,27.0,1.0
1,12875.0,10.42,B,700.0,704.0,32.06,53601.0,13.0,34.0,0.0
1,10000.0,21.45,D,680.0,684.0,20.53,48000.0,18.0,33.0,1.0
0,10000.0,7.99,A,710.0,714.0,18.73,97000.0,15.0,25.0,0.0
0,18000.0,15.05,C,675.0,679.0,25.59,175000.0,16.0,31.0,3.0
0,6000.0,10.42,B,680.0,684.0,17.54,65000.0,15.0,43.0,1.0
0,21600.0,7.99,A,715.0,719.0,16.92,60000.0,7.0,12.0,0.0
0,20000.0,12.74,C,665.0,669.0,5.74,64000.0,6.0,9.0,0.0
0,13975.0,13.99,C,685.0,689.0,1.78,150000.0,7.0,15.0,0.0
0,8000.0,14.99,C,660.0,664.0,16.28,34500.0,8.0,13.0,0.0
0,5600.0,12.62,C,665.0,669.0,5.97,43200.0,9.0,14.0,1.0
0,15000.0,18.06,D,695.0,699.0,28.76,50000.0,11.0,17.0,0.0
1,10000.0,10.91,B,700.0,704.0,19.58,60000.0,7.0,11.0,0.0
0,9225.0,13.49,C,665.0,669.0,19.71,54000.0,8.0,26.0,1.0
1,15000.0,17.09,D,665.0,669.0,9.55,65000.0,12.0,20.0,2.0
0,29000.0,15.05,C,705.0,709.0,6.2,60000.0,10.0,11.0,0.0
0,10000.0,15.99,C,700.0,704.0,21.84,50000.0,6.0,17.0,0.0
0,5000.0,5.32,A,760.0,764.0,18.73,90000.0,6.0,20.0,0.0
0,21000.0,14.99,C,690.0,694.0,20.24,150000.0,19.0,52.0,0.0
0,9000.0,8.24,B,670.0,674.0,14.2,76000.0,14.0,42.0,1.0
0,7000.0,10.49,B,695.0,699.0,14.1,50000.0,17.0,29.0,1.0
1,7000.0,15.05,C,680.0,684.0,19.29,70000.0,6.0,11.0,0.0
0,11100.0,10.42,B,670.0,674.0,6.22,72000.0,8.0,16.0,1.0
0,15000.0,7.99,A,740.0,744.0,17.52,75000.0,10.0,22.0,0.0
0,20100.0,13.59,C,660.0,664.0,34.27,70000.0,6.0,11.0,0.0
0,9500.0,11.49,B,695.0,699.0,32.54,52500.0,26.0,42.0,1.0
0,13200.0,11.49,B,675.0,679.0,24.82,131000.0,17.0,26.0,0.0
0,5000.0,11.39,B,675.0,679.0,21.2,65000.0,13.0,24.0,0.0
1,33600.0,18.06,D,760.0,764.0,15.8,80000.0,9.0,25.0,0.0
0,8400.0,13.99,C,690.0,694.0,21.96,30000.0,9.0,9.0,0.0
0,3000.0,9.93,B,725.0,729.0,17.28,65000.0,7.0,32.0,1.0
0,8000.0,11.99,B,670.0,674.0,27.74,49920.0,30.0,40.0,0.0
0,20000.0,7.49,A,720.0,724.0,21.44,55000.0,12.0,21.0,0.0
1,29125.0,13.49,C,670.0,674.0,18.15,65000.0,13.0,23.0,1.0
1,10000.0,11.49,B,695.0,699.0,9.95,38000.0,3.0,3.0,1.0
1,10000.0,12.74,C,695.0,699.0,20.44,65000.0,14.0,41.0,1.0
0,10450.0,9.93,B,685.0,689.0,10.36,100000.0,6.0,13.0,1.0
0,30000.0,8.24,B,670.0,674.0,18.94,150000.0,30.0,48.0,1.0
1,4000.0,16.02,C,660.0,664.0,24.46,65000.0,10.0,21.0,0.0
0,19000.0,15.99,C,690.0,694.0,15.41,50000.0,5.0,8.0,0.0
0,6000.0,7.99,A,740.0,744.0,19.63,48000.0,10.0,18.0,1.0
0,16800.0,11.49,B,670.0,674.0,20.4,100000.0,12.0,21.0,0.0
0,18000.0,11.44,B,680.0,684.0,12.58,97000.0,10.0,21.0,0.0
0,6000.0,11.39,B,720.0,724.0,27.93,52000.0,11.0,20.0,0.0
0,15000.0,9.93,B,665.0,669.0,15.41,92000.0,7.0,20.0,0.0
0,15000.0,13.99,C,660.0,664.0,11.2,100000.0,16.0,19.0,0.0
1,7200.0,12.62,C,660.0,664.0,10.53,125000.0,11.0,37.0,1.0
0,8500.0,17.09,D,715.0,719.0,30.82,60000.0,16.0,33.0,1.0
0,30000.0,16.02,C,680.0,684.0,5.29,170000.0,7.0,14.0,0.0
0,30000.0,6.99,A,730.0,734.0,10.76,150000.0,12.0,16.0,0.0
1,3500.0,13.59,C,660.0,664.0,23.12,38000.0,6.0,13.0,0.0
0,4800.0,10.49,B,670.0,674.0,25.43,58000.0,20.0,37.0,3.0
0,12000.0,7.99,A,700.0,704.0,21.09,54000.0,15.0,20.0,0.0
0,30000.0,15.99,C,675.0,679.0,16.17,110000.0,15.0,34.0,0.0
0,16000.0,13.49,C,670.0,674.0,26.78,70000.0,11.0,34.0,2.0
0,14400.0,7.07,A,785.0,789.0,27.15,95000.0,11.0,42.0,2.0
0,10000.0,7.99,A,725.0,729.0,17.14,125000.0,11.0,40.0,3.0
0,9600.0,12.62,C,680.0,684.0,17.73,75000.0,9.0,32.0,4.0
0,8400.0,11.44,B,680.0,684.0,20.19,62400.0,10.0,18.0,1.0
0,4000.0,7.99,A,695.0,699.0,18.46,89500.0,8.0,20.0,0.0
1,15000.0,12.74,C,675.0,679.0,11.87,140000.0,7.0,26.0,0.0
0,10000.0,5.32,A,735.0,739.0,10.12,135000.0,13.0,21.0,0.0
0,40000.0,7.07,A,720.0,724.0,7.43,222500.0,13.0,18.0,0.0
0,7225.0,7.99,A,680.0,684.0,28.33,92000.0,21.0,45.0,1.0
1,10000.0,5.32,A,715.0,719.0,21.8,65000.0,29.0,43.0,0.0
0,4000.0,7.49,A,700.0,704.0,22.8,50000.0,18.0,39.0,1.0
1,9000.0,14.99,C,675.0,679.0,32.76,30000.0,13.0,33.0,0.0
0,6500.0,13.49,C,660.0,664.0,31.58,35000.0,14.0,22.0,1.0
0,16000.0,10.49,B,665.0,669.0,8.59,100000.0,5.0,27.0,1.0
0,14000.0,11.49,B,690.0,694.0,13.3,76000.0,12.0,18.0,0.0
0,8000.0,7.24,A,795.0,799.0,22.64,54000.0,10.0,15.0,0.0
0,25000.0,7.24,A,725.0,729.0,16.49,165000.0,14.0,38.0,0.0
0,1500.0,8.24,B,675.0,679.0,29.25,93376.0,15.0,33.0,0.0
1,2000.0,18.06,D,715.0,719.0,9.67,50000.0,13.0,14.0,2.0
0,2000.0,15.99,C,670.0,674.0,28.94,62000.0,12.0,29.0,0.0
1,8000.0,12.62,C,700.0,704.0,17.43,65000.0,8.0,19.0,0.0
0,3600.0,8.24,B,725.0,729.0,22.69,108000.0,20.0,35.0,1.0
1,31200.0,22.91,E,660.0,664.0,14.23,130000.0,9.0,26.0,2.0
0,6000.0,11.39,B,715.0,719.0,5.22,386000.0,9.0,27.0,0.0
0,5000.0,7.35,A,765.0,769.0,2.52,60000.0,8.0,10.0,0.0
0,32875.0,19.03,D,665.0,669.0,16.94,185000.0,17.0,22.0,2.0
0,5600.0,13.49,C,675.0,679.0,28.23,65000.0,13.0,24.0,2.0
0,6000.0,8.24,B,700.0,704.0,13.99,53600.0,5.0,15.0,1.0
0,28000.0,7.99,A,690.0,694.0,32.44,110000.0,14.0,20.0,3.0
0,10000.0,19.99,D,665.0,669.0,30.71,46000.0,12.0,20.0,1.0
1,8000.0,12.74,C,750.0,754.0,13.92,46040.0,7.0,17.0,0.0
1,20000.0,6.99,A,720.0,724.0,17.18,120000.0,16.0,26.0,2.0
0,15000.0,23.88,E,685.0,689.0,27.4,72000.0,17.0,26.0,0.0
0,5000.0,7.99,A,740.0,744.0,10.96,23000.0,17.0,24.0,2.0
1,3025.0,23.88,E,660.0,664.0,27.16,60000.0,14.0,24.0,0.0
1,13000.0,20.0,D,665.0,669.0,18.07,34000.0,8.0,10.0,0.0
1,20000.0,10.42,B,710.0,714.0,10.96,106000.0,16.0,27.0,3.0
0,30000.0,14.99,C,720.0,724.0,14.55,80000.0,8.0,10.0,0.0
0,4800.0,11.39,B,685.0,689.0,24.2,62000.0,8.0,18.0,0.0
0,12000.0,12.74,C,685.0,689.0,11.56,60000.0,7.0,19.0,0.0
0,16000.0,7.21,A,705.0,709.0,12.72,80000.0,17.0,24.0,0.0
0,1600.0,10.42,B,675.0,679.0,24.91,58000.0,9.0,41.0,1.0
0,6700.0,16.02,C,665.0,669.0,3.98,35880.0,8.0,25.0,0.0
1,35000.0,16.02,C,710.0,714.0,9.88,450000.0,8.0,8.0,0.0
0,8400.0,8.24,B,670.0,674.0,16.25,80000.0,13.0,41.0,1.0
0,24000.0,10.91,B,665.0,669.0,8.6,164000.0,10.0,61.0,1.0
0,12000.0,12.74,C,660.0,664.0,18.74,65000.0,13.0,36.0,1.0
1,24000.0,19.03,D,695.0,699.0,15.57,155000.0,9.0,15.0,1.0
0,3725.0,14.99,C,705.0,709.0,25.27,87000.0,21.0,28.0,0.0
0,3500.0,12.62,C,680.0,684.0,32.58,28000.0,7.0,9.0,0.0
1,5000.0,13.49,C,680.0,684.0,20.55,50000.0,20.0,35.0,0.0
0,18000.0,16.99,D,660.0,664.0,19.22,60000.0,16.0,79.0,1.0
0,10000.0,10.49,B,665.0,669.0,10.26,76000.0,6.0,9.0,1.0
0,9000.0,10.49,B,715.0,719.0,1.11,54000.0,5.0,13.0,1.0
0,7200.0,11.39,B,750.0,754.0,19.1,35000.0,7.0,21.0,1.0
1,40000.0,10.42,B,715.0,719.0,8.07,65000.0,9.0,17.0,2.0
0,3600.0,11.39,B,660.0,664.0,30.7,38860.0,8.0,18.0,1.0
0,10000.0,19.03,D,690.0,694.0,21.13,82000.0,11.0,30.0,5.0
0,8000.0,7.97,A,705.0,709.0,30.45,75000.0,13.0,48.0,1.0
1,6850.0,10.91,B,680.0,684.0,14.84,68000.0,12.0,22.0,2.0
0,9000.0,11.49,B,705.0,709.0,20.42,23800.0,7.0,14.0,0.0
0,8000.0,12.74,C,665.0,669.0,9.0,60000.0,16.0,16.0,0.0
1,35000.0,16.99,D,690.0,694.0,21.83,104000.0,32.0,70.0,3.0
0,7500.0,18.99,D,665.0,669.0,32.46,42000.0,8.0,27.0,1.0
0,19900.0,13.99,C,690.0,694.0,2.33,88000.0,4.0,6.0,0.0
1,8000.0,11.49,B,705.0,709.0,8.88,30000.0,4.0,6.0,0.0
0,15000.0,13.99,C,695.0,699.0,31.39,115000.0,21.0,33.0,0.0
1,10800.0,11.39,B,665.0,669.0,14.62,65000.0,7.0,16.0,1.0
0,24000.0,5.32,A,750.0,754.0,11.04,205000.0,16.0,24.0,0.0
0,25000.0,16.99,D,705.0,709.0,7.43,135000.0,7.0,47.0,0.0
0,20000.0,13.59,C,675.0,679.0,28.06,55000.0,7.0,22.0,0.0
0,25000.0,12.74,C,695.0,699.0,24.2,124000.0,19.0,42.0,2.0
0,35000.0,11.39,B,660.0,664.0,9.41,90000.0,9.0,22.0,0.0
0,15000.0,7.24,A,755.0,759.0,31.95,72000.0,14.0,41.0,1.0
0,11000.0,11.39,B,680.0,684.0,20.32,49600.0,6.0,28.0,0.0
0,10000.0,8.24,B,670.0,674.0,9.55,90000.0,11.0,26.0,0.0
0,11750.0,7.21,A,790.0,794.0,0.0,28000.0,5.0,10.0,0.0
1,4050.0,19.03,D,690.0,694.0,38.9,56000.0,20.0,35.0,0.0
1,8000.0,10.91,B,695.0,699.0,24.05,69000.0,10.0,24.0,1.0
1,3000.0,20.0,D,665.0,669.0,30.59,32760.0,7.0,12.0,1.0
1,7200.0,23.88,E,670.0,674.0,36.12,40000.0,13.0,18.0,1.0
0,4200.0,13.99,C,665.0,669.0,27.27,32000.0,11.0,30.0,1.0
1,25000.0,15.99,C,660.0,664.0,7.59,130000.0,10.0,23.0,0.0
1,5000.0,10.91,B,695.0,699.0,2.83,58000.0,2.0,10.0,0.0
1,1600.0,7.35,A,735.0,739.0,22.25,37000.0,9.0,17.0,0.0
0,15525.0,15.05,C,660.0,664.0,12.98,59000.0,9.0,13.0,2.0
1,25425.0,14.99,C,705.0,709.0,18.59,53000.0,9.0,14.0,0.0
1,4000.0,18.99,D,665.0,669.0,34.38,41532.0,15.0,20.0,1.0
0,4000.0,11.49,B,745.0,749.0,33.63,80000.0,16.0,38.0,0.0
0,20000.0,11.99,B,675.0,679.0,6.43,67200.0,11.0,20.0,0.0
0,19200.0,11.39,B,715.0,719.0,23.59,55000.0,10.0,16.0,0.0
0,3000.0,11.99,B,695.0,699.0,20.13,72000.0,12.0,29.0,0.0
0,2000.0,10.49,B,760.0,764.0,28.64,35000.0,9.0,14.0,0.0
0,12000.0,11.39,B,705.0,709.0,29.67,39386.0,10.0,28.0,0.0
0,30000.0,12.74,C,710.0,714.0,31.04,108000.0,16.0,45.0,1.0
1,4700.0,11.49,B,680.0,684.0,12.89,75216.0,7.0,16.0,1.0
0,16000.0,18.99,D,675.0,679.0,15.24,55000.0,15.0,30.0,1.0
0,2475.0,11.99,B,700.0,704.0,7.69,15600.0,3.0,4.0,1.0
0,35000.0,11.99,B,685.0,689.0,23.48,90000.0,8.0,34.0,2.0
0,7200.0,13.59,C,700.0,704.0,19.58,80000.0,11.0,22.0,1.0
0,10000.0,14.99,C,670.0,674.0,13.42,33432.0,9.0,17.0,1.0
0,12000.0,7.21,A,735.0,739.0,19.57,69000.0,19.0,36.0,2.0
1,6000.0,20.0,D,665.0,669.0,17.24,84000.0,12.0,24.0,1.0
0,5000.0,8.24,B,735.0,739.0,17.81,28500.0,9.0,16.0,0.0
0,9600.0,11.39,B,695.0,699.0,14.86,60000.0,8.0,10.0,2.0
0,21000.0,8.24,B,705.0,709.0,24.21,125000.0,12.0,21.0,0.0
0,2000.0,13.99,C,670.0,674.0,33.49,50000.0,15.0,18.0,0.0
0,16200.0,23.99,E,665.0,669.0,33.03,98000.0,24.0,33.0,0.0
0,25125.0,18.06,D,670.0,674.0,23.49,75000.0,9.0,28.0,0.0
0,18000.0,7.07,A,795.0,799.0,8.33,160000.0,12.0,20.0,0.0
0,9600.0,11.44,B,695.0,699.0,28.95,50000.0,11.0,19.0,0.0
0,8400.0,11.44,B,690.0,694.0,18.37,42000.0,6.0,9.0,0.0
1,3825.0,12.62,C,695.0,699.0,20.03,16000.0,14.0,22.0,0.0
0,28000.0,19.99,D,700.0,704.0,28.35,92000.0,15.0,30.0,0.0
1,15000.0,12.74,C,705.0,709.0,26.56,110000.0,15.0,34.0,1.0
0,8000.0,7.49,A,760.0,764.0,18.75,86000.0,31.0,42.0,3.0
0,9000.0,9.44,B,740.0,744.0,14.23,76500.0,10.0,24.0,0.0
0,40000.0,18.99,D,695.0,699.0,47.63,49254.4,25.0,29.0,0.0
0,12000.0,13.99,C,670.0,674.0,7.32,50000.0,9.0,20.0,0.0
0,2800.0,16.99,D,680.0,684.0,5.18,85000.0,3.0,9.0,0.0
0,27000.0,12.74,C,665.0,669.0,13.11,100000.0,21.0,33.0,0.0
1,15000.0,13.59,C,665.0,669.0,12.44,55000.0,9.0,23.0,1.0
0,2400.0,11.44,B,680.0,684.0,7.69,27000.0,6.0,13.0,2.0
1,20000.0,12.74,C,700.0,704.0,17.06,110000.0,24.0,32.0,1.0
1,8000.0,12.74,C,705.0,709.0,17.13,37000.0,7.0,7.0,1.0
0,14000.0,6.99,A,715.0,719.0,33.58,125000.0,22.0,50.0,0.0
0,12000.0,11.39,B,690.0,694.0,22.37,90000.0,8.0,17.0,0.0
1,15875.0,11.39,B,675.0,679.0,11.26,120000.0,8.0,18.0,0.0
0,1500.0,12.74,C,675.0,679.0,22.96,31000.0,15.0,32.0,1.0
0,25000.0,8.24,B,715.0,719.0,14.18,55000.0,6.0,9.0,0.0
0,13100.0,15.99,C,725.0,729.0,29.9,48000.0,4.0,8.0,0.0
0,13500.0,8.24,B,695.0,699.0,19.78,60060.0,7.0,12.0,0.0
0,8000.0,9.93,B,675.0,679.0,19.34,70000.0,10.0,32.0,0.0
0,3000.0,5.32,A,750.0,754.0,10.53,72947.0,11.0,31.0,0.0
0,6025.0,12.74,C,695.0,699.0,12.08,32000.0,14.0,23.0,2.0
0,10000.0,14.99,C,675.0,679.0,27.6,37000.0,11.0,14.0,0.0
1,20000.0,10.91,B,720.0,724.0,21.29,95000.0,9.0,14.0,0.0
0,32000.0,5.32,A,775.0,779.0,11.11,310000.0,7.0,17.0,0.0
0,6000.0,10.49,B,665.0,669.0,15.32,60000.0,12.0,26.0,0.0
1,3000.0,7.21,A,720.0,724.0,27.34,74000.0,14.0,29.0,1.0
0,35000.0,14.08,C,680.0,684.0,29.09,75049.0,11.0,22.0,0.0
1,3000.0,13.49,C,660.0,664.0,9.02,69996.0,3.0,4.0,0.0
0,7200.0,12.74,C,685.0,689.0,8.97,47500.0,4.0,6.0,1.0
0,20000.0,11.44,B,665.0,669.0,30.93,97332.0,27.0,59.0,0.0
0,30000.0,11.44,B,675.0,679.0,19.58,60000.0,11.0,24.0,1.0
0,15000.0,6.99,A,740.0,744.0,22.75,103000.0,11.0,25.0,0.0
0,4800.0,13.99,C,690.0,694.0,31.23,50000.0,16.0,19.0,0.0
1,12000.0,14.08,C,700.0,704.0,31.89,52000.0,14.0,21.0,2.0
0,5050.0,13.49,C,690.0,694.0,14.82,32000.0,5.0,10.0,1.0
0,40000.0,7.21,A,740.0,744.0,13.09,120000.0,16.0,31.0,0.0
1,40000.0,10.91,B,685.0,689.0,39.6,42000.0,11.0,29.0,0.0
0,6000.0,7.35,A,740.0,744.0,24.03,50000.0,26.0,46.0,0.0
0,4800.0,8.24,B,705.0,709.0,7.15,24000.0,17.0,21.0,0.0
1,6000.0,11.49,B,680.0,684.0,3.56,80000.0,7.0,26.0,0.0
0,12000.0,13.49,C,705.0,709.0,4.24,110000.0,9.0,22.0,1.0
1,20800.0,11.99,B,670.0,674.0,20.44,114705.0,19.0,30.0,0.0
0,14000.0,13.99,C,665.0,669.0,11.0,80000.0,12.0,15.0,1.0
0,20000.0,11.49,B,715.0,719.0,17.98,75000.0,8.0,11.0,1.0
0,16000.0,8.24,B,760.0,764.0,16.64,125000.0,11.0,19.0,1.0
1,8000.0,16.02,C,675.0,679.0,25.77,55000.0,16.0,25.0,1.0
0,6000.0,16.99,D,695.0,699.0,33.1,33100.0,11.0,14.0,0.0
0,9000.0,14.99,C,670.0,674.0,17.18,75000.0,11.0,13.0,1.0
0,16000.0,10.42,B,675.0,679.0,14.07,81000.0,8.0,18.0,1.0
0,20000.0,14.99,C,660.0,664.0,19.33,48000.0,12.0,17.0,1.0
1,10000.0,12.74,C,660.0,664.0,9.74,75000.0,9.0,27.0,0.0
0,36125.0,11.44,B,725.0,729.0,32.75,148000.0,8.0,11.0,0.0
1,15000.0,11.99,B,670.0,674.0,16.08,120000.0,26.0,43.0,0.0
0,12000.0,14.99,C,810.0,814.0,2.04,45200.0,6.0,8.0,0.0
0,4700.0,16.02,C,715.0,719.0,22.44,80000.0,11.0,28.0,0.0
0,15000.0,16.99,D,670.0,674.0,15.86,55008.0,12.0,32.0,1.0
0,4000.0,7.99,A,705.0,709.0,7.95,32000.0,8.0,13.0,0.0
0,8700.0,16.02,C,700.0,704.0,3.97,89500.0,22.0,27.0,1.0
1,2700.0,13.59,C,660.0,664.0,13.86,62000.0,8.0,23.0,0.0
0,8000.0,10.49,B,660.0,664.0,21.28,30000.0,7.0,17.0,0.0
0,12000.0,11.44,B,730.0,734.0,25.24,68000.0,14.0,24.0,0.0
0,5000.0,11.39,B,665.0,669.0,5.78,50000.0,4.0,13.0,0.0
1,5600.0,11.99,B,675.0,679.0,24.04,67300.0,15.0,27.0,0.0
0,10000.0,11.49,B,665.0,669.0,5.38,75000.0,10.0,19.0,0.0
0,20000.0,5.32,A,825.0,829.0,11.97,270000.0,17.0,38.0,0.0
0,10000.0,13.49,C,665.0,669.0,22.66,115992.0,17.0,28.0,0.0
0,20475.0,18.99,D,695.0,699.0,14.25,86500.0,9.0,32.0,0.0
0,6675.0,15.99,C,725.0,729.0,31.01,80000.0,13.0,35.0,2.0
1,15000.0,21.45,D,670.0,674.0,20.59,70000.0,10.0,24.0,0.0
0,10000.0,13.49,C,680.0,684.0,22.64,55390.0,9.0,22.0,0.0
0,18000.0,14.08,C,665.0,669.0,52.05,31893.0,33.0,45.0,0.0
0,8000.0,9.93,B,680.0,684.0,23.35,48000.0,12.0,20.0,0.0
0,1600.0,14.99,C,660.0,664.0,16.35,48000.0,8.0,20.0,0.0
1,5500.0,12.74,C,660.0,664.0,17.77,45000.0,7.0,12.0,0.0
0,14000.0,8.24,B,690.0,694.0,28.94,62000.0,18.0,42.0,0.0
0,14000.0,10.42,B,750.0,754.0,22.89,54000.0,9.0,26.0,1.0
0,16000.0,10.49,B,700.0,704.0,23.7,60000.0,13.0,24.0,0.0
0,30000.0,10.49,B,665.0,669.0,12.19,100000.0,6.0,10.0,0.0
0,32000.0,7.07,A,720.0,724.0,12.59,270000.0,24.0,46.0,0.0
0,25000.0,7.49,A,720.0,724.0,8.52,134545.0,16.0,22.0,1.0
0,8000.0,11.99,B,675.0,679.0,7.98,31000.0,5.0,8.0,0.0
0,4900.0,12.74,C,705.0,709.0,25.92,25000.0,17.0,28.0,0.0
0,15000.0,5.32,A,730.0,734.0,16.5,165000.0,18.0,23.0,2.0
0,22125.0,14.99,C,710.0,714.0,32.48,77000.0,13.0,25.0,0.0
0,33200.0,7.07,A,790.0,794.0,16.93,131600.0,14.0,52.0,0.0
0,22250.0,11.99,B,660.0,664.0,12.45,98000.0,7.0,12.0,0.0
0,8000.0,7.07,A,760.0,764.0,17.71,106000.0,23.0,33.0,3.0
0,8450.0,22.74,E,665.0,669.0,25.36,52000.0,12.0,18.0,2.0
0,27000.0,15.05,C,680.0,684.0,22.08,115000.0,15.0,25.0,1.0
0,12000.0,11.44,B,660.0,664.0,25.77,65000.0,9.0,27.0,1.0
0,6600.0,9.93,B,745.0,749.0,28.13,70000.0,24.0,40.0,0.0
0,6500.0,12.62,C,680.0,684.0,24.23,38000.0,10.0,16.0,0.0
0,9600.0,14.99,C,680.0,684.0,25.69,42000.0,11.0,29.0,0.0
0,21000.0,7.24,A,745.0,749.0,17.82,120000.0,16.0,57.0,0.0
0,4000.0,9.44,B,720.0,724.0,21.77,100000.0,11.0,18.0,0.0
0,6075.0,22.74,E,695.0,699.0,6.9,40000.0,6.0,11.0,1.0
0,1000.0,13.99,C,690.0,694.0,8.57,80000.0,6.0,10.0,2.0
0,25000.0,14.99,C,680.0,684.0,21.21,180000.0,18.0,33.0,0.0
1,24000.0,7.99,A,705.0,709.0,13.87,119402.0,18.0,32.0,0.0
0,9600.0,12.74,C,675.0,679.0,15.72,40000.0,8.0,11.0,1.0
0,2500.0,16.02,C,695.0,699.0,7.63,75000.0,6.0,17.0,0.0
1,8400.0,19.03,D,670.0,674.0,13.21,105000.0,9.0,12.0,0.0
0,10000.0,22.74,E,750.0,754.0,21.87,26000.0,5.0,6.0,0.0
0,19200.0,14.99,C,685.0,689.0,25.68,55000.0,11.0,15.0,1.0
0,28000.0,10.49,B,740.0,744.0,24.35,65000.0,11.0,27.0,0.0
1,5000.0,20.0,D,660.0,664.0,20.53,200000.0,14.0,23.0,4.0
0,24000.0,13.49,C,700.0,704.0,25.53,100000.0,9.0,21.0,0.0
0,7200.0,9.44,B,670.0,674.0,13.77,95000.0,10.0,19.0,0.0
0,18000.0,7.99,A,760.0,764.0,12.14,95500.0,10.0,19.0,1.0
0,6000.0,12.74,C,695.0,699.0,16.69,38000.0,14.0,18.0,1.0
0,11550.0,11.39,B,705.0,709.0,25.7,75000.0,10.0,18.0,0.0
1,30000.0,17.09,D,680.0,684.0,18.01,200000.0,12.0,40.0,2.0
0,20000.0,7.97,A,725.0,729.0,19.71,89000.0,13.0,27.0,1.0
1,3500.0,16.99,D,680.0,684.0,28.47,80000.0,16.0,24.0,1.0
0,40000.0,11.99,B,705.0,709.0,35.41,61000.0,10.0,22.0,2.0
1,8000.0,11.49,B,665.0,669.0,8.61,40000.0,6.0,7.0,1.0
0,9600.0,11.99,B,710.0,714.0,13.6,43680.0,9.0,10.0,0.0
0,24000.0,7.99,A,695.0,699.0,15.55,150000.0,10.0,18.0,0.0
1,10000.0,24.85,E,675.0,679.0,7.28,49000.0,12.0,15.0,0.0
0,22300.0,13.49,C,745.0,749.0,34.83,86570.0,18.0,41.0,0.0
0,5100.0,7.49,A,685.0,689.0,16.64,52000.0,9.0,25.0,1.0
1,15600.0,10.49,B,690.0,694.0,22.85,101000.0,17.0,44.0,4.0
0,15000.0,7.07,A,800.0,804.0,16.65,65000.0,15.0,30.0,0.0
1,6500.0,9.93,B,675.0,679.0,23.23,51500.0,9.0,21.0,1.0
1,40000.0,7.21,A,720.0,724.0,27.11,98000.0,9.0,54.0,0.0
0,15000.0,11.44,B,710.0,714.0,24.09,70000.0,16.0,26.0,0.0
1,16000.0,9.44,B,715.0,719.0,7.82,80000.0,15.0,38.0,0.0
0,4500.0,12.74,C,705.0,709.0,18.04,23616.0,7.0,8.0,0.0
1,12000.0,19.03,D,690.0,694.0,14.63,120000.0,7.0,8.0,0.0
0,20000.0,14.99,C,675.0,679.0,19.13,180000.0,11.0,23.0,0.0
1,6000.0,17.99,D,690.0,694.0,5.82,34000.0,6.0,13.0,0.0
0,11000.0,16.99,D,685.0,689.0,14.4,43000.0,8.0,11.0,1.0
0,20000.0,11.49,B,690.0,694.0,10.3,81775.0,7.0,17.0,1.0
0,15725.0,14.08,C,670.0,674.0,14.57,165000.0,16.0,31.0,2.0
0,8000.0,11.49,B,690.0,694.0,28.09,80000.0,24.0,32.0,2.0
0,10000.0,10.91,B,670.0,674.0,3.51,54000.0,4.0,10.0,1.0
0,3000.0,11.49,B,705.0,709.0,25.57,189000.0,11.0,29.0,0.0
0,3000.0,11.44,B,680.0,684.0,4.93,47969.0,10.0,20.0,2.0
0,5000.0,5.32,A,795.0,799.0,12.85,132000.0,13.0,37.0,0.0
0,9000.0,12.74,C,695.0,699.0,25.42,50000.0,12.0,24.0,0.0
0,12000.0,8.24,B,685.0,689.0,12.53,95000.0,10.0,18.0,0.0
0,3300.0,7.49,A,680.0,684.0,22.61,58000.0,6.0,23.0,0.0
0,8000.0,6.99,A,680.0,684.0,7.38,98000.0,5.0,27.0,0.0
0,5000.0,11.39,B,680.0,684.0,16.68,80000.0,12.0,25.0,1.0
0,10000.0,5.32,A,765.0,769.0,14.52,82000.0,18.0,39.0,0.0
0,11000.0,13.59,C,665.0,669.0,13.09,116342.57,10.0,23.0,0.0
1,7000.0,18.06,D,660.0,664.0,9.42,68000.0,4.0,5.0,1.0
0,10000.0,11.44,B,715.0,719.0,22.57,52000.0,19.0,44.0,0.0
0,15000.0,12.74,C,660.0,664.0,28.1,55000.0,11.0,12.0,0.0
0,20000.0,11.99,B,700.0,704.0,14.8,70000.0,7.0,16.0,0.0
0,14000.0,12.74,C,680.0,684.0,24.85,70000.0,11.0,24.0,0.0
0,12000.0,7.07,A,775.0,779.0,28.62,36190.0,5.0,13.0,0.0
0,9000.0,11.49,B,685.0,689.0,6.92,55000.0,5.0,14.0,1.0
0,6075.0,7.97,A,705.0,709.0,17.47,54000.0,9.0,15.0,0.0
0,10000.0,8.24,B,670.0,674.0,11.42,80000.0,13.0,22.0,0.0
0,4000.0,13.49,C,745.0,749.0,18.15,90000.0,24.0,37.0,3.0
1,20000.0,9.44,B,740.0,744.0,48.84,30420.0,12.0,24.0,0.0
0,1000.0,11.39,B,660.0,664.0,8.37,45000.0,4.0,8.0,0.0
0,5000.0,5.32,A,785.0,789.0,22.12,60000.0,10.0,33.0,0.0
1,7000.0,18.99,D,680.0,684.0,3.02,34992.0,5.0,8.0,1.0
0,6400.0,14.08,C,660.0,664.0,21.74,285000.0,38.0,55.0,0.0
0,1500.0,11.49,B,665.0,669.0,25.64,55000.0,18.0,47.0,0.0
1,4000.0,7.99,A,715.0,719.0,19.38,55000.0,7.0,19.0,0.0
0,6000.0,11.44,B,705.0,709.0,17.89,45000.0,20.0,57.0,2.0
0,6400.0,8.24,B,670.0,674.0,16.62,106000.0,17.0,33.0,0.0
0,35000.0,15.99,C,665.0,669.0,9.64,190000.0,10.0,21.0,0.0
0,18600.0,13.49,C,670.0,674.0,10.28,65000.0,8.0,20.0,0.0
0,11000.0,12.62,C,720.0,724.0,19.05,31000.0,17.0,35.0,0.0
0,25000.0,7.35,A,730.0,734.0,15.45,90000.0,12.0,13.0,0.0
0,8000.0,12.74,C,710.0,714.0,9.5,40000.0,8.0,28.0,0.0
0,7500.0,6.99,A,710.0,714.0,18.9,64000.0,15.0,25.0,0.0
0,5000.0,11.49,B,720.0,724.0,14.72,41500.0,8.0,11.0,0.0
1,14000.0,23.88,E,660.0,664.0,23.39,143000.0,13.0,24.0,0.0
1,35000.0,25.82,E,705.0,709.0,33.52,120000.0,7.0,12.0,1.0
0,10000.0,13.99,C,730.0,734.0,29.84,52000.0,11.0,17.0,0.0
1,10000.0,7.21,A,685.0,689.0,18.61,55000.0,17.0,32.0,0.0
0,40000.0,7.99,A,705.0,709.0,19.9,148000.0,13.0,22.0,0.0
0,12000.0,16.02,C,745.0,749.0,21.8,48000.0,5.0,6.0,0.0
0,10000.0,8.24,B,660.0,664.0,15.81,70000.0,11.0,24.0,0.0
0,1000.0,23.88,E,675.0,679.0,2.25,40000.0,4.0,5.0,0.0
0,29375.0,12.74,C,680.0,684.0,12.79,150000.0,11.0,18.0,2.0
0,12000.0,5.32,A,725.0,729.0,15.17,72000.0,19.0,38.0,0.0
0,24000.0,22.74,E,685.0,689.0,15.3,151548.6,20.0,37.0,1.0
1,12000.0,13.59,C,695.0,699.0,39.6,30000.0,13.0,27.0,1.0
0,10000.0,16.99,D,690.0,694.0,22.56,49000.0,21.0,39.0,1.0
0,4000.0,14.99,C,720.0,724.0,15.2,40000.0,14.0,18.0,2.0
1,7200.0,11.99,B,675.0,679.0,20.23,80000.0,22.0,43.0,1.0
0,12000.0,12.74,C,660.0,664.0,6.42,60000.0,6.0,10.0,0.0
1,14000.0,14.08,C,700.0,704.0,22.78,53000.0,4.0,7.0,0.0
0,14000.0,8.24,B,760.0,764.0,16.15,55000.0,5.0,14.0,0.0
1,30000.0,7.07,A,760.0,764.0,18.86,105000.0,10.0,29.0,0.0
0,9800.0,9.93,B,670.0,674.0,24.21,62000.0,11.0,28.0,0.0
1,1300.0,16.02,C,660.0,664.0,5.16,57000.0,3.0,10.0,0.0
1,14000.0,13.59,C,675.0,679.0,13.0,100000.0,16.0,19.0,1.0
0,11000.0,12.74,C,700.0,704.0,22.23,72000.0,8.0,19.0,0.0
0,35000.0,8.24,B,680.0,684.0,16.13,100000.0,7.0,14.0,0.0
1,21675.0,29.69,F,670.0,674.0,21.65,70000.0,9.0,37.0,3.0
0,21000.0,7.97,A,690.0,694.0,30.14,105000.0,18.0,31.0,1.0
0,17600.0,5.32,A,725.0,729.0,28.14,115000.0,12.0,29.0,1.0
0,15000.0,10.49,B,700.0,704.0,17.56,65000.0,18.0,31.0,1.0
0,2500.0,14.99,C,725.0,729.0,3.32,30000.0,6.0,9.0,0.0
0,1800.0,11.99,B,680.0,684.0,18.99,5000.0,10.0,10.0,0.0
0,10000.0,13.59,C,705.0,709.0,12.91,62000.0,17.0,25.0,4.0
0,11725.0,14.99,C,710.0,714.0,26.51,56000.0,6.0,12.0,0.0
0,5000.0,10.49,B,665.0,669.0,20.42,56000.0,6.0,20.0,0.0
0,8400.0,18.99,D,660.0,664.0,34.1,59874.0,11.0,23.0,1.0
0,7000.0,5.32,A,740.0,744.0,14.64,80000.0,19.0,39.0,0.0
0,11000.0,11.49,B,680.0,684.0,9.43,50000.0,12.0,12.0,2.0
0,3600.0,13.49,C,675.0,679.0,32.1,70000.0,19.0,44.0,2.0
0,7000.0,8.24,B,705.0,709.0,26.34,42000.0,11.0,19.0,0.0
1,5000.0,13.59,C,670.0,674.0,18.95,39000.0,11.0,17.0,0.0
0,15000.0,10.42,B,730.0,734.0,24.46,32000.0,10.0,22.0,0.0
0,5000.0,12.74,C,695.0,699.0,17.44,117000.0,14.0,25.0,1.0
0,10000.0,16.99,D,695.0,699.0,21.75,120000.0,11.0,27.0,0.0
0,1000.0,11.39,B,715.0,719.0,17.26,47000.0,12.0,26.0,0.0
0,10800.0,6.99,A,715.0,719.0,10.3,125000.0,5.0,18.0,0.0
0,21000.0,11.44,B,760.0,764.0,18.42,67000.0,23.0,29.0,0.0
0,25000.0,7.24,A,775.0,779.0,14.28,90000.0,16.0,39.0,1.0
0,35000.0,15.99,C,695.0,699.0,26.53,140000.0,10.0,27.0,1.0
0,18000.0,12.62,C,685.0,689.0,15.77,40560.0,6.0,8.0,0.0
1,18000.0,12.62,C,675.0,679.0,19.48,48000.0,18.0,21.0,0.0
1,13000.0,13.49,C,695.0,699.0,21.03,140000.0,12.0,34.0,1.0
0,10000.0,7.24,A,765.0,769.0,21.73,130000.0,17.0,31.0,0.0
0,4000.0,6.99,A,750.0,754.0,9.34,95000.0,20.0,42.0,0.0
0,4500.0,8.24,B,695.0,699.0,8.02,75000.0,4.0,9.0,1.0
1,1000.0,13.99,C,755.0,759.0,0.5,12000.0,2.0,2.0,0.0
0,9600.0,12.62,C,695.0,699.0,31.9,48000.0,16.0,20.0,0.0
0,16000.0,10.49,B,660.0,664.0,11.65,65000.0,8.0,19.0,1.0
0,4000.0,14.99,C,695.0,699.0,9.18,45000.0,7.0,14.0,1.0
0,13000.0,12.74,C,735.0,739.0,11.38,54000.0,10.0,28.0,0.0
0,28000.0,15.99,C,705.0,709.0,29.66,88000.0,10.0,19.0,0.0
0,6000.0,15.05,C,670.0,674.0,13.24,95000.0,9.0,19.0,1.0
0,8000.0,24.74,E,670.0,674.0,33.05,65000.0,13.0,16.0,1.0
0,20000.0,19.99,D,665.0,669.0,12.07,50000.0,11.0,22.0,0.0
0,24075.0,7.99,A,710.0,714.0,22.45,62000.0,14.0,20.0,0.0
0,3000.0,13.49,C,695.0,699.0,33.17,50000.0,9.0,24.0,0.0
0,7000.0,14.99,C,680.0,684.0,19.76,52000.0,12.0,30.0,0.0
0,35700.0,7.49,A,755.0,759.0,8.7,60000.0,8.0,16.0,0.0
0,1600.0,11.49,B,665.0,669.0,27.32,50000.0,19.0,34.0,1.0
0,35000.0,7.99,A,750.0,754.0,20.17,80000.0,6.0,13.0,0.0
0,6000.0,9.93,B,685.0,689.0,15.26,100000.0,11.0,21.0,0.0
0,18000.0,15.99,C,690.0,694.0,30.1,50000.0,12.0,20.0,0.0
0,11500.0,7.24,A,710.0,714.0,23.36,44430.0,13.0,23.0,1.0
0,15000.0,25.49,E,680.0,684.0,20.1,123964.0,10.0,36.0,1.0
1,3000.0,14.08,C,705.0,709.0,19.33,37000.0,10.0,15.0,0.0
0,30000.0,11.39,B,685.0,689.0,23.99,115000.0,13.0,22.0,0.0
0,6000.0,13.99,C,675.0,679.0,20.5,56500.0,6.0,12.0,0.0
0,9000.0,5.32,A,745.0,749.0,18.88,75000.0,13.0,18.0,0.0
0,4000.0,7.21,A,745.0,749.0,26.09,90000.0,7.0,13.0,1.0
0,25000.0,5.32,A,730.0,734.0,18.58,180000.0,28.0,46.0,0.0
0,1000.0,11.44,B,675.0,679.0,7.2,150000.0,7.0,30.0,0.0
0,25200.0,18.99,D,665.0,669.0,29.95,60000.0,9.0,19.0,0.0
1,10000.0,13.59,C,660.0,664.0,41.11,39000.0,9.0,38.0,0.0
1,8000.0,16.02,C,695.0,699.0,21.63,50000.0,14.0,16.0,1.0
1,3000.0,11.44,B,660.0,664.0,22.79,33500.0,10.0,16.0,0.0
0,20000.0,12.74,C,695.0,699.0,11.4,70000.0,16.0,19.0,0.0
0,6000.0,6.99,A,775.0,779.0,13.6,42000.0,22.0,25.0,0.0
0,35000.0,13.99,C,670.0,674.0,77.79,26000.0,8.0,17.0,0.0
0,7000.0,19.03,D,660.0,664.0,11.6,45000.0,7.0,26.0,2.0
0,30000.0,8.24,B,710.0,714.0,22.87,116000.0,20.0,39.0,0.0
0,3500.0,14.99,C,740.0,744.0,27.78,35000.0,7.0,17.0,2.0
0,5000.0,12.74,C,690.0,694.0,17.17,75000.0,15.0,24.0,1.0
0,4000.0,14.99,C,700.0,704.0,34.36,16800.0,4.0,4.0,1.0
1,4000.0,15.05,C,660.0,664.0,11.84,45000.0,4.0,7.0,0.0
0,15000.0,11.49,B,665.0,669.0,10.59,96000.0,13.0,15.0,0.0
0,8400.0,11.39,B,665.0,669.0,34.44,52164.0,16.0,23.0,0.0
0,30000.0,14.99,C,745.0,749.0,23.15,62400.0,13.0,28.0,1.0
1,5000.0,7.97,A,730.0,734.0,66.6,18000.0,13.0,19.0,0.0
1,5000.0,11.99,B,670.0,674.0,14.4,40000.0,8.0,11.0,2.0
0,10000.0,7.99,A,725.0,729.0,14.08,41000.0,3.0,7.0,0.0
0,6100.0,10.91,B,675.0,679.0,6.98,50000.0,7.0,8.0,0.0
0,8000.0,13.49,C,675.0,679.0,22.97,44000.0,6.0,7.0,0.0
1,3000.0,8.24,B,730.0,734.0,2.64,39600.0,5.0,11.0,0.0
0,10000.0,11.49,B,675.0,679.0,23.02,95000.0,9.0,14.0,1.0
1,4000.0,14.08,C,675.0,679.0,26.16,65000.0,11.0,18.0,4.0
0,12000.0,6.99,A,680.0,684.0,11.73,70000.0,10.0,13.0,0.0
0,20000.0,7.24,A,705.0,709.0,5.56,132000.0,6.0,17.0,0.0
0,17000.0,8.24,B,680.0,684.0,8.57,147000.0,8.0,14.0,0.0
1,25000.0,14.99,C,660.0,664.0,24.28,74252.0,16.0,36.0,0.0
0,20000.0,11.99,B,660.0,664.0,24.32,90000.0,11.0,22.0,0.0
0,10000.0,13.99,C,670.0,674.0,9.22,134000.0,5.0,9.0,0.0
0,5000.0,10.91,B,720.0,724.0,24.64,130000.0,15.0,48.0,1.0
0,10000.0,13.49,C,670.0,674.0,21.2,57750.0,23.0,35.0,2.0
1,5000.0,11.99,B,665.0,669.0,14.25,33600.0,3.0,5.0,0.0
0,6025.0,13.59,C,670.0,674.0,24.11,45800.0,14.0,24.0,0.0
1,4800.0,13.59,C,665.0,669.0,24.93,35000.0,8.0,11.0,1.0
0,8000.0,11.44,B,660.0,664.0,11.1,87000.0,11.0,11.0,0.0
0,15000.0,13.49,C,760.0,764.0,11.7,88000.0,9.0,24.0,1.0
1,12000.0,14.08,C,710.0,714.0,37.28,75000.0,8.0,23.0,0.0
1,12475.0,30.75,F,735.0,739.0,9.26,70000.0,7.0,8.0,1.0
0,27500.0,6.99,A,735.0,739.0,26.15,94000.0,13.0,30.0,0.0
0,32000.0,5.32,A,775.0,779.0,18.29,95740.0,22.0,46.0,0.0
0,14000.0,16.02,C,695.0,699.0,8.6,140000.0,10.0,28.0,0.0
0,5400.0,11.49,B,665.0,669.0,23.67,61800.0,8.0,13.0,0.0
0,10000.0,7.35,A,820.0,824.0,7.1,59000.0,8.0,40.0,0.0
0,10000.0,19.99,D,665.0,669.0,24.35,71000.0,14.0,28.0,1.0
0,8000.0,9.44,B,695.0,699.0,11.63,35000.0,5.0,28.0,0.0
0,6300.0,8.24,B,670.0,674.0,12.33,124000.0,2.0,28.0,0.0
0,7000.0,14.08,C,705.0,709.0,3.95,38000.0,6.0,19.0,0.0
0,15000.0,13.99,C,680.0,684.0,21.79,110000.0,14.0,21.0,0.0
1,1500.0,18.06,D,680.0,684.0,24.28,30000.0,5.0,8.0,0.0
1,12700.0,15.05,C,660.0,664.0,34.74,53000.0,12.0,16.0,2.0
0,3500.0,14.99,C,665.0,669.0,5.74,50000.0,8.0,8.0,1.0
0,8000.0,10.49,B,700.0,704.0,30.24,105000.0,7.0,36.0,0.0
0,2000.0,10.91,B,680.0,684.0,5.52,80000.0,10.0,24.0,0.0
0,11225.0,14.08,C,680.0,684.0,33.94,50000.0,13.0,24.0,0.0
0,8000.0,8.24,B,670.0,674.0,28.7,63000.0,14.0,34.0,1.0
0,2500.0,12.62,C,680.0,684.0,10.99,70000.0,7.0,24.0,0.0
1,15600.0,13.99,C,670.0,674.0,20.56,75000.0,5.0,20.0,0.0
1,27000.0,7.35,A,780.0,784.0,25.95,120000.0,16.0,25.0,1.0
1,35000.0,30.49,F,660.0,664.0,19.14,126500.0,18.0,37.0,3.0
0,18000.0,10.49,B,690.0,694.0,14.2,72000.0,6.0,11.0,0.0
1,8800.0,11.99,B,670.0,674.0,23.81,50000.0,22.0,43.0,1.0
1,10000.0,12.62,C,685.0,689.0,16.31,58240.0,7.0,8.0,0.0
0,18600.0,22.74,E,680.0,684.0,20.06,49000.0,14.0,25.0,1.0
0,15000.0,16.99,D,710.0,714.0,33.06,50386.0,8.0,15.0,0.0
0,28000.0,15.05,C,710.0,714.0,10.83,140000.0,8.0,10.0,0.0
1,35000.0,18.99,D,675.0,679.0,36.89,94420.0,24.0,56.0,1.0
0,7000.0,6.99,A,770.0,774.0,15.14,60000.0,21.0,54.0,1.0
0,2200.0,15.05,C,715.0,719.0,22.28,26500.0,12.0,16.0,2.0
0,10000.0,7.24,A,705.0,709.0,20.53,65000.0,17.0,49.0,1.0
0,16000.0,7.24,A,690.0,694.0,12.78,96000.0,9.0,10.0,0.0
0,20000.0,10.91,B,660.0,664.0,16.84,89000.0,10.0,22.0,0.0
0,15000.0,15.99,C,675.0,679.0,29.82,54000.0,11.0,16.0,0.0
0,4000.0,13.49,C,685.0,689.0,30.2,56186.0,10.0,24.0,0.0
0,6000.0,7.49,A,690.0,694.0,18.33,48000.0,6.0,11.0,0.0
0,6000.0,16.99,D,665.0,669.0,24.96,64000.0,9.0,11.0,2.0
0,2000.0,12.74,C,665.0,669.0,8.35,72000.0,11.0,37.0,0.0
0,19550.0,14.99,C,735.0,739.0,29.26,42500.0,5.0,13.0,0.0
0,10000.0,7.97,A,710.0,714.0,11.39,85000.0,8.0,20.0,0.0
0,6000.0,15.99,C,660.0,664.0,24.7,75000.0,10.0,16.0,1.0
1,9000.0,9.93,B,705.0,709.0,13.4,61000.0,7.0,12.0,0.0
0,12575.0,24.74,E,725.0,729.0,7.04,37000.0,2.0,3.0,1.0
0,6400.0,10.49,B,665.0,669.0,16.98,35000.0,7.0,15.0,0.0
0,20000.0,10.91,B,705.0,709.0,4.53,29120.0,4.0,13.0,0.0
1,35000.0,24.74,E,695.0,699.0,15.44,91000.0,13.0,33.0,3.0
0,7200.0,10.91,B,665.0,669.0,10.92,39000.0,8.0,19.0,0.0
0,3500.0,11.49,B,700.0,704.0,26.93,110000.0,12.0,23.0,0.0
0,6000.0,16.99,D,735.0,739.0,32.62,40000.0,13.0,30.0,2.0
0,18000.0,12.74,C,665.0,669.0,12.88,71000.0,15.0,24.0,0.0
0,6500.0,9.93,B,690.0,694.0,12.5,75000.0,18.0,22.0,0.0
0,10000.0,15.99,C,700.0,704.0,6.85,28000.0,2.0,5.0,0.0
0,10000.0,13.49,C,700.0,704.0,33.65,75000.0,10.0,32.0,0.0
0,7200.0,11.49,B,670.0,674.0,17.8,48000.0,7.0,11.0,0.0
0,20000.0,10.42,B,690.0,694.0,14.58,48000.0,4.0,6.0,1.0
0,16000.0,8.24,B,710.0,714.0,16.35,130000.0,16.0,35.0,0.0
1,7200.0,11.49,B,660.0,664.0,29.08,48000.0,11.0,24.0,2.0
0,15000.0,10.49,B,730.0,734.0,22.98,55000.0,10.0,25.0,1.0
0,6125.0,28.69,F,690.0,694.0,10.37,100000.0,7.0,14.0,1.0
0,16800.0,7.99,A,710.0,714.0,8.77,85000.0,17.0,27.0,0.0
0,3000.0,16.99,D,660.0,664.0,8.11,37000.0,7.0,12.0,1.0
0,8000.0,7.99,A,685.0,689.0,29.49,49000.0,14.0,18.0,0.0
0,29000.0,8.24,B,720.0,724.0,19.66,60000.0,11.0,20.0,0.0
0,1600.0,12.62,C,660.0,664.0,28.01,76000.0,14.0,24.0,0.0
0,35000.0,16.99,D,680.0,684.0,13.64,88800.0,7.0,20.0,1.0
0,15000.0,13.49,C,665.0,669.0,7.8,82500.0,19.0,31.0,1.0
0,10000.0,13.99,C,680.0,684.0,26.36,51808.0,11.0,19.0,1.0
1,8000.0,11.44,B,705.0,709.0,12.9,60000.0,14.0,19.0,1.0
1,2000.0,9.44,B,725.0,729.0,17.49,68000.0,15.0,22.0,0.0
0,10000.0,10.49,B,680.0,684.0,26.7,65000.0,18.0,27.0,1.0
0,40000.0,5.32,A,770.0,774.0,14.71,360000.0,13.0,25.0,1.0
0,10000.0,11.39,B,660.0,664.0,9.68,75000.0,7.0,11.0,1.0
0,24000.0,6.99,A,700.0,704.0,13.83,105065.0,9.0,29.0,0.0
0,15000.0,18.06,D,675.0,679.0,24.21,71000.0,14.0,17.0,1.0
1,20000.0,14.99,C,710.0,714.0,29.66,94000.0,22.0,36.0,0.0
0,15000.0,5.32,A,815.0,819.0,13.77,90000.0,9.0,23.0,1.0
0,14400.0,6.99,A,705.0,709.0,13.73,120000.0,11.0,15.0,2.0
0,15000.0,7.99,A,685.0,689.0,10.77,105000.0,20.0,30.0,0.0
0,3000.0,7.97,A,745.0,749.0,14.5,70000.0,10.0,18.0,0.0
1,10000.0,12.74,C,675.0,679.0,7.26,75000.0,12.0,33.0,1.0
0,2850.0,13.49,C,705.0,709.0,11.58,96000.0,16.0,39.0,3.0
0,27500.0,9.44,B,735.0,739.0,32.07,100000.0,16.0,20.0,0.0
0,10000.0,10.91,B,680.0,684.0,8.15,69835.21,10.0,13.0,0.0
0,29050.0,7.97,A,690.0,694.0,24.05,122000.0,13.0,23.0,0.0
1,9000.0,13.59,C,665.0,669.0,33.63,42500.0,10.0,37.0,1.0
0,3900.0,11.44,B,705.0,709.0,9.66,46000.0,5.0,6.0,2.0
0,20000.0,7.35,A,725.0,729.0,9.94,72340.0,13.0,22.0,1.0
0,15000.0,13.59,C,675.0,679.0,14.74,43812.0,8.0,10.0,0.0
0,18600.0,11.44,B,665.0,669.0,16.18,62000.0,13.0,20.0,0.0
1,6000.0,16.02,C,660.0,664.0,8.44,35000.0,5.0,7.0,1.0
0,33000.0,23.88,E,680.0,684.0,21.75,66000.0,7.0,11.0,0.0
0,11000.0,9.44,B,670.0,674.0,10.09,76000.0,5.0,11.0,0.0
0,4800.0,7.21,A,710.0,714.0,15.77,87500.0,8.0,16.0,0.0
0,11000.0,15.99,C,665.0,669.0,32.16,22350.0,5.0,8.0,0.0
0,20000.0,11.49,B,690.0,694.0,19.73,120000.0,12.0,36.0,0.0
0,10000.0,10.49,B,690.0,694.0,11.86,117000.0,12.0,18.0,1.0
1,22125.0,17.09,D,710.0,714.0,38.3,81000.0,18.0,34.0,0.0
1,8350.0,18.06,D,685.0,689.0,8.97,40000.0,5.0,5.0,0.0
0,15000.0,5.32,A,795.0,799.0,15.49,120000.0,9.0,28.0,0.0
1,10000.0,14.08,C,695.0,699.0,3.14,70000.0,11.0,19.0,1.0
1,12000.0,11.49,B,675.0,679.0,14.78,80000.0,7.0,12.0,0.0
0,4400.0,12.74,C,675.0,679.0,16.6,110000.0,11.0,28.0,0.0
0,12000.0,7.24,A,825.0,829.0,5.82,180000.0,14.0,28.0,0.0
1,14000.0,12.62,C,695.0,699.0,15.83,80000.0,14.0,14.0,1.0
0,7600.0,14.99,C,705.0,709.0,27.53,33000.0,8.0,13.0,0.0
0,6000.0,7.35,A,770.0,774.0,11.41,75000.0,7.0,21.0,0.0
1,6025.0,14.08,C,715.0,719.0,15.59,47000.0,13.0,22.0,1.0
0,9000.0,7.24,A,790.0,794.0,24.18,67992.0,10.0,18.0,0.0
0,8000.0,8.24,B,720.0,724.0,25.04,90000.0,18.0,38.0,1.0
1,25000.0,25.82,E,685.0,689.0,13.86,150000.0,7.0,9.0,1.0
0,21000.0,7.49,A,735.0,739.0,13.01,80000.0,12.0,25.0,1.0
0,21100.0,13.49,C,680.0,684.0,22.7,48000.0,10.0,32.0,0.0
0,21500.0,5.32,A,750.0,754.0,14.35,237510.0,14.0,26.0,0.0
0,14000.0,13.99,C,660.0,664.0,17.33,46750.0,5.0,5.0,0.0
0,7200.0,5.32,A,770.0,774.0,17.31,116600.0,18.0,35.0,0.0
0,28000.0,15.99,C,675.0,679.0,0.25,8300000.0,14.0,44.0,1.0
1,1000.0,21.45,D,685.0,689.0,15.97,36000.0,5.0,15.0,1.0
1,4000.0,9.44,B,670.0,674.0,16.2,38000.0,12.0,29.0,0.0
0,4300.0,9.44,B,670.0,674.0,5.83,35000.0,5.0,5.0,0.0
0,12000.0,8.24,B,665.0,669.0,16.18,60000.0,14.0,21.0,2.0
1,10000.0,14.08,C,680.0,684.0,19.33,75000.0,12.0,43.0,1.0
0,8400.0,11.49,B,660.0,664.0,9.62,60000.0,5.0,9.0,1.0
0,14000.0,7.97,A,675.0,679.0,16.18,135000.0,11.0,22.0,0.0
0,10000.0,12.74,C,665.0,669.0,22.55,38000.0,11.0,26.0,2.0
0,40000.0,14.99,C,690.0,694.0,32.19,175000.0,23.0,51.0,0.0
0,2500.0,5.32,A,720.0,724.0,26.15,125000.0,14.0,23.0,1.0
0,4000.0,7.24,A,715.0,719.0,29.6,80000.0,19.0,38.0,0.0
0,10800.0,9.44,B,660.0,664.0,11.96,60000.0,12.0,35.0,0.0
1,24000.0,16.02,C,700.0,704.0,4.37,50000.0,5.0,9.0,0.0
0,7800.0,13.59,C,710.0,714.0,24.41,85000.0,16.0,40.0,0.0
0,1500.0,13.59,C,685.0,689.0,17.19,55000.0,16.0,36.0,4.0
0,35000.0,11.99,B,700.0,704.0,62.24,50000.0,13.0,32.0,0.0
0,9000.0,11.99,B,715.0,719.0,22.16,100000.0,17.0,34.0,0.0
1,5975.0,12.62,C,665.0,669.0,9.15,70000.0,7.0,17.0,0.0
1,15000.0,11.44,B,665.0,669.0,17.23,53000.0,8.0,14.0,2.0
0,15000.0,11.39,B,675.0,679.0,22.72,76000.0,13.0,32.0,0.0
0,3500.0,7.24,A,720.0,724.0,18.37,72000.0,7.0,20.0,0.0
0,7200.0,7.07,A,760.0,764.0,13.77,55000.0,11.0,34.0,0.0
0,40000.0,19.03,D,680.0,684.0,27.2,130000.0,19.0,28.0,0.0
0,15000.0,15.99,C,710.0,714.0,31.99,80000.0,31.0,49.0,0.0
0,16000.0,13.99,C,685.0,689.0,21.17,80000.0,14.0,26.0,0.0
0,8850.0,7.49,A,690.0,694.0,15.79,50000.0,10.0,17.0,2.0
0,10000.0,30.84,G,670.0,674.0,31.79,70000.0,22.0,34.0,3.0
1,12600.0,7.35,A,770.0,774.0,0.0,35000.0,2.0,4.0,0.0
0,6000.0,9.44,B,680.0,684.0,12.32,30000.0,7.0,19.0,0.0
0,12600.0,10.91,B,715.0,719.0,10.39,122500.0,16.0,19.0,0.0
0,10000.0,10.49,B,675.0,679.0,11.58,96000.0,10.0,18.0,0.0
0,24000.0,14.99,C,690.0,694.0,19.18,100000.0,11.0,15.0,2.0
0,12000.0,17.99,D,675.0,679.0,21.8,42000.0,15.0,18.0,1.0
1,5000.0,12.62,C,670.0,674.0,13.1,35000.0,5.0,10.0,0.0
1,5000.0,9.93,B,675.0,679.0,18.23,95000.0,16.0,43.0,1.0
0,9600.0,5.32,A,745.0,749.0,9.92,105000.0,16.0,29.0,0.0
1,22300.0,19.03,D,695.0,699.0,15.46,58700.0,7.0,25.0,0.0
1,16550.0,24.85,E,710.0,714.0,38.7,36000.0,15.0,23.0,0.0
1,8000.0,11.49,B,660.0,664.0,13.04,34500.0,14.0,37.0,0.0
1,12000.0,9.93,B,715.0,719.0,0.0,38000.0,3.0,6.0,0.0
0,5000.0,12.74,C,660.0,664.0,5.51,120000.0,3.0,20.0,0.0
1,4000.0,8.24,B,685.0,689.0,30.78,92916.0,20.0,36.0,0.0
1,5000.0,12.62,C,705.0,709.0,29.73,100000.0,24.0,42.0,0.0
0,10000.0,17.99,D,670.0,674.0,29.01,35000.0,13.0,24.0,0.0
0,9500.0,5.32,A,770.0,774.0,28.58,178000.0,39.0,73.0,2.0
0,6000.0,10.42,B,685.0,689.0,12.2,60000.0,11.0,19.0,0.0
0,2500.0,18.99,D,660.0,664.0,30.16,90000.0,24.0,36.0,1.0
0,8000.0,11.39,B,675.0,679.0,18.89,50000.0,5.0,12.0,0.0
0,10000.0,11.49,B,675.0,679.0,20.06,60000.0,8.0,20.0,0.0
0,7200.0,12.74,C,670.0,674.0,30.4,85000.0,16.0,28.0,0.0
0,15000.0,7.24,A,720.0,724.0,27.12,80000.0,26.0,45.0,2.0
0,6200.0,6.99,A,795.0,799.0,8.71,42000.0,8.0,22.0,0.0
0,19200.0,8.24,B,715.0,719.0,20.33,112000.0,11.0,24.0,0.0
1,11500.0,10.42,B,665.0,669.0,22.74,74000.0,12.0,22.0,0.0
0,7200.0,11.49,B,685.0,689.0,9.31,41000.0,5.0,16.0,0.0
0,21550.0,16.99,D,790.0,794.0,15.65,49000.0,5.0,14.0,0.0
0,35000.0,10.49,B,720.0,724.0,15.46,350000.0,9.0,34.0,0.0
0,10000.0,12.74,C,685.0,689.0,21.54,50000.0,7.0,12.0,1.0
0,32000.0,7.07,A,735.0,739.0,14.25,260000.0,23.0,30.0,1.0
0,15000.0,10.49,B,665.0,669.0,11.71,120000.0,15.0,32.0,1.0
1,32000.0,12.74,C,680.0,684.0,21.69,150000.0,26.0,40.0,3.0
1,15000.0,16.02,C,665.0,669.0,21.36,55000.0,14.0,36.0,1.0
0,7200.0,14.99,C,665.0,669.0,18.24,54000.0,7.0,11.0,0.0
1,7000.0,10.42,B,685.0,689.0,13.76,40000.0,13.0,16.0,0.0
0,3500.0,11.39,B,745.0,749.0,26.76,54000.0,3.0,4.0,0.0
1,6000.0,11.49,B,680.0,684.0,11.34,42000.0,6.0,10.0,1.0
1,12000.0,13.59,C,700.0,704.0,27.13,38000.0,14.0,19.0,2.0
0,4000.0,13.49,C,700.0,704.0,17.22,25000.0,12.0,20.0,0.0
0,9100.0,5.32,A,740.0,744.0,16.98,80000.0,10.0,24.0,0.0
0,10600.0,9.44,B,745.0,749.0,31.25,32800.0,16.0,25.0,0.0
0,7200.0,14.08,C,665.0,669.0,29.55,40000.0,35.0,47.0,1.0
0,32000.0,5.32,A,725.0,729.0,15.64,175000.0,16.0,21.0,1.0
0,3600.0,7.07,A,735.0,739.0,28.14,51600.0,24.0,38.0,0.0
0,5000.0,13.49,C,725.0,729.0,25.38,60000.0,14.0,19.0,1.0
1,20000.0,11.99,B,730.0,734.0,10.04,27000.0,3.0,3.0,0.0
0,19950.0,13.99,C,675.0,679.0,41.4,48000.0,16.0,33.0,1.0
0,2000.0,10.91,B,660.0,664.0,14.8,33000.0,6.0,17.0,1.0
1,12000.0,14.08,C,670.0,674.0,11.43,65000.0,6.0,9.0,0.0
1,11025.0,30.84,G,660.0,664.0,21.2,53000.0,5.0,9.0,4.0
1,2000.0,21.45,D,700.0,704.0,39.21,55000.0,11.0,32.0,1.0
0,7200.0,13.59,C,680.0,684.0,29.4,111000.0,13.0,24.0,0.0
0,15000.0,5.32,A,690.0,694.0,3.83,175000.0,9.0,28.0,1.0
0,20000.0,10.42,B,700.0,704.0,20.1,143000.0,22.0,55.0,0.0
0,16000.0,14.99,C,670.0,674.0,17.14,49500.0,7.0,28.0,1.0
0,7775.0,13.99,C,705.0,709.0,23.46,21800.0,4.0,4.0,0.0
0,15000.0,11.49,B,715.0,719.0,17.07,50000.0,7.0,20.0,0.0
1,30000.0,18.99,D,695.0,699.0,32.58,80000.0,18.0,38.0,0.0
0,6000.0,29.99,F,685.0,689.0,17.29,45000.0,19.0,64.0,4.0
1,1000.0,11.99,B,770.0,774.0,9.07,45000.0,3.0,4.0,0.0
0,5000.0,19.03,D,665.0,669.0,23.28,40000.0,6.0,20.0,0.0
0,8000.0,16.99,D,685.0,689.0,27.24,30000.0,5.0,7.0,1.0
0,7000.0,11.49,B,685.0,689.0,4.66,50000.0,7.0,12.0,0.0
0,29300.0,23.88,E,700.0,704.0,17.13,70000.0,10.0,20.0,1.0
0,1500.0,8.24,B,700.0,704.0,27.64,88000.0,17.0,27.0,0.0
0,15000.0,5.32,A,725.0,729.0,19.6,147500.0,15.0,47.0,1.0
0,35000.0,7.49,A,730.0,734.0,7.36,300000.0,14.0,40.0,0.0
0,6400.0,7.97,A,690.0,694.0,17.8,42000.0,24.0,33.0,1.0
1,35000.0,11.99,B,665.0,669.0,17.71,225000.0,9.0,24.0,1.0
0,4000.0,5.32,A,765.0,769.0,17.36,66000.0,11.0,30.0,0.0
0,20000.0,11.49,B,685.0,689.0,16.97,72000.0,12.0,29.0,0.0
1,15000.0,15.05,C,675.0,679.0,34.62,65000.0,12.0,25.0,0.0
0,10000.0,12.74,C,685.0,689.0,20.21,37000.0,6.0,11.0,0.0
0,3200.0,14.08,C,695.0,699.0,7.33,55000.0,18.0,28.0,0.0
0,7000.0,10.49,B,690.0,694.0,13.9,60000.0,5.0,7.0,0.0
1,8000.0,21.45,D,665.0,669.0,18.74,93000.0,11.0,16.0,0.0
1,9250.0,16.99,D,665.0,669.0,25.2,34000.0,11.0,11.0,1.0
1,40000.0,11.99,B,685.0,689.0,22.97,110000.0,15.0,31.0,0.0
0,5000.0,8.24,B,660.0,664.0,5.23,53000.0,5.0,17.0,0.0
0,18000.0,17.99,D,685.0,689.0,20.98,60000.0,13.0,18.0,2.0
1,7500.0,18.06,D,670.0,674.0,18.19,38000.0,15.0,19.0,1.0
0,3000.0,7.21,A,800.0,804.0,0.78,95000.0,2.0,9.0,1.0
1,5000.0,14.08,C,660.0,664.0,13.59,58000.0,9.0,13.0,0.0
0,10000.0,7.35,A,680.0,684.0,17.58,60000.0,8.0,24.0,0.0
0,6000.0,14.99,C,685.0,689.0,33.48,18638.0,10.0,17.0,1.0
0,9600.0,25.49,E,715.0,719.0,26.44,58000.0,4.0,5.0,0.0
0,3500.0,7.49,A,685.0,689.0,16.29,42000.0,15.0,24.0,1.0
0,4000.0,10.42,B,660.0,664.0,20.12,47000.0,5.0,46.0,0.0
0,25000.0,7.99,A,735.0,739.0,3.81,65000.0,7.0,21.0,0.0
0,3200.0,10.42,B,710.0,714.0,15.11,41300.0,7.0,12.0,0.0
0,14000.0,12.74,C,690.0,694.0,20.67,57250.0,11.0,14.0,0.0
0,15000.0,7.97,A,705.0,709.0,19.13,84000.0,12.0,28.0,0.0
0,10500.0,7.49,A,715.0,719.0,11.57,75000.0,5.0,15.0,0.0
0,6000.0,11.49,B,660.0,664.0,12.12,42180.0,6.0,21.0,2.0
0,18250.0,11.49,B,660.0,664.0,13.72,62000.0,19.0,35.0,1.0
1,21000.0,21.45,D,685.0,689.0,24.08,88100.0,22.0,29.0,3.0
0,28000.0,7.99,A,680.0,684.0,8.43,225000.0,14.0,27.0,1.0
1,5000.0,16.02,C,770.0,774.0,5.43,23000.0,4.0,4.0,1.0
0,5500.0,12.74,C,670.0,674.0,10.93,45000.0,5.0,7.0,0.0
0,3600.0,15.99,C,675.0,679.0,21.35,56000.0,11.0,21.0,0.0
0,5525.0,22.74,E,715.0,719.0,28.79,49000.0,15.0,27.0,0.0
0,12000.0,7.97,A,690.0,694.0,16.98,145000.0,23.0,28.0,2.0
1,5000.0,7.35,A,770.0,774.0,16.24,69000.0,12.0,21.0,0.0
0,35000.0,15.99,C,670.0,674.0,21.79,150000.0,15.0,30.0,0.0
0,10000.0,5.32,A,750.0,754.0,15.83,80000.0,11.0,23.0,0.0
0,5000.0,14.08,C,665.0,669.0,11.91,65000.0,11.0,13.0,0.0
0,4000.0,10.42,B,740.0,744.0,26.67,36400.0,10.0,19.0,1.0
0,16000.0,7.99,A,680.0,684.0,24.01,85000.0,25.0,34.0,2.0
0,2500.0,12.74,C,675.0,679.0,16.3,65000.0,17.0,28.0,2.0
0,12000.0,8.24,B,715.0,719.0,9.44,65000.0,7.0,13.0,0.0
0,10000.0,13.99,C,675.0,679.0,14.22,40000.0,8.0,26.0,0.0
0,29525.0,9.44,B,685.0,689.0,5.66,150000.0,4.0,14.0,0.0
0,6000.0,7.35,A,715.0,719.0,6.62,80000.0,7.0,18.0,0.0
0,12000.0,10.49,B,670.0,674.0,9.32,68000.0,8.0,29.0,0.0
1,16000.0,15.99,C,675.0,679.0,24.62,82000.0,17.0,33.0,0.0
0,36000.0,11.99,B,735.0,739.0,30.2,130000.0,12.0,25.0,1.0
0,35000.0,18.06,D,660.0,664.0,6.68,100000.0,14.0,34.0,0.0
0,4200.0,7.24,A,745.0,749.0,23.26,32000.0,12.0,19.0,0.0
0,7000.0,14.08,C,670.0,674.0,26.38,50000.0,17.0,35.0,0.0
0,2400.0,21.45,D,665.0,669.0,33.38,60000.0,10.0,45.0,0.0
0,12000.0,7.21,A,790.0,794.0,25.23,68000.0,13.0,37.0,0.0
0,12000.0,7.24,A,715.0,719.0,29.3,48000.0,8.0,28.0,1.0
0,4500.0,13.49,C,705.0,709.0,15.33,54000.0,15.0,22.0,3.0
0,10000.0,7.24,A,735.0,739.0,15.13,69000.0,7.0,20.0,0.0
0,10000.0,5.32,A,715.0,719.0,11.84,120000.0,14.0,37.0,1.0
1,6075.0,12.62,C,675.0,679.0,19.46,38000.0,8.0,13.0,0.0
0,32350.0,13.99,C,670.0,674.0,14.38,165000.0,13.0,31.0,0.0
0,20000.0,9.44,B,695.0,699.0,9.22,135000.0,21.0,39.0,0.0
1,15000.0,16.02,C,675.0,679.0,34.23,50000.0,10.0,14.0,0.0
1,6025.0,18.06,D,680.0,684.0,23.93,50000.0,7.0,7.0,1.0
0,20000.0,7.99,A,685.0,689.0,25.1,96300.0,24.0,47.0,0.0
0,22200.0,7.24,A,735.0,739.0,29.37,150000.0,16.0,37.0,0.0
0,20725.0,21.45,D,715.0,719.0,13.43,125000.0,6.0,18.0,0.0
1,6025.0,11.49,B,725.0,729.0,17.76,40000.0,5.0,7.0,0.0
0,40000.0,7.07,A,720.0,724.0,4.22,380000.0,21.0,32.0,0.0
1,5000.0,13.99,C,685.0,689.0,28.89,40000.0,10.0,28.0,0.0
1,5000.0,12.74,C,665.0,669.0,20.36,30000.0,15.0,20.0,1.0
0,5000.0,11.44,B,690.0,694.0,20.86,39000.0,18.0,31.0,0.0
1,20000.0,19.03,D,680.0,684.0,7.91,80000.0,6.0,6.0,0.0
0,5000.0,5.32,A,725.0,729.0,17.28,50000.0,15.0,25.0,0.0
1,7500.0,12.62,C,715.0,719.0,22.7,59750.0,8.0,13.0,0.0
0,35000.0,18.99,D,705.0,709.0,24.23,79500.0,12.0,32.0,0.0
0,18250.0,14.99,C,690.0,694.0,31.08,70000.0,10.0,27.0,0.0
1,15000.0,9.93,B,665.0,669.0,16.13,75000.0,11.0,27.0,0.0
1,35000.0,14.08,C,680.0,684.0,2.8,180000.0,36.0,41.0,1.0
0,3200.0,8.24,B,730.0,734.0,12.39,110000.0,17.0,33.0,1.0
1,20000.0,11.44,B,735.0,739.0,16.18,105000.0,7.0,7.0,1.0
1,6025.0,14.08,C,660.0,664.0,20.5,38000.0,7.0,19.0,0.0
0,20000.0,7.24,A,690.0,694.0,18.96,179000.0,10.0,31.0,2.0
0,14000.0,10.49,B,730.0,734.0,12.78,60000.0,12.0,20.0,2.0
1,10000.0,10.91,B,660.0,664.0,25.13,80000.0,18.0,31.0,1.0
0,24000.0,19.03,D,670.0,674.0,35.48,74000.0,14.0,43.0,2.0
0,5600.0,7.97,A,670.0,674.0,22.16,65000.0,10.0,13.0,0.0
0,4875.0,12.74,C,740.0,744.0,27.48,49000.0,7.0,9.0,0.0
0,6500.0,10.49,B,715.0,719.0,28.6,48000.0,11.0,16.0,0.0
0,16000.0,7.07,A,740.0,744.0,12.18,88000.0,14.0,16.0,0.0
0,15000.0,16.02,C,700.0,704.0,27.77,120000.0,19.0,34.0,0.0
0,11200.0,7.21,A,710.0,714.0,7.29,270000.0,7.0,27.0,0.0
0,6000.0,11.44,B,750.0,754.0,19.42,28000.0,8.0,10.0,0.0
0,4500.0,6.99,A,730.0,734.0,16.63,34000.0,10.0,13.0,0.0
0,4000.0,11.49,B,675.0,679.0,6.14,50400.0,7.0,12.0,0.0
1,6850.0,15.99,C,685.0,689.0,32.92,47000.0,10.0,23.0,1.0
0,3025.0,10.49,B,785.0,789.0,28.74,56000.0,13.0,42.0,0.0
0,7000.0,12.74,C,675.0,679.0,19.5,36000.0,6.0,8.0,0.0
0,7000.0,8.24,B,665.0,669.0,3.42,60000.0,3.0,11.0,1.0
1,40000.0,7.24,A,735.0,739.0,12.33,125000.0,9.0,16.0,0.0
0,11000.0,13.49,C,680.0,684.0,15.76,27780.0,5.0,9.0,0.0
0,12000.0,5.32,A,710.0,714.0,9.54,125000.0,8.0,26.0,0.0
0,20000.0,13.49,C,685.0,689.0,9.65,180000.0,21.0,44.0,2.0
0,12000.0,7.49,A,715.0,719.0,20.5,75000.0,13.0,24.0,0.0
0,1200.0,28.69,F,660.0,664.0,26.63,42000.0,9.0,26.0,2.0
0,5000.0,11.49,B,695.0,699.0,9.29,46500.0,6.0,8.0,0.0
1,15000.0,12.62,C,670.0,674.0,8.16,92000.0,9.0,18.0,0.0
0,4500.0,7.35,A,725.0,729.0,20.28,32190.0,6.0,10.0,0.0
1,8400.0,12.62,C,700.0,704.0,27.17,59672.0,8.0,14.0,0.0
0,5000.0,5.32,A,740.0,744.0,4.82,65000.0,3.0,21.0,0.0
1,4000.0,13.59,C,695.0,699.0,9.07,45000.0,22.0,24.0,2.0
1,4800.0,12.62,C,685.0,689.0,31.35,49800.0,8.0,15.0,0.0
0,8400.0,14.99,C,675.0,679.0,21.07,30300.0,8.0,10.0,1.0
0,30000.0,14.08,C,710.0,714.0,18.98,208000.0,10.0,25.0,0.0
0,9800.0,15.05,C,675.0,679.0,12.88,230000.0,18.0,50.0,2.0
0,10000.0,16.99,D,670.0,674.0,9.07,37700.0,4.0,14.0,0.0
1,2300.0,12.62,C,680.0,684.0,20.0,42000.0,8.0,20.0,1.0
0,25000.0,18.99,D,725.0,729.0,26.47,100000.0,8.0,11.0,0.0
0,15600.0,6.99,A,690.0,694.0,16.38,68640.0,14.0,18.0,0.0
1,12000.0,10.91,B,680.0,684.0,7.56,60000.0,14.0,74.0,1.0
0,1600.0,9.44,B,730.0,734.0,6.86,35000.0,12.0,14.0,1.0
0,6000.0,24.74,E,705.0,709.0,26.21,75000.0,13.0,46.0,0.0
0,25725.0,11.39,B,690.0,694.0,16.99,90420.0,15.0,33.0,2.0
0,20000.0,11.49,B,665.0,669.0,23.87,90432.0,23.0,39.0,2.0
1,10000.0,18.06,D,670.0,674.0,11.15,120000.0,21.0,26.0,5.0
0,8000.0,19.03,D,705.0,709.0,4.25,37000.0,9.0,16.0,1.0
0,9000.0,7.07,A,750.0,754.0,24.88,60000.0,16.0,31.0,0.0
0,12000.0,7.21,A,700.0,704.0,29.24,63000.0,14.0,28.0,1.0
0,1500.0,11.49,B,660.0,664.0,20.96,49000.0,16.0,22.0,0.0
0,2800.0,9.44,B,695.0,699.0,19.27,85000.0,16.0,33.0,1.0
1,30000.0,20.0,D,690.0,694.0,18.4,83549.67,6.0,6.0,2.0
1,20000.0,17.99,D,670.0,674.0,4.31,135000.0,13.0,18.0,2.0
0,15000.0,14.99,C,675.0,679.0,22.27,45000.0,10.0,31.0,0.0
0,3200.0,17.99,D,665.0,669.0,22.95,78400.0,13.0,15.0,0.0
0,5000.0,5.32,A,730.0,734.0,13.09,161000.0,18.0,34.0,0.0
0,5000.0,9.93,B,670.0,674.0,19.74,64000.0,12.0,35.0,1.0
0,35000.0,8.24,B,725.0,729.0,15.71,80000.0,6.0,24.0,0.0
0,12000.0,6.99,A,715.0,719.0,22.15,160000.0,13.0,23.0,0.0
0,25000.0,12.74,C,735.0,739.0,15.33,74000.0,11.0,22.0,1.0
0,13675.0,8.24,B,765.0,769.0,13.74,65000.0,5.0,22.0,1.0
0,14500.0,25.49,E,665.0,669.0,27.21,50600.0,11.0,21.0,2.0
0,12400.0,21.45,D,675.0,679.0,18.25,33000.0,14.0,25.0,1.0
0,7500.0,7.49,A,735.0,739.0,11.76,53040.0,16.0,21.0,0.0
0,10000.0,7.99,A,770.0,774.0,15.31,75000.0,14.0,30.0,2.0
1,10000.0,9.44,B,695.0,699.0,14.65,87637.0,17.0,23.0,0.0
1,12000.0,11.39,B,725.0,729.0,14.49,71000.0,7.0,14.0,0.0
1,6000.0,7.07,A,745.0,749.0,32.9,46000.0,14.0,36.0,1.0
0,9600.0,12.74,C,700.0,704.0,19.44,50000.0,18.0,33.0,0.0
1,1000.0,14.08,C,790.0,794.0,5.41,73000.0,4.0,8.0,0.0
0,11000.0,9.44,B,690.0,694.0,16.25,48000.0,14.0,22.0,0.0
0,2500.0,7.49,A,720.0,724.0,14.91,176000.0,18.0,52.0,1.0
0,6000.0,5.32,A,800.0,804.0,6.81,87276.0,14.0,32.0,1.0
0,7000.0,7.97,A,700.0,704.0,26.55,58000.0,8.0,14.0,1.0
1,16000.0,10.49,B,690.0,694.0,21.17,78000.0,11.0,33.0,0.0
0,40000.0,16.99,D,690.0,694.0,12.77,120000.0,8.0,11.0,1.0
0,3000.0,13.99,C,660.0,664.0,8.21,107000.0,11.0,34.0,0.0
1,14400.0,17.99,D,695.0,699.0,16.22,32784.0,12.0,21.0,1.0
0,18000.0,5.32,A,700.0,704.0,11.11,85000.0,6.0,11.0,0.0
0,1600.0,12.74,C,740.0,744.0,33.01,16000.0,13.0,31.0,0.0
0,25000.0,14.99,C,740.0,744.0,30.6,76000.0,17.0,31.0,1.0
1,8000.0,23.99,E,680.0,684.0,13.63,25000.0,4.0,9.0,0.0
0,6000.0,9.93,B,660.0,664.0,21.16,49000.0,8.0,10.0,0.0
0,15050.0,10.49,B,750.0,754.0,11.55,40000.0,4.0,10.0,0.0
1,40000.0,8.24,B,730.0,734.0,22.7,140000.0,17.0,31.0,0.0
1,40000.0,18.06,D,685.0,689.0,17.89,105000.0,11.0,20.0,3.0
0,3425.0,7.97,A,775.0,779.0,17.06,42000.0,12.0,13.0,1.0
0,5000.0,18.06,D,660.0,664.0,24.56,54200.0,11.0,49.0,0.0
0,4000.0,9.44,B,750.0,754.0,30.67,38000.0,15.0,33.0,1.0
0,9000.0,7.49,A,695.0,699.0,7.93,66000.0,22.0,36.0,0.0
1,35000.0,12.74,C,690.0,694.0,13.27,116500.0,8.0,16.0,2.0
0,12000.0,7.24,A,780.0,784.0,23.25,45000.0,13.0,27.0,1.0
0,5000.0,8.24,B,670.0,674.0,10.76,95000.0,4.0,15.0,0.0
0,5500.0,11.44,B,760.0,764.0,3.49,45000.0,5.0,5.0,0.0
0,8325.0,13.49,C,665.0,669.0,25.61,40307.28,9.0,18.0,1.0
1,14400.0,10.91,B,675.0,679.0,22.15,81500.0,21.0,46.0,2.0
0,14950.0,11.49,B,710.0,714.0,16.09,47500.0,8.0,12.0,0.0
0,37825.0,7.21,A,700.0,704.0,15.58,220000.0,12.0,25.0,0.0
1,12650.0,17.99,D,670.0,674.0,20.27,35000.0,8.0,13.0,0.0
0,24000.0,10.91,B,695.0,699.0,20.39,70000.0,10.0,17.0,0.0
0,7200.0,28.69,F,700.0,704.0,32.11,73000.0,9.0,13.0,3.0
1,9500.0,14.08,C,670.0,674.0,16.04,41000.0,10.0,12.0,1.0
0,10000.0,10.42,B,695.0,699.0,7.42,38000.0,4.0,8.0,0.0
0,25000.0,14.99,C,740.0,744.0,18.21,80000.0,4.0,7.0,0.0
0,1150.0,25.49,E,675.0,679.0,19.68,40000.0,11.0,13.0,2.0
0,15000.0,7.99,A,705.0,709.0,19.08,46800.0,5.0,8.0,0.0
0,4625.0,13.49,C,665.0,669.0,6.71,14500.0,3.0,4.0,0.0
0,16500.0,8.24,B,715.0,719.0,12.05,47000.0,14.0,21.0,1.0
0,9225.0,11.49,B,695.0,699.0,11.86,26400.0,9.0,34.0,0.0
0,25000.0,8.24,B,700.0,704.0,17.05,115000.0,14.0,33.0,0.0
1,10000.0,10.42,B,765.0,769.0,21.03,36000.0,8.0,20.0,0.0
1,35000.0,9.44,B,675.0,679.0,4.32,150000.0,4.0,16.0,1.0
0,6900.0,11.49,B,710.0,714.0,8.44,82000.0,8.0,12.0,0.0
0,24000.0,11.39,B,665.0,669.0,37.14,40000.0,13.0,20.0,0.0
0,10000.0,5.32,A,730.0,734.0,8.9,99707.0,6.0,11.0,0.0
0,4000.0,6.99,A,700.0,704.0,12.82,200000.0,18.0,28.0,0.0
1,4000.0,7.97,A,680.0,684.0,16.67,36000.0,9.0,21.0,0.0
0,8000.0,12.74,C,670.0,674.0,18.0,42000.0,12.0,18.0,0.0
0,8000.0,7.99,A,715.0,719.0,22.06,150000.0,10.0,17.0,0.0
0,5000.0,13.59,C,680.0,684.0,8.68,30000.0,6.0,10.0,1.0
0,20000.0,15.05,C,670.0,674.0,27.65,140000.0,25.0,44.0,1.0
0,20000.0,7.49,A,700.0,704.0,24.59,102000.0,10.0,16.0,1.0
1,22100.0,13.49,C,730.0,734.0,31.72,150000.0,12.0,33.0,0.0
0,6000.0,11.99,B,710.0,714.0,23.94,75000.0,15.0,40.0,0.0
1,5000.0,7.07,A,725.0,729.0,9.56,75000.0,11.0,22.0,0.0
0,25000.0,13.99,C,675.0,679.0,14.12,275000.0,18.0,31.0,2.0
0,32000.0,24.74,E,715.0,719.0,27.05,133000.0,11.0,21.0,4.0
1,10000.0,14.99,C,665.0,669.0,18.61,90000.0,14.0,17.0,2.0
0,22000.0,7.49,A,800.0,804.0,7.79,90000.0,12.0,26.0,1.0
0,8000.0,11.39,B,730.0,734.0,16.07,90000.0,20.0,40.0,2.0
0,30000.0,12.74,C,765.0,769.0,31.98,85000.0,9.0,16.0,1.0
0,23000.0,9.93,B,730.0,734.0,4.02,60000.0,8.0,18.0,0.0
0,15000.0,21.45,D,670.0,674.0,23.43,48000.0,8.0,12.0,1.0
0,5600.0,22.74,E,705.0,709.0,22.72,40000.0,11.0,13.0,0.0
0,30000.0,10.42,B,680.0,684.0,16.34,120000.0,26.0,44.0,0.0
0,5000.0,10.49,B,695.0,699.0,17.39,65000.0,17.0,36.0,0.0
0,15000.0,13.59,C,660.0,664.0,20.32,46000.0,13.0,39.0,1.0
1,8000.0,11.99,B,685.0,689.0,18.88,61656.0,5.0,27.0,0.0
0,15000.0,10.49,B,705.0,709.0,22.84,70000.0,12.0,41.0,2.0
0,18550.0,13.49,C,710.0,714.0,32.29,67000.0,8.0,19.0,0.0
0,12000.0,13.99,C,705.0,709.0,26.68,45600.0,13.0,25.0,1.0
0,4000.0,18.06,D,685.0,689.0,4.07,52800.0,11.0,15.0,4.0
0,12000.0,5.32,A,740.0,744.0,23.02,110000.0,18.0,37.0,0.0
0,9600.0,8.24,B,695.0,699.0,17.65,160600.0,24.0,46.0,0.0
0,10200.0,9.93,B,715.0,719.0,22.04,38230.0,9.0,13.0,1.0
0,12000.0,19.03,D,680.0,684.0,30.89,40000.0,12.0,14.0,1.0
0,14500.0,5.32,A,725.0,729.0,8.5,152000.0,17.0,30.0,0.0
0,10000.0,16.99,D,675.0,679.0,14.16,50000.0,13.0,15.0,0.0
0,19000.0,5.32,A,720.0,724.0,21.85,120000.0,24.0,48.0,1.0
0,6000.0,7.21,A,740.0,744.0,12.5,31000.0,6.0,9.0,0.0
1,8000.0,11.99,B,685.0,689.0,28.24,50000.0,27.0,29.0,1.0
0,12000.0,14.99,C,660.0,664.0,15.47,45000.0,13.0,22.0,0.0
0,25000.0,11.39,B,685.0,689.0,33.63,165000.0,22.0,38.0,0.0
0,15000.0,8.24,B,745.0,749.0,4.11,544940.63,7.0,18.0,0.0
0,20000.0,11.44,B,705.0,709.0,3.21,61983.0,4.0,5.0,0.0
0,3000.0,11.44,B,705.0,709.0,23.92,55000.0,14.0,28.0,1.0
0,5000.0,13.49,C,700.0,704.0,21.98,104820.0,12.0,22.0,1.0
0,3775.0,12.62,C,660.0,664.0,16.61,51300.0,11.0,27.0,1.0
1,2050.0,9.93,B,710.0,714.0,18.08,14014.0,7.0,8.0,0.0
0,10000.0,11.49,B,695.0,699.0,22.0,54000.0,8.0,16.0,0.0
0,24000.0,11.39,B,685.0,689.0,22.47,165000.0,7.0,43.0,0.0
0,28000.0,14.08,C,695.0,699.0,24.27,76500.0,11.0,27.0,0.0
0,8800.0,10.42,B,700.0,704.0,6.16,66000.0,13.0,25.0,0.0
1,30000.0,17.99,D,660.0,664.0,16.41,85000.0,7.0,15.0,0.0
0,6000.0,18.99,D,755.0,759.0,24.64,30000.0,5.0,19.0,1.0
1,19775.0,13.49,C,675.0,679.0,23.1,44990.0,20.0,47.0,0.0
0,12000.0,7.99,A,785.0,789.0,0.83,90000.0,4.0,9.0,0.0
0,1200.0,5.32,A,725.0,729.0,22.32,107000.0,8.0,12.0,0.0
0,10000.0,15.05,C,665.0,669.0,31.07,45000.0,14.0,28.0,0.0
0,10000.0,13.99,C,675.0,679.0,19.97,58000.0,13.0,15.0,2.0
0,3000.0,15.05,C,745.0,749.0,0.99,75000.0,3.0,4.0,1.0
1,7000.0,13.59,C,685.0,689.0,20.72,40000.0,14.0,21.0,1.0
1,18000.0,14.99,C,665.0,669.0,13.89,78000.0,9.0,12.0,0.0
0,10000.0,12.74,C,675.0,679.0,21.84,40000.0,10.0,11.0,1.0
0,5600.0,10.91,B,670.0,674.0,12.87,60000.0,9.0,17.0,0.0
0,10000.0,5.32,A,720.0,724.0,12.04,110000.0,9.0,18.0,0.0
0,21000.0,12.74,C,705.0,709.0,15.41,112000.0,8.0,27.0,3.0
1,13000.0,9.44,B,685.0,689.0,13.5,76000.0,10.0,20.0,0.0
0,35000.0,11.99,B,820.0,824.0,13.83,300000.0,11.0,25.0,2.0
0,3000.0,16.99,D,765.0,769.0,34.8,40000.0,17.0,27.0,2.0
0,6400.0,24.85,E,665.0,669.0,30.73,45000.0,17.0,28.0,1.0
0,7500.0,9.93,B,720.0,724.0,11.25,24000.0,5.0,18.0,1.0
1,30000.0,14.08,C,665.0,669.0,9.18,380098.0,10.0,12.0,2.0
0,10000.0,10.42,B,670.0,674.0,24.39,40000.0,9.0,16.0,0.0
0,15000.0,7.49,A,745.0,749.0,27.36,45000.0,12.0,19.0,1.0
0,6000.0,13.49,C,685.0,689.0,19.95,50000.0,5.0,8.0,1.0
0,35000.0,11.49,B,690.0,694.0,28.62,160000.0,19.0,29.0,0.0
0,40000.0,6.99,A,755.0,759.0,17.81,86000.0,14.0,35.0,0.0
0,18500.0,11.49,B,680.0,684.0,7.64,60000.0,7.0,27.0,0.0
1,6000.0,11.44,B,660.0,664.0,15.41,38000.0,7.0,8.0,0.0
1,5000.0,15.05,C,675.0,679.0,4.02,125000.0,7.0,11.0,1.0
0,13000.0,8.24,B,730.0,734.0,23.48,85000.0,6.0,18.0,0.0
0,11975.0,11.49,B,670.0,674.0,34.47,35000.0,13.0,23.0,1.0
0,15000.0,10.42,B,665.0,669.0,18.01,104000.0,10.0,27.0,0.0
1,16000.0,12.62,C,670.0,674.0,31.74,65000.0,21.0,44.0,0.0
0,3600.0,15.99,C,695.0,699.0,3.93,125000.0,8.0,15.0,0.0
0,7000.0,13.99,C,725.0,729.0,26.13,35000.0,7.0,10.0,1.0
0,6000.0,11.44,B,660.0,664.0,27.74,34000.0,19.0,27.0,1.0
0,8000.0,13.99,C,680.0,684.0,21.52,46000.0,11.0,23.0,0.0
1,15000.0,11.99,B,685.0,689.0,5.21,50000.0,14.0,15.0,0.0
0,11200.0,12.62,C,685.0,689.0,30.56,50000.0,13.0,19.0,0.0
0,4800.0,10.49,B,675.0,679.0,13.2,28000.0,7.0,11.0,0.0
0,8000.0,7.49,A,755.0,759.0,9.1,60000.0,13.0,30.0,0.0
0,1500.0,13.49,C,705.0,709.0,37.15,27500.0,8.0,14.0,0.0
0,10000.0,14.99,C,670.0,674.0,20.74,55000.0,6.0,11.0,1.0
0,4225.0,7.97,A,760.0,764.0,23.35,42800.0,21.0,30.0,3.0
0,3025.0,12.62,C,720.0,724.0,5.6,36000.0,3.0,5.0,3.0
0,2500.0,7.24,A,775.0,779.0,32.77,53000.0,15.0,28.0,0.0
0,5000.0,5.32,A,795.0,799.0,17.67,50000.0,14.0,30.0,0.0
1,5325.0,15.05,C,710.0,714.0,20.3,35000.0,19.0,32.0,2.0
0,25200.0,10.91,B,670.0,674.0,16.85,78000.0,8.0,12.0,0.0
0,15000.0,11.49,B,660.0,664.0,6.84,60000.0,8.0,10.0,0.0
1,12000.0,10.91,B,670.0,674.0,22.35,45000.0,12.0,29.0,0.0
1,15000.0,9.44,B,725.0,729.0,29.11,58700.0,10.0,19.0,1.0
0,20000.0,11.99,B,720.0,724.0,22.77,70000.0,11.0,15.0,0.0
0,37000.0,19.99,D,690.0,694.0,27.68,105000.0,17.0,42.0,0.0
0,1000.0,12.74,C,685.0,689.0,3.28,45000.0,5.0,11.0,0.0
1,12600.0,23.88,E,675.0,679.0,19.86,35000.0,12.0,20.0,0.0
0,6025.0,13.99,C,695.0,699.0,20.99,51000.0,12.0,16.0,0.0
0,5000.0,7.99,A,695.0,699.0,5.82,79992.0,10.0,22.0,0.0
0,2500.0,10.49,B,720.0,724.0,11.78,71000.0,14.0,30.0,0.0
0,5000.0,15.05,C,665.0,669.0,12.48,53000.0,10.0,14.0,1.0
0,15000.0,12.74,C,675.0,679.0,10.38,82000.0,9.0,18.0,0.0
0,2500.0,10.42,B,675.0,679.0,14.76,100000.0,9.0,32.0,0.0
0,4800.0,13.99,C,715.0,719.0,17.4,66000.0,9.0,11.0,1.0
1,5000.0,16.02,C,690.0,694.0,12.91,53000.0,5.0,13.0,1.0
0,9800.0,14.99,C,685.0,689.0,29.81,50000.0,9.0,15.0,0.0
0,5000.0,23.99,E,730.0,734.0,15.23,112000.0,13.0,29.0,0.0
0,10000.0,7.99,A,700.0,704.0,26.41,107000.0,13.0,22.0,1.0
0,1200.0,24.85,E,660.0,664.0,31.99,33000.0,12.0,23.0,4.0
0,4800.0,7.97,A,710.0,714.0,7.42,56000.0,5.0,7.0,0.0
0,9125.0,7.99,A,700.0,704.0,11.75,90040.0,7.0,15.0,0.0
0,22000.0,11.39,B,695.0,699.0,13.3,110000.0,13.0,28.0,0.0
0,6000.0,7.97,A,695.0,699.0,7.85,35000.0,5.0,10.0,0.0
0,12500.0,5.32,A,785.0,789.0,12.57,60000.0,20.0,30.0,1.0
1,4800.0,13.59,C,710.0,714.0,20.8,30000.0,12.0,16.0,0.0
0,24000.0,13.99,C,715.0,719.0,25.37,70000.0,7.0,12.0,0.0
0,14000.0,11.49,B,675.0,679.0,18.62,56000.0,12.0,19.0,0.0
0,4000.0,12.62,C,695.0,699.0,10.72,57000.0,12.0,21.0,2.0
0,4000.0,13.59,C,690.0,694.0,27.32,50000.0,11.0,21.0,2.0
0,4200.0,11.49,B,670.0,674.0,23.84,52000.0,11.0,24.0,0.0
0,12000.0,5.32,A,740.0,744.0,4.02,100000.0,9.0,26.0,0.0
0,6000.0,16.02,C,680.0,684.0,22.69,98000.0,16.0,32.0,3.0
0,2500.0,10.49,B,665.0,669.0,13.28,40000.0,8.0,25.0,0.0
0,25000.0,18.99,D,665.0,669.0,24.52,120000.0,30.0,52.0,0.0
0,29675.0,10.49,B,710.0,714.0,16.59,80000.0,16.0,30.0,1.0
1,3200.0,13.99,C,790.0,794.0,21.68,48000.0,10.0,20.0,1.0
0,18000.0,10.49,B,685.0,689.0,28.61,70000.0,9.0,23.0,1.0
0,30000.0,13.99,C,685.0,689.0,26.87,114000.0,13.0,52.0,0.0
0,5500.0,13.49,C,695.0,699.0,11.0,140000.0,7.0,9.0,1.0
0,11000.0,7.24,A,705.0,709.0,13.01,69000.0,5.0,17.0,0.0
0,8000.0,11.49,B,665.0,669.0,10.56,40000.0,10.0,13.0,1.0
0,8000.0,5.32,A,750.0,754.0,23.44,90000.0,11.0,26.0,0.0
0,9600.0,18.99,D,660.0,664.0,14.3,65000.0,13.0,14.0,2.0
0,6000.0,11.49,B,665.0,669.0,25.16,28000.0,11.0,14.0,1.0
0,14000.0,16.99,D,680.0,684.0,12.53,50000.0,7.0,21.0,0.0
0,20000.0,9.44,B,705.0,709.0,24.53,75000.0,14.0,35.0,0.0
1,7000.0,14.08,C,760.0,764.0,1.2,57800.0,18.0,31.0,2.0
1,35000.0,26.3,E,685.0,689.0,6.69,138000.0,8.0,12.0,1.0
0,9000.0,7.49,A,710.0,714.0,13.89,70000.0,8.0,16.0,0.0
0,34250.0,10.49,B,715.0,719.0,26.01,200000.0,19.0,32.0,1.0
0,1600.0,7.49,A,720.0,724.0,21.27,47000.0,10.0,33.0,0.0
0,1800.0,10.42,B,665.0,669.0,10.36,46800.0,9.0,27.0,1.0
0,18000.0,13.99,C,670.0,674.0,16.71,91000.0,7.0,18.0,1.0
1,7175.0,11.44,B,705.0,709.0,26.76,47000.0,13.0,28.0,1.0
0,12000.0,11.39,B,695.0,699.0,20.66,55000.0,7.0,32.0,0.0
1,12000.0,7.24,A,685.0,689.0,21.86,65000.0,13.0,23.0,0.0
1,1000.0,16.99,D,670.0,674.0,13.39,58000.0,4.0,7.0,0.0
1,30000.0,18.06,D,665.0,669.0,27.67,110000.0,14.0,24.0,0.0
0,39000.0,8.24,B,700.0,704.0,20.73,78000.0,13.0,23.0,0.0
1,8000.0,7.21,A,695.0,699.0,24.64,45000.0,13.0,24.0,0.0
1,7000.0,13.59,C,680.0,684.0,20.76,80000.0,13.0,30.0,0.0
0,6000.0,11.49,B,690.0,694.0,15.8,89521.0,19.0,29.0,1.0
0,28000.0,13.49,C,680.0,684.0,14.79,65000.0,7.0,13.0,0.0
0,20000.0,11.49,B,720.0,724.0,3.5,93000.0,5.0,7.0,0.0
1,20000.0,12.62,C,690.0,694.0,21.23,51561.0,17.0,23.0,0.0
1,1600.0,13.99,C,665.0,669.0,12.1,75000.0,11.0,22.0,0.0
0,8800.0,13.99,C,665.0,669.0,21.66,75000.0,7.0,20.0,0.0
0,18000.0,8.24,B,675.0,679.0,10.82,109000.0,11.0,26.0,2.0
1,24000.0,18.06,D,700.0,704.0,16.66,61000.0,10.0,18.0,2.0
0,25000.0,11.44,B,695.0,699.0,16.34,73800.0,6.0,29.0,0.0
0,10000.0,11.44,B,710.0,714.0,8.68,100000.0,10.0,16.0,3.0
0,16800.0,6.99,A,685.0,689.0,18.17,138000.0,8.0,27.0,1.0
0,8550.0,12.74,C,670.0,674.0,23.04,40000.0,10.0,13.0,0.0
1,26025.0,11.99,B,715.0,719.0,21.86,85000.0,20.0,28.0,1.0
0,27500.0,16.99,D,680.0,684.0,14.7,65000.0,8.0,13.0,1.0
0,12000.0,10.42,B,675.0,679.0,9.35,90000.0,8.0,19.0,1.0
0,11400.0,11.39,B,680.0,684.0,32.19,86500.0,10.0,37.0,0.0
0,16000.0,9.44,B,700.0,704.0,22.99,89000.0,9.0,30.0,0.0
0,6000.0,13.49,C,690.0,694.0,13.56,76000.0,7.0,38.0,0.0
0,6400.0,18.99,D,785.0,789.0,23.76,70000.0,26.0,40.0,0.0
0,25000.0,18.99,D,745.0,749.0,23.33,59000.0,19.0,44.0,2.0
1,5000.0,13.49,C,675.0,679.0,15.06,88000.0,16.0,36.0,0.0
0,4800.0,13.49,C,670.0,674.0,13.73,47800.0,3.0,14.0,0.0
1,25000.0,8.24,B,715.0,719.0,25.18,77825.0,10.0,20.0,1.0
1,5000.0,10.49,B,700.0,704.0,28.53,40000.0,19.0,30.0,0.0
0,5925.0,7.21,A,680.0,684.0,18.99,101000.0,15.0,32.0,1.0
0,10000.0,13.99,C,735.0,739.0,17.54,49341.0,6.0,14.0,0.0
1,5000.0,15.99,C,665.0,669.0,24.58,56500.0,15.0,40.0,2.0
1,3000.0,10.91,B,670.0,674.0,22.78,140000.0,24.0,33.0,0.0
1,10000.0,15.05,C,695.0,699.0,20.51,32000.0,14.0,23.0,2.0
0,2800.0,7.07,A,725.0,729.0,15.83,52992.0,9.0,29.0,0.0
0,7200.0,13.49,C,700.0,704.0,4.93,82000.0,11.0,16.0,1.0
0,8500.0,12.74,C,665.0,669.0,2.45,63750.0,4.0,6.0,0.0
0,10000.0,10.49,B,685.0,689.0,32.01,40000.0,15.0,36.0,0.0
0,10000.0,10.91,B,660.0,664.0,17.64,75000.0,8.0,32.0,1.0
1,14400.0,10.49,B,790.0,794.0,11.66,62000.0,13.0,20.0,1.0
0,3600.0,8.24,B,690.0,694.0,10.55,38000.0,12.0,20.0,0.0
0,28000.0,8.24,B,675.0,679.0,17.81,147000.0,13.0,26.0,1.0
0,17000.0,7.97,A,685.0,689.0,23.34,80000.0,16.0,27.0,1.0
0,8000.0,8.24,B,770.0,774.0,17.97,109000.0,18.0,26.0,0.0
0,12000.0,10.49,B,675.0,679.0,38.38,32800.0,8.0,17.0,0.0
1,6300.0,25.82,E,675.0,679.0,28.12,28000.0,11.0,36.0,0.0
0,16000.0,10.49,B,705.0,709.0,11.15,100000.0,7.0,18.0,0.0
1,7150.0,21.49,D,670.0,674.0,16.5,28000.0,9.0,19.0,3.0
0,10075.0,13.59,C,665.0,669.0,14.09,92000.0,16.0,43.0,2.0
1,23950.0,18.99,D,685.0,689.0,26.04,75000.0,16.0,32.0,1.0
0,2475.0,5.32,A,810.0,814.0,5.63,49000.0,4.0,6.0,0.0
0,8000.0,13.49,C,660.0,664.0,13.7,55000.0,4.0,33.0,1.0
0,4800.0,11.44,B,660.0,664.0,24.11,47000.0,10.0,20.0,0.0
0,15000.0,11.44,B,720.0,724.0,22.93,161000.0,21.0,37.0,2.0
0,6000.0,12.74,C,700.0,704.0,20.92,49000.0,10.0,22.0,1.0
0,10000.0,11.49,B,660.0,664.0,17.69,72000.0,7.0,32.0,0.0
0,9000.0,15.05,C,665.0,669.0,13.52,67000.0,11.0,27.0,3.0
0,5600.0,7.99,A,730.0,734.0,24.12,100000.0,24.0,44.0,1.0
0,12250.0,26.3,E,660.0,664.0,13.81,45000.0,5.0,8.0,0.0
1,24000.0,19.03,D,670.0,674.0,37.49,50000.0,14.0,36.0,0.0
1,7800.0,18.06,D,680.0,684.0,37.51,38813.0,8.0,16.0,1.0
0,5750.0,7.99,A,705.0,709.0,16.24,51962.0,7.0,19.0,0.0
0,9975.0,15.05,C,685.0,689.0,11.91,40000.0,6.0,6.0,0.0
0,5600.0,7.99,A,735.0,739.0,28.0,90000.0,26.0,41.0,0.0
1,4000.0,19.03,D,700.0,704.0,22.81,44000.0,6.0,19.0,1.0
0,8000.0,7.24,A,725.0,729.0,18.68,100000.0,7.0,18.0,0.0
0,4800.0,16.02,C,680.0,684.0,21.85,28100.0,14.0,23.0,0.0
0,20000.0,11.44,B,665.0,669.0,12.67,70000.0,7.0,18.0,0.0
0,22000.0,5.32,A,755.0,759.0,12.05,120000.0,9.0,48.0,0.0
0,20000.0,14.99,C,675.0,679.0,23.96,50000.0,11.0,15.0,1.0
1,1700.0,13.59,C,675.0,679.0,12.4,42000.0,8.0,15.0,3.0
0,7000.0,18.99,D,665.0,669.0,14.53,55000.0,9.0,9.0,2.0
0,7200.0,7.99,A,690.0,694.0,5.49,42000.0,10.0,42.0,0.0
0,3175.0,11.44,B,690.0,694.0,16.33,88000.0,12.0,23.0,0.0
0,10000.0,7.49,A,770.0,774.0,3.54,40000.0,6.0,19.0,0.0
0,15000.0,13.49,C,660.0,664.0,12.92,76000.0,13.0,17.0,0.0
0,6025.0,11.44,B,735.0,739.0,4.48,45000.0,9.0,28.0,0.0
1,13000.0,16.02,C,670.0,674.0,31.68,40000.0,12.0,18.0,0.0
0,4000.0,9.44,B,680.0,684.0,18.3,40000.0,6.0,9.0,0.0
1,10000.0,11.49,B,660.0,664.0,34.95,41000.0,8.0,12.0,1.0
1,10000.0,7.21,A,780.0,784.0,9.05,50000.0,6.0,9.0,1.0
1,5525.0,30.99,G,675.0,679.0,6.72,40000.0,3.0,5.0,0.0
0,7000.0,5.32,A,715.0,719.0,8.36,94000.0,8.0,15.0,0.0
0,3575.0,19.99,D,690.0,694.0,21.19,23000.0,15.0,19.0,1.0
0,18000.0,7.21,A,695.0,699.0,5.42,120000.0,6.0,9.0,1.0
0,5600.0,10.42,B,665.0,669.0,19.45,150000.0,21.0,39.0,1.0
0,27600.0,12.74,C,660.0,664.0,22.92,92000.0,18.0,31.0,1.0
0,8400.0,26.3,E,695.0,699.0,32.98,50000.0,13.0,17.0,1.0
1,10000.0,18.99,D,665.0,669.0,23.46,75000.0,7.0,21.0,0.0
0,34525.0,11.49,B,700.0,704.0,17.18,111000.0,17.0,35.0,0.0
0,20000.0,22.74,E,685.0,689.0,42.63,50000.0,11.0,47.0,1.0
0,10000.0,19.99,D,670.0,674.0,15.24,112000.0,25.0,51.0,1.0
0,12000.0,7.07,A,725.0,729.0,16.34,55000.0,13.0,28.0,1.0
1,12000.0,20.0,D,680.0,684.0,26.44,95000.0,22.0,35.0,2.0
0,9000.0,26.3,E,685.0,689.0,7.62,165400.0,5.0,10.0,5.0
0,15000.0,16.99,D,685.0,689.0,28.81,80000.0,15.0,39.0,1.0
0,30000.0,11.39,B,695.0,699.0,27.96,90000.0,9.0,13.0,0.0
0,24000.0,14.99,C,660.0,664.0,27.02,111000.0,15.0,31.0,0.0
0,4000.0,17.99,D,665.0,669.0,13.5,48000.0,6.0,11.0,1.0
0,11975.0,11.39,B,720.0,724.0,28.37,36000.0,13.0,27.0,0.0
0,40000.0,16.99,D,685.0,689.0,16.13,105000.0,7.0,13.0,1.0
0,35000.0,7.07,A,765.0,769.0,21.73,105000.0,23.0,50.0,1.0
0,24850.0,13.49,C,690.0,694.0,28.59,67600.0,37.0,69.0,0.0
0,7200.0,7.07,A,730.0,734.0,16.87,55000.0,13.0,19.0,1.0
0,8800.0,11.39,B,700.0,704.0,15.6,35000.0,7.0,18.0,0.0
0,12000.0,7.07,A,750.0,754.0,22.07,69000.0,14.0,25.0,0.0
0,12000.0,10.42,B,660.0,664.0,13.39,91000.0,4.0,14.0,0.0
1,4025.0,26.3,E,675.0,679.0,20.0,45000.0,5.0,9.0,2.0
0,5000.0,6.99,A,730.0,734.0,16.96,37000.0,13.0,18.0,0.0
1,4800.0,21.45,D,700.0,704.0,23.03,32000.0,9.0,20.0,1.0
0,7500.0,13.59,C,695.0,699.0,5.45,55000.0,9.0,22.0,2.0
0,4800.0,12.74,C,680.0,684.0,14.77,26000.0,8.0,9.0,2.0
0,9000.0,15.99,C,685.0,689.0,4.85,50000.0,12.0,14.0,0.0
1,10000.0,7.21,A,720.0,724.0,15.04,100000.0,11.0,26.0,0.0
1,4000.0,10.42,B,680.0,684.0,22.75,45000.0,12.0,43.0,2.0
1,35000.0,10.42,B,660.0,664.0,12.6,165000.0,26.0,44.0,0.0
1,21150.0,12.74,C,695.0,699.0,11.82,46000.0,9.0,11.0,0.0
1,10000.0,17.99,D,685.0,689.0,23.6,50300.0,10.0,29.0,0.0
0,5225.0,14.99,C,740.0,744.0,8.9,24000.0,8.0,8.0,0.0
0,7000.0,14.99,C,685.0,689.0,7.9,24000.0,6.0,7.0,0.0
1,12000.0,11.44,B,680.0,684.0,8.3,75000.0,7.0,10.0,0.0
1,22000.0,30.99,G,660.0,664.0,3.53,50000.0,10.0,35.0,1.0
0,5600.0,14.99,C,670.0,674.0,28.63,37603.56,9.0,10.0,0.0
1,3600.0,16.02,C,685.0,689.0,20.59,32000.0,9.0,15.0,1.0
0,24000.0,12.62,C,675.0,679.0,16.54,55200.0,6.0,7.0,0.0
0,12500.0,15.05,C,670.0,674.0,22.8,43000.0,11.0,12.0,0.0
1,18000.0,13.59,C,665.0,669.0,13.11,80000.0,9.0,12.0,0.0
0,11000.0,10.42,B,775.0,779.0,5.11,29500.0,2.0,8.0,0.0
1,6000.0,15.99,C,710.0,714.0,12.61,65000.0,21.0,31.0,4.0
0,7000.0,6.99,A,705.0,709.0,8.93,75000.0,8.0,15.0,0.0
0,16000.0,6.99,A,755.0,759.0,24.77,64000.0,8.0,27.0,0.0
0,9000.0,8.24,B,685.0,689.0,21.33,103000.0,10.0,17.0,0.0
0,5600.0,8.24,B,735.0,739.0,20.96,37100.0,13.0,27.0,0.0
0,6500.0,13.99,C,665.0,669.0,5.0,60000.0,9.0,14.0,1.0
1,10400.0,24.74,E,690.0,694.0,29.64,30000.0,15.0,18.0,0.0
0,10800.0,24.74,E,690.0,694.0,15.44,30000.0,3.0,17.0,0.0
0,27700.0,15.99,C,670.0,674.0,13.09,109000.0,14.0,22.0,0.0
0,25000.0,12.74,C,695.0,699.0,17.53,240000.0,15.0,29.0,1.0
1,12000.0,11.39,B,710.0,714.0,34.06,52000.0,11.0,20.0,0.0
0,20000.0,7.49,A,680.0,684.0,25.63,85000.0,23.0,36.0,0.0
0,12800.0,5.32,A,710.0,714.0,13.07,142500.0,7.0,35.0,0.0
0,15000.0,5.32,A,730.0,734.0,12.17,150000.0,18.0,28.0,1.0
0,8400.0,9.44,B,705.0,709.0,19.03,57000.0,13.0,28.0,0.0
1,40000.0,9.93,B,815.0,819.0,34.91,134850.0,20.0,57.0,2.0
0,3025.0,8.24,B,695.0,699.0,28.24,38000.0,13.0,18.0,0.0
0,14000.0,11.99,B,685.0,689.0,18.66,49000.0,20.0,32.0,0.0
0,14000.0,15.99,C,675.0,679.0,9.64,45000.0,6.0,18.0,1.0
0,14000.0,13.99,C,660.0,664.0,27.47,85000.0,18.0,60.0,2.0
0,14400.0,16.99,D,680.0,684.0,30.89,68000.0,14.0,22.0,0.0
0,10200.0,12.74,C,690.0,694.0,23.87,34637.0,10.0,16.0,1.0
1,11200.0,12.62,C,680.0,684.0,31.2,18000.0,5.0,6.0,0.0
0,12000.0,9.93,B,700.0,704.0,29.32,46000.0,19.0,20.0,0.0
0,40000.0,7.24,A,760.0,764.0,12.27,144000.0,13.0,25.0,0.0
0,20000.0,16.02,C,680.0,684.0,19.15,125000.0,16.0,23.0,3.0
1,10000.0,13.59,C,675.0,679.0,26.97,226000.0,22.0,44.0,0.0
0,24000.0,5.32,A,705.0,709.0,2.12,375000.0,4.0,9.0,0.0
1,9300.0,18.06,D,670.0,674.0,48.26,20000.0,4.0,5.0,0.0
0,7000.0,11.49,B,665.0,669.0,7.26,42000.0,11.0,24.0,0.0
0,20000.0,5.32,A,755.0,759.0,19.31,102000.0,15.0,42.0,0.0
1,10650.0,16.02,C,675.0,679.0,11.34,89000.0,4.0,8.0,0.0
1,7000.0,12.74,C,660.0,664.0,20.99,35000.0,11.0,15.0,0.0
0,17600.0,11.99,B,670.0,674.0,21.85,64000.0,21.0,40.0,0.0
0,12000.0,7.99,A,685.0,689.0,26.04,66189.91,8.0,14.0,0.0
1,20000.0,7.97,A,720.0,724.0,20.84,130000.0,9.0,33.0,0.0
0,6000.0,7.07,A,720.0,724.0,9.33,38000.0,6.0,7.0,0.0
0,12000.0,13.99,C,700.0,704.0,33.35,65000.0,23.0,44.0,1.0
0,35000.0,12.74,C,705.0,709.0,25.88,87000.0,9.0,26.0,0.0
1,20000.0,5.32,A,755.0,759.0,11.78,109000.0,8.0,17.0,0.0
1,40000.0,9.93,B,720.0,724.0,5.88,120000.0,12.0,19.0,0.0
1,3000.0,11.44,B,665.0,669.0,21.75,25000.0,9.0,14.0,0.0
0,2000.0,23.88,E,660.0,664.0,11.88,39985.0,5.0,10.0,0.0
0,9100.0,10.42,B,680.0,684.0,27.24,60000.0,9.0,29.0,2.0
0,30000.0,7.99,A,680.0,684.0,20.3,120000.0,9.0,26.0,0.0
0,20000.0,29.69,F,665.0,669.0,13.21,150000.0,15.0,23.0,3.0
0,4200.0,7.49,A,815.0,819.0,17.84,34000.0,16.0,22.0,1.0
0,5000.0,13.99,C,685.0,689.0,22.59,56000.0,8.0,14.0,0.0
0,12000.0,16.99,D,680.0,684.0,22.02,37500.0,8.0,9.0,1.0
0,8000.0,5.32,A,735.0,739.0,25.96,60000.0,8.0,16.0,0.0
0,5000.0,5.32,A,770.0,774.0,2.79,50000.0,8.0,21.0,0.0
0,11000.0,15.99,C,685.0,689.0,15.97,115000.0,10.0,13.0,1.0
0,16000.0,6.99,A,740.0,744.0,15.65,120000.0,9.0,21.0,0.0
1,15000.0,17.09,D,665.0,669.0,8.61,40000.0,10.0,11.0,1.0
1,10000.0,12.62,C,675.0,679.0,21.0,48000.0,9.0,16.0,1.0
0,7500.0,11.39,B,695.0,699.0,14.95,98000.0,34.0,57.0,0.0
1,10000.0,7.07,A,745.0,749.0,7.45,34000.0,9.0,18.0,0.0
1,6200.0,13.49,C,660.0,664.0,34.69,50000.0,8.0,29.0,0.0
1,20250.0,13.59,C,665.0,669.0,28.96,45000.0,14.0,26.0,1.0
0,23200.0,12.74,C,675.0,679.0,19.04,141233.0,15.0,30.0,0.0
0,6000.0,10.91,B,680.0,684.0,28.12,35000.0,16.0,31.0,2.0
0,28000.0,7.35,A,735.0,739.0,20.56,53000.0,9.0,34.0,0.0
1,5000.0,19.99,D,680.0,684.0,5.4,63000.0,8.0,31.0,0.0
0,8575.0,12.74,C,660.0,664.0,29.01,70000.0,14.0,30.0,1.0
0,15000.0,9.93,B,660.0,664.0,15.91,100000.0,25.0,52.0,1.0
1,20000.0,10.91,B,675.0,679.0,18.9,72000.0,16.0,30.0,0.0
0,10000.0,15.99,C,735.0,739.0,33.57,28800.0,13.0,20.0,0.0
0,14000.0,15.05,C,690.0,694.0,7.61,134000.0,8.0,11.0,0.0
0,3600.0,7.49,A,740.0,744.0,20.24,60000.0,11.0,17.0,0.0
0,5000.0,5.32,A,695.0,699.0,13.25,108000.0,18.0,28.0,0.0
0,10000.0,11.49,B,680.0,684.0,27.79,28500.0,7.0,20.0,1.0
0,13000.0,5.32,A,765.0,769.0,10.16,180000.0,8.0,21.0,1.0
0,10000.0,10.49,B,685.0,689.0,15.27,43680.0,8.0,18.0,0.0
0,6000.0,15.99,C,740.0,744.0,15.42,58000.0,19.0,64.0,2.0
1,15000.0,11.99,B,735.0,739.0,20.49,92000.0,13.0,25.0,0.0
1,3600.0,11.99,B,660.0,664.0,20.82,51000.0,17.0,32.0,0.0
0,24000.0,16.99,D,775.0,779.0,13.46,85000.0,13.0,19.0,2.0
1,20000.0,10.49,B,720.0,724.0,21.58,60000.0,13.0,14.0,1.0
1,10000.0,10.91,B,730.0,734.0,28.56,45000.0,15.0,28.0,0.0
0,13500.0,10.49,B,720.0,724.0,40.29,70000.0,10.0,27.0,0.0
1,15000.0,21.45,D,665.0,669.0,14.51,91000.0,8.0,13.0,0.0
1,10000.0,19.03,D,685.0,689.0,12.16,90000.0,18.0,30.0,2.0
0,6000.0,7.07,A,765.0,769.0,20.96,30000.0,9.0,22.0,0.0
0,8000.0,14.99,C,685.0,689.0,31.95,58000.0,13.0,25.0,0.0
1,5425.0,15.99,C,660.0,664.0,2.97,92408.0,9.0,14.0,0.0
1,7500.0,7.07,A,700.0,704.0,13.96,38000.0,7.0,10.0,0.0
0,10000.0,8.24,B,720.0,724.0,25.86,80000.0,7.0,15.0,0.0
0,15000.0,22.74,E,680.0,684.0,25.15,62813.0,19.0,34.0,2.0
0,11200.0,14.99,C,670.0,674.0,31.22,62000.0,9.0,14.0,1.0
0,3000.0,10.42,B,675.0,679.0,16.39,50000.0,10.0,28.0,1.0
0,7000.0,13.49,C,680.0,684.0,16.18,70000.0,7.0,11.0,0.0
0,35000.0,11.44,B,725.0,729.0,16.31,300000.0,10.0,21.0,0.0
0,12000.0,7.99,A,700.0,704.0,14.54,77000.0,16.0,28.0,0.0
0,3025.0,12.74,C,710.0,714.0,2.88,52000.0,9.0,10.0,0.0
0,14000.0,9.44,B,690.0,694.0,9.56,75190.0,11.0,54.0,0.0
1,15000.0,9.44,B,695.0,699.0,10.57,250000.0,13.0,25.0,0.0
0,12000.0,11.49,B,715.0,719.0,20.85,90000.0,10.0,16.0,0.0
0,18000.0,8.24,B,710.0,714.0,13.5,64000.0,9.0,25.0,1.0
0,10000.0,10.49,B,660.0,664.0,8.14,78000.0,4.0,9.0,0.0
0,2500.0,11.44,B,675.0,679.0,16.61,43000.0,9.0,14.0,0.0
0,9700.0,13.99,C,665.0,669.0,9.16,27000.0,8.0,21.0,0.0
0,28000.0,19.03,D,675.0,679.0,14.36,100000.0,11.0,17.0,1.0
0,15000.0,16.02,C,700.0,704.0,16.86,40000.0,12.0,17.0,1.0
0,7000.0,7.24,A,750.0,754.0,14.7,49000.0,9.0,15.0,0.0
0,4800.0,11.49,B,675.0,679.0,14.92,30000.0,9.0,20.0,0.0
0,5000.0,12.74,C,660.0,664.0,4.32,40000.0,8.0,25.0,1.0
0,2200.0,13.49,C,705.0,709.0,16.56,196000.0,14.0,35.0,0.0
0,4000.0,8.24,B,680.0,684.0,16.93,55000.0,11.0,24.0,0.0
0,2800.0,11.49,B,670.0,674.0,17.77,15605.0,11.0,14.0,0.0
0,6700.0,7.99,A,705.0,709.0,6.71,47000.0,8.0,9.0,0.0
0,11200.0,14.99,C,695.0,699.0,31.8,28000.0,15.0,23.0,0.0
0,5000.0,15.05,C,665.0,669.0,19.45,43000.0,14.0,19.0,0.0
0,10000.0,11.49,B,685.0,689.0,23.37,80000.0,12.0,34.0,1.0
0,9000.0,23.99,E,725.0,729.0,6.96,35000.0,2.0,2.0,1.0
0,12000.0,10.42,B,710.0,714.0,15.49,90000.0,8.0,23.0,0.0
1,32250.0,12.62,C,680.0,684.0,53.12,68000.0,17.0,44.0,3.0
0,6025.0,14.99,C,695.0,699.0,28.52,60000.0,22.0,43.0,1.0
1,32000.0,13.59,C,695.0,699.0,12.22,95000.0,13.0,21.0,0.0
0,5400.0,11.49,B,675.0,679.0,18.32,79000.0,8.0,14.0,0.0
0,6000.0,15.05,C,680.0,684.0,16.12,180000.0,13.0,21.0,0.0
1,24650.0,17.09,D,705.0,709.0,36.02,80000.0,19.0,42.0,1.0
1,3600.0,15.05,C,675.0,679.0,7.23,40000.0,6.0,10.0,0.0
0,2150.0,26.24,E,720.0,724.0,15.57,33675.2,15.0,31.0,4.0
1,30000.0,17.99,D,700.0,704.0,24.84,90000.0,14.0,27.0,1.0
0,24000.0,12.74,C,750.0,754.0,13.41,130000.0,10.0,31.0,0.0
0,35000.0,12.62,C,660.0,664.0,21.75,103000.0,12.0,22.0,0.0
0,7500.0,14.99,C,735.0,739.0,17.04,59800.0,9.0,11.0,1.0
1,10000.0,8.24,B,680.0,684.0,10.76,30000.0,3.0,5.0,1.0
0,8000.0,10.91,B,665.0,669.0,15.55,194199.0,11.0,21.0,1.0
1,24975.0,16.02,C,665.0,669.0,34.94,65000.0,19.0,32.0,0.0
0,16000.0,16.02,C,685.0,689.0,17.66,80000.0,9.0,34.0,0.0
0,15000.0,16.99,D,670.0,674.0,28.15,50500.0,12.0,26.0,0.0
0,8000.0,12.74,C,685.0,689.0,19.65,67000.0,9.0,27.0,1.0
0,8000.0,10.49,B,710.0,714.0,22.18,60000.0,16.0,33.0,0.0
1,24000.0,11.99,B,680.0,684.0,18.77,120000.0,10.0,13.0,0.0
0,8000.0,23.88,E,665.0,669.0,42.53,62000.0,27.0,44.0,2.0
0,8400.0,18.99,D,680.0,684.0,21.77,125000.0,17.0,37.0,1.0
0,6675.0,12.74,C,675.0,679.0,12.31,70000.0,7.0,13.0,0.0
0,10000.0,15.99,C,690.0,694.0,27.83,140000.0,9.0,17.0,0.0
0,8000.0,12.74,C,660.0,664.0,29.85,48554.0,10.0,20.0,0.0
0,25000.0,9.44,B,770.0,774.0,19.01,75000.0,8.0,18.0,2.0
1,39100.0,7.97,A,800.0,804.0,27.41,120000.0,13.0,24.0,0.0
0,10000.0,10.42,B,710.0,714.0,9.84,65000.0,10.0,11.0,0.0
0,8000.0,7.24,A,765.0,769.0,14.6,72000.0,10.0,27.0,1.0
0,6000.0,10.42,B,680.0,684.0,30.11,120000.0,22.0,33.0,0.0
0,6950.0,18.99,D,665.0,669.0,14.25,39000.0,7.0,14.0,2.0
0,5600.0,6.99,A,725.0,729.0,15.72,50005.0,10.0,18.0,0.0
1,15000.0,17.09,D,670.0,674.0,30.49,118000.0,16.0,33.0,3.0
1,12650.0,17.99,D,735.0,739.0,31.94,52000.0,12.0,22.0,0.0
0,35000.0,7.97,A,695.0,699.0,15.81,300000.0,21.0,31.0,0.0
0,4000.0,8.24,B,685.0,689.0,15.95,97000.0,16.0,40.0,0.0
0,7125.0,28.69,F,690.0,694.0,33.03,77000.0,17.0,44.0,0.0
0,15500.0,11.49,B,720.0,724.0,27.46,60000.0,12.0,18.0,1.0
0,6000.0,11.39,B,695.0,699.0,15.84,56000.0,7.0,10.0,1.0
0,25000.0,7.49,A,685.0,689.0,3.99,156000.0,10.0,26.0,0.0
0,1100.0,8.24,B,685.0,689.0,21.34,47585.0,7.0,8.0,0.0
1,3000.0,13.59,C,675.0,679.0,17.46,60000.0,16.0,27.0,3.0
0,6000.0,18.99,D,685.0,689.0,2.43,42000.0,11.0,22.0,2.0
0,3500.0,15.99,C,690.0,694.0,13.65,80000.0,19.0,38.0,2.0
0,6500.0,5.32,A,755.0,759.0,13.79,80000.0,7.0,32.0,0.0
1,10000.0,7.99,A,705.0,709.0,28.95,50000.0,8.0,13.0,0.0
1,25000.0,11.99,B,665.0,669.0,3.71,42992.0,6.0,14.0,1.0
0,2400.0,13.99,C,675.0,679.0,30.46,55000.0,11.0,28.0,1.0
0,1100.0,13.99,C,685.0,689.0,21.2,50000.0,6.0,14.0,0.0
0,10000.0,11.49,B,670.0,674.0,22.88,50000.0,29.0,37.0,2.0
0,5000.0,11.39,B,665.0,669.0,12.54,40000.0,10.0,20.0,1.0
1,30000.0,19.03,D,665.0,669.0,24.56,160000.0,22.0,60.0,1.0
0,5000.0,12.74,C,705.0,709.0,63.6,34320.0,18.0,49.0,1.0
0,15000.0,10.49,B,690.0,694.0,17.91,107000.0,9.0,19.0,0.0
0,20000.0,11.49,B,710.0,714.0,10.02,115000.0,5.0,6.0,0.0
0,8000.0,12.74,C,680.0,684.0,22.95,40000.0,14.0,30.0,1.0
0,6000.0,8.24,B,755.0,759.0,10.91,40200.0,25.0,27.0,0.0
0,11200.0,9.44,B,660.0,664.0,11.14,70000.0,9.0,17.0,0.0
0,15025.0,11.39,B,675.0,679.0,27.13,83000.0,22.0,36.0,0.0
0,8000.0,13.59,C,665.0,669.0,20.17,185000.0,10.0,36.0,0.0
1,4000.0,10.42,B,675.0,679.0,12.28,150000.0,25.0,41.0,0.0
0,6000.0,13.99,C,675.0,679.0,11.23,75000.0,7.0,26.0,0.0
0,10000.0,10.91,B,715.0,719.0,26.13,50000.0,9.0,26.0,0.0
0,9000.0,16.99,D,670.0,674.0,12.63,48000.0,12.0,15.0,0.0
0,3000.0,14.08,C,675.0,679.0,18.74,50000.0,14.0,23.0,0.0
1,5000.0,10.42,B,700.0,704.0,26.2,60000.0,11.0,19.0,0.0
0,20000.0,13.59,C,670.0,674.0,3.51,150000.0,4.0,14.0,2.0
0,4800.0,7.99,A,720.0,724.0,30.11,63000.0,17.0,23.0,0.0
0,17000.0,7.07,A,725.0,729.0,21.77,104000.0,19.0,36.0,0.0
0,5475.0,11.44,B,675.0,679.0,22.45,24440.0,9.0,24.0,2.0
1,7200.0,17.99,D,705.0,709.0,26.37,40000.0,6.0,15.0,0.0
0,8000.0,5.32,A,730.0,734.0,17.41,66000.0,14.0,31.0,1.0
1,6400.0,18.06,D,710.0,714.0,11.36,15000.0,5.0,11.0,0.0
0,32000.0,7.24,A,710.0,714.0,10.01,160000.0,16.0,33.0,0.0
0,10000.0,7.97,A,695.0,699.0,21.8,60000.0,11.0,26.0,0.0
0,8000.0,7.24,A,720.0,724.0,28.84,71000.0,11.0,30.0,0.0
0,3600.0,11.49,B,700.0,704.0,9.85,33000.0,9.0,19.0,0.0
1,10000.0,13.59,C,680.0,684.0,26.78,54000.0,9.0,13.0,0.0
1,12000.0,17.99,D,660.0,664.0,13.77,90000.0,20.0,49.0,1.0
0,5000.0,7.21,A,735.0,739.0,4.96,125000.0,9.0,16.0,0.0
0,2500.0,7.97,A,695.0,699.0,22.66,50000.0,20.0,28.0,2.0
1,14500.0,14.08,C,695.0,699.0,11.1,60000.0,11.0,33.0,2.0
1,35000.0,12.74,C,690.0,694.0,19.47,102000.0,18.0,34.0,1.0
1,35000.0,12.62,C,690.0,694.0,18.76,100000.0,7.0,16.0,0.0
0,11125.0,7.21,A,820.0,824.0,5.3,60875.0,19.0,26.0,0.0
1,10000.0,19.03,D,675.0,679.0,25.68,92000.0,19.0,23.0,3.0
0,9450.0,19.99,D,680.0,684.0,22.21,31500.0,10.0,20.0,0.0
1,1600.0,14.99,C,660.0,664.0,8.2,55000.0,5.0,11.0,1.0
1,27600.0,16.99,D,660.0,664.0,25.6,60000.0,14.0,21.0,0.0
0,9000.0,10.91,B,670.0,674.0,22.91,34000.0,9.0,15.0,0.0
0,26000.0,8.24,B,715.0,719.0,9.73,149000.0,10.0,12.0,0.0
1,10000.0,15.99,C,700.0,704.0,31.08,30000.0,10.0,17.0,0.0
0,5000.0,7.99,A,685.0,689.0,28.56,70000.0,12.0,32.0,0.0
0,28000.0,9.93,B,720.0,724.0,25.2,79000.0,7.0,13.0,0.0
0,4800.0,13.99,C,670.0,674.0,6.89,55000.0,5.0,8.0,0.0
0,6600.0,23.88,E,675.0,679.0,17.82,90000.0,3.0,12.0,0.0
0,12000.0,9.44,B,680.0,684.0,6.57,85000.0,16.0,17.0,0.0
0,8500.0,7.07,A,770.0,774.0,27.68,45000.0,15.0,39.0,0.0
1,7000.0,17.09,D,705.0,709.0,2.3,49000.0,9.0,10.0,1.0
0,15000.0,7.97,A,680.0,684.0,12.91,189000.0,12.0,14.0,0.0
0,5100.0,17.99,D,670.0,674.0,34.13,16000.0,8.0,14.0,0.0
0,22875.0,17.99,D,680.0,684.0,16.16,77402.0,6.0,14.0,0.0
0,4000.0,12.74,C,695.0,699.0,25.99,34000.0,17.0,36.0,0.0
1,18200.0,8.24,B,695.0,699.0,22.09,110000.0,19.0,27.0,0.0
0,2000.0,7.49,A,770.0,774.0,10.05,46561.0,6.0,11.0,1.0
0,20000.0,16.02,C,715.0,719.0,24.29,50000.0,15.0,23.0,0.0
0,16000.0,19.03,D,670.0,674.0,36.99,29548.0,14.0,15.0,0.0
0,5000.0,5.32,A,680.0,684.0,6.52,62000.0,14.0,26.0,1.0
0,23575.0,17.99,D,675.0,679.0,27.96,83000.0,25.0,35.0,0.0
0,11200.0,10.42,B,720.0,724.0,9.62,70000.0,11.0,19.0,3.0
0,7750.0,11.49,B,675.0,679.0,8.55,107000.0,17.0,30.0,0.0
0,7100.0,5.32,A,750.0,754.0,12.57,120000.0,11.0,34.0,2.0
0,7000.0,11.49,B,690.0,694.0,15.89,240000.0,12.0,21.0,1.0
0,2000.0,7.49,A,685.0,689.0,7.04,120000.0,19.0,44.0,1.0
1,12000.0,13.59,C,670.0,674.0,6.78,60000.0,9.0,23.0,0.0
0,25000.0,17.99,D,670.0,674.0,31.04,69000.0,16.0,23.0,0.0
0,5400.0,13.99,C,660.0,664.0,29.96,27000.0,7.0,40.0,0.0
1,20000.0,14.08,C,695.0,699.0,19.01,104000.0,33.0,52.0,3.0
1,35000.0,24.85,E,670.0,674.0,31.86,150000.0,10.0,29.0,0.0
0,15000.0,12.62,C,725.0,729.0,13.77,69000.0,16.0,21.0,2.0
0,11200.0,5.32,A,750.0,754.0,18.12,62000.0,7.0,15.0,0.0
0,3000.0,13.49,C,660.0,664.0,6.19,38000.0,5.0,11.0,0.0
0,10000.0,7.97,A,725.0,729.0,7.8,80000.0,9.0,10.0,0.0
0,3350.0,5.32,A,725.0,729.0,13.46,60000.0,14.0,30.0,0.0
1,15000.0,11.44,B,690.0,694.0,12.42,60000.0,9.0,25.0,1.0
0,25100.0,8.24,B,715.0,719.0,17.34,327000.0,11.0,25.0,0.0
0,20000.0,7.49,A,740.0,744.0,36.99,50000.0,11.0,34.0,0.0
0,2500.0,16.99,D,695.0,699.0,20.75,69096.0,10.0,21.0,0.0
0,15000.0,7.07,A,745.0,749.0,10.18,74000.0,9.0,25.0,1.0
0,5000.0,11.99,B,665.0,669.0,2.28,40000.0,5.0,12.0,0.0
0,4750.0,15.99,C,665.0,669.0,10.04,80000.0,9.0,13.0,0.0
0,10000.0,24.74,E,665.0,669.0,34.91,88000.0,26.0,40.0,0.0
0,12000.0,10.49,B,685.0,689.0,19.97,75000.0,16.0,24.0,0.0
0,6000.0,15.99,C,710.0,714.0,24.95,28000.0,3.0,5.0,0.0
0,18000.0,12.74,C,695.0,699.0,8.13,180000.0,15.0,25.0,5.0
0,8000.0,11.44,B,670.0,674.0,7.29,50000.0,11.0,14.0,0.0
1,8000.0,11.99,B,665.0,669.0,22.77,40000.0,17.0,27.0,0.0
0,10000.0,7.24,A,720.0,724.0,16.56,65000.0,9.0,23.0,1.0
0,6225.0,17.09,D,660.0,664.0,24.24,25000.0,19.0,26.0,1.0
0,1000.0,9.44,B,745.0,749.0,34.3,36000.0,9.0,21.0,0.0
0,5000.0,11.49,B,700.0,704.0,15.87,49000.0,9.0,15.0,1.0
1,3025.0,16.99,D,675.0,679.0,2.0,30000.0,2.0,3.0,0.0
0,25000.0,5.32,A,770.0,774.0,20.76,267000.0,13.0,29.0,0.0
1,10000.0,9.44,B,675.0,679.0,25.58,65000.0,14.0,32.0,0.0
1,8000.0,14.08,C,660.0,664.0,29.76,40000.0,7.0,10.0,0.0
0,10000.0,11.99,B,690.0,694.0,8.03,39500.0,9.0,16.0,0.0
0,13200.0,15.99,C,660.0,664.0,19.88,70000.0,7.0,15.0,0.0
0,18300.0,7.99,A,745.0,749.0,27.74,80000.0,12.0,33.0,0.0
1,33000.0,11.44,B,725.0,729.0,19.95,93000.0,9.0,24.0,3.0
1,5000.0,14.08,C,670.0,674.0,11.88,58000.0,9.0,14.0,0.0
1,8000.0,18.06,D,700.0,704.0,12.46,29000.0,5.0,8.0,0.0
1,3500.0,11.99,B,725.0,729.0,11.17,82000.0,11.0,24.0,2.0
0,16000.0,26.24,E,680.0,684.0,25.2,60000.0,11.0,22.0,0.0
0,15000.0,11.39,B,710.0,714.0,17.43,65000.0,11.0,24.0,2.0
0,9600.0,8.24,B,665.0,669.0,27.14,70000.0,5.0,9.0,0.0
0,12000.0,5.32,A,790.0,794.0,12.74,83000.0,9.0,42.0,0.0
0,2400.0,10.42,B,695.0,699.0,22.21,32000.0,5.0,5.0,0.0
1,12000.0,13.59,C,675.0,679.0,27.95,105000.0,24.0,31.0,2.0
1,14000.0,9.44,B,715.0,719.0,24.61,85000.0,18.0,28.0,1.0
0,1500.0,19.99,D,680.0,684.0,15.2,15000.0,3.0,3.0,0.0
0,3000.0,7.07,A,800.0,804.0,21.96,27000.0,14.0,36.0,0.0
0,27000.0,11.99,B,715.0,719.0,30.01,113000.0,14.0,24.0,0.0
0,15000.0,5.32,A,735.0,739.0,15.08,136800.0,15.0,36.0,0.0
0,4000.0,12.62,C,780.0,784.0,24.58,33500.0,20.0,31.0,2.0
0,5000.0,11.44,B,670.0,674.0,4.85,80000.0,15.0,46.0,1.0
0,20000.0,7.99,A,685.0,689.0,14.72,60000.0,9.0,10.0,0.0
1,10000.0,9.44,B,675.0,679.0,9.14,80000.0,9.0,19.0,0.0
1,10000.0,9.93,B,705.0,709.0,23.54,30000.0,17.0,35.0,0.0
0,12000.0,11.49,B,750.0,754.0,6.82,55960.0,4.0,5.0,0.0
0,8000.0,14.08,C,675.0,679.0,20.67,80000.0,9.0,16.0,1.0
0,4950.0,14.99,C,660.0,664.0,9.44,61000.0,6.0,9.0,1.0
1,9125.0,26.3,E,665.0,669.0,25.5,40000.0,7.0,24.0,0.0
1,5000.0,12.62,C,680.0,684.0,24.3,24000.0,6.0,7.0,0.0
0,2350.0,6.99,A,795.0,799.0,12.17,80000.0,11.0,28.0,0.0
1,10000.0,22.74,E,665.0,669.0,49.14,37000.0,26.0,30.0,2.0
1,24000.0,11.39,B,670.0,674.0,24.19,140000.0,42.0,49.0,2.0
1,18000.0,11.49,B,660.0,664.0,8.17,100000.0,6.0,13.0,0.0
1,10000.0,15.05,C,675.0,679.0,11.95,46000.0,6.0,9.0,0.0
0,10000.0,11.44,B,695.0,699.0,16.91,86800.0,17.0,51.0,1.0
1,5000.0,10.42,B,695.0,699.0,17.87,45000.0,13.0,18.0,0.0
0,6000.0,10.91,B,660.0,664.0,14.58,55000.0,11.0,26.0,0.0
1,10800.0,7.07,A,745.0,749.0,6.19,45720.0,5.0,7.0,0.0
1,8000.0,13.59,C,665.0,669.0,30.39,43000.0,16.0,61.0,2.0
0,6000.0,8.24,B,700.0,704.0,29.78,37000.0,14.0,32.0,0.0
0,21000.0,11.39,B,710.0,714.0,29.88,60000.0,11.0,16.0,2.0
1,16875.0,9.93,B,715.0,719.0,24.66,60000.0,6.0,26.0,1.0
0,8000.0,5.32,A,735.0,739.0,20.54,104000.0,12.0,21.0,0.0
0,6400.0,7.49,A,745.0,749.0,12.77,47000.0,17.0,20.0,0.0
1,5000.0,9.44,B,725.0,729.0,11.32,67320.0,11.0,20.0,0.0
0,8000.0,13.49,C,675.0,679.0,22.42,29120.0,26.0,34.0,1.0
0,9600.0,7.21,A,730.0,734.0,18.32,72000.0,12.0,32.0,1.0
0,10000.0,12.74,C,665.0,669.0,12.0,62000.0,7.0,11.0,0.0
0,7475.0,9.93,B,690.0,694.0,26.26,160000.0,15.0,32.0,0.0
1,7000.0,16.02,C,680.0,684.0,15.6,103000.0,10.0,18.0,2.0
0,9000.0,7.99,A,730.0,734.0,10.32,70000.0,6.0,28.0,0.0
0,24000.0,14.99,C,665.0,669.0,25.99,146000.0,16.0,26.0,0.0
1,4800.0,16.99,D,670.0,674.0,11.24,90000.0,12.0,12.0,0.0
0,9600.0,7.24,A,685.0,689.0,29.38,62000.0,12.0,28.0,0.0
0,25000.0,7.24,A,715.0,719.0,14.52,200000.0,16.0,25.0,1.0
0,35000.0,15.99,C,685.0,689.0,17.35,80000.0,4.0,28.0,0.0
0,10000.0,15.99,C,695.0,699.0,13.85,26000.0,4.0,5.0,0.0
0,20000.0,8.24,B,670.0,674.0,23.03,150000.0,14.0,28.0,0.0
0,20525.0,17.99,D,675.0,679.0,32.53,57081.0,4.0,17.0,0.0
0,4800.0,8.24,B,705.0,709.0,13.26,70000.0,12.0,44.0,0.0
0,10000.0,16.02,C,685.0,689.0,18.51,174000.0,7.0,13.0,2.0
0,10000.0,5.32,A,825.0,829.0,17.61,65000.0,17.0,34.0,1.0
1,5000.0,17.09,D,710.0,714.0,18.4,18000.0,7.0,12.0,2.0
0,12000.0,7.07,A,735.0,739.0,15.54,73000.0,6.0,12.0,0.0
0,4500.0,11.39,B,690.0,694.0,11.66,119600.0,14.0,21.0,0.0
0,30000.0,11.44,B,710.0,714.0,23.8,120000.0,11.0,20.0,1.0
0,25000.0,8.24,B,745.0,749.0,12.28,70000.0,10.0,19.0,2.0
0,19625.0,7.24,A,730.0,734.0,14.02,124000.0,18.0,33.0,0.0
1,5000.0,11.99,B,675.0,679.0,27.06,35000.0,6.0,7.0,0.0
0,10000.0,15.99,C,675.0,679.0,28.26,36400.0,11.0,12.0,0.0
0,8000.0,8.24,B,705.0,709.0,23.83,35000.0,4.0,18.0,1.0
0,35000.0,12.74,C,695.0,699.0,8.07,126000.0,14.0,41.0,1.0
0,8000.0,12.62,C,675.0,679.0,22.23,55000.0,16.0,25.0,0.0
0,8400.0,11.49,B,660.0,664.0,4.41,65000.0,7.0,7.0,0.0
0,1500.0,7.99,A,700.0,704.0,32.62,50000.0,8.0,26.0,0.0
0,3500.0,11.39,B,710.0,714.0,19.15,50000.0,27.0,43.0,2.0
0,10500.0,9.93,B,710.0,714.0,30.14,80000.0,9.0,20.0,0.0
1,15000.0,16.02,C,695.0,699.0,9.88,52000.0,10.0,31.0,0.0
0,5000.0,9.93,B,665.0,669.0,25.53,66000.0,17.0,43.0,1.0
1,17000.0,23.88,E,670.0,674.0,13.34,52000.0,6.0,26.0,1.0
0,16000.0,11.39,B,685.0,689.0,29.4,250000.0,18.0,28.0,1.0
0,20000.0,9.44,B,710.0,714.0,15.53,95000.0,14.0,23.0,1.0
1,10000.0,10.42,B,665.0,669.0,20.45,72000.0,20.0,56.0,1.0
0,8275.0,8.24,B,705.0,709.0,13.07,101000.0,10.0,29.0,2.0
0,10000.0,7.49,A,715.0,719.0,26.68,42000.0,29.0,48.0,0.0
0,16000.0,10.49,B,705.0,709.0,24.79,67000.0,19.0,36.0,1.0
0,10000.0,10.49,B,700.0,704.0,17.42,60000.0,7.0,13.0,0.0
0,14400.0,10.42,B,695.0,699.0,23.56,65000.0,16.0,22.0,0.0
0,15000.0,11.49,B,715.0,719.0,9.5,60000.0,12.0,30.0,0.0
0,26700.0,7.49,A,740.0,744.0,22.28,95000.0,5.0,17.0,0.0
1,18700.0,30.99,G,675.0,679.0,14.56,52000.0,8.0,12.0,2.0
1,12000.0,15.99,C,705.0,709.0,27.48,48000.0,14.0,33.0,0.0
0,8000.0,11.44,B,670.0,674.0,8.83,45000.0,12.0,22.0,2.0
0,30000.0,8.24,B,710.0,714.0,14.6,225000.0,17.0,30.0,1.0
0,5800.0,14.99,C,690.0,694.0,23.42,66000.0,17.0,43.0,0.0
1,2000.0,9.44,B,680.0,684.0,9.6,30000.0,6.0,13.0,1.0
0,12000.0,5.32,A,720.0,724.0,14.18,139000.0,7.0,23.0,0.0
0,6400.0,20.0,D,660.0,664.0,23.82,148500.0,14.0,30.0,2.0
1,40000.0,6.99,A,830.0,834.0,6.36,320000.0,14.0,26.0,1.0
1,9700.0,18.99,D,720.0,724.0,19.79,80000.0,14.0,22.0,1.0
1,3000.0,11.44,B,660.0,664.0,14.13,90000.0,15.0,20.0,1.0
1,5000.0,9.44,B,735.0,739.0,14.87,136000.0,12.0,25.0,1.0
0,20000.0,8.24,B,690.0,694.0,6.72,57000.0,5.0,8.0,0.0
0,10000.0,14.08,C,680.0,684.0,19.83,110000.0,11.0,29.0,0.0
0,7000.0,16.99,D,680.0,684.0,19.15,70000.0,16.0,26.0,0.0
1,12000.0,9.93,B,675.0,679.0,19.79,55000.0,11.0,44.0,0.0
0,6300.0,11.44,B,730.0,734.0,22.33,95000.0,15.0,51.0,1.0
1,20000.0,10.91,B,680.0,684.0,18.76,160000.0,24.0,33.0,1.0
0,15000.0,17.99,D,690.0,694.0,44.29,50000.0,10.0,21.0,1.0
0,35000.0,18.06,D,680.0,684.0,12.94,100000.0,17.0,34.0,0.0
0,10000.0,6.99,A,715.0,719.0,15.27,150000.0,10.0,38.0,0.0
0,30000.0,11.44,B,680.0,684.0,6.54,65000.0,4.0,18.0,0.0
1,20000.0,12.62,C,665.0,669.0,8.58,110000.0,5.0,5.0,1.0
0,8000.0,5.32,A,730.0,734.0,16.4,110000.0,13.0,33.0,0.0
0,18000.0,13.99,C,695.0,699.0,29.2,30000.0,3.0,9.0,0.0
0,10000.0,7.24,A,775.0,779.0,4.63,120000.0,7.0,22.0,0.0
0,24000.0,13.49,C,690.0,694.0,18.82,120000.0,30.0,76.0,0.0
1,1000.0,9.93,B,665.0,669.0,13.11,60000.0,7.0,15.0,0.0
0,5600.0,12.62,C,715.0,719.0,5.18,46992.0,6.0,8.0,1.0
0,9000.0,7.97,A,715.0,719.0,13.0,65000.0,7.0,9.0,0.0
0,11000.0,12.74,C,695.0,699.0,20.4,70000.0,9.0,17.0,0.0
0,16000.0,8.24,B,660.0,664.0,13.01,83000.0,7.0,28.0,1.0
0,10000.0,11.99,B,720.0,724.0,15.3,55000.0,10.0,13.0,2.0
0,19200.0,7.21,A,735.0,739.0,20.2,100000.0,12.0,18.0,1.0
0,3025.0,18.06,D,680.0,684.0,34.87,40000.0,12.0,18.0,1.0
0,13000.0,12.62,C,675.0,679.0,26.36,58000.0,8.0,14.0,0.0
0,35000.0,11.49,B,700.0,704.0,24.33,150000.0,13.0,22.0,0.0
0,10400.0,10.42,B,660.0,664.0,11.96,60000.0,19.0,32.0,1.0
0,20000.0,11.44,B,700.0,704.0,15.37,96000.0,6.0,9.0,1.0
0,2800.0,12.74,C,720.0,724.0,13.3,36000.0,7.0,10.0,0.0
1,12000.0,12.74,C,665.0,669.0,6.27,70000.0,7.0,8.0,0.0
0,11200.0,5.32,A,760.0,764.0,19.7,75000.0,10.0,15.0,1.0
1,3000.0,16.02,C,690.0,694.0,9.96,20000.0,3.0,5.0,0.0
1,6000.0,16.02,C,685.0,689.0,22.09,35000.0,7.0,12.0,1.0
1,14000.0,12.74,C,665.0,669.0,10.4,110000.0,8.0,13.0,0.0
0,6000.0,7.97,A,770.0,774.0,7.74,130000.0,18.0,34.0,0.0
1,16800.0,14.08,C,680.0,684.0,34.77,40000.0,10.0,17.0,0.0
0,25000.0,6.99,A,775.0,779.0,14.7,110000.0,14.0,27.0,1.0
0,15000.0,11.49,B,745.0,749.0,8.83,100000.0,6.0,19.0,0.0
0,8000.0,11.49,B,670.0,674.0,15.51,55000.0,8.0,58.0,0.0
1,22000.0,15.05,C,675.0,679.0,25.08,80000.0,16.0,22.0,0.0
0,10000.0,17.99,D,660.0,664.0,15.84,105000.0,20.0,29.0,1.0
0,35000.0,13.59,C,700.0,704.0,9.28,185000.0,15.0,35.0,0.0
0,9600.0,7.99,A,705.0,709.0,10.33,125000.0,8.0,22.0,1.0
0,29000.0,13.49,C,675.0,679.0,28.93,74350.0,9.0,18.0,0.0
0,10000.0,12.62,C,705.0,709.0,17.31,52000.0,19.0,43.0,0.0
0,9600.0,7.97,A,780.0,784.0,19.13,36000.0,13.0,21.0,1.0
0,8000.0,7.97,A,710.0,714.0,14.71,39500.0,9.0,9.0,1.0
0,23550.0,15.05,C,665.0,669.0,20.65,93000.0,22.0,63.0,0.0
0,24000.0,11.49,B,660.0,664.0,8.83,106000.0,12.0,33.0,0.0
0,7000.0,7.49,A,680.0,684.0,18.66,55000.0,15.0,29.0,1.0
0,25000.0,10.42,B,670.0,674.0,20.56,88000.0,9.0,18.0,1.0
0,20000.0,9.44,B,750.0,754.0,24.73,68000.0,14.0,26.0,0.0
0,6000.0,5.32,A,725.0,729.0,9.42,145000.0,9.0,26.0,1.0
0,12075.0,12.74,C,685.0,689.0,4.29,152000.0,6.0,8.0,0.0
0,2000.0,11.99,B,725.0,729.0,25.24,87600.0,18.0,22.0,0.0
1,3500.0,16.02,C,665.0,669.0,14.77,52000.0,6.0,27.0,0.0
0,5000.0,9.44,B,680.0,684.0,30.93,45000.0,16.0,20.0,1.0
0,26675.0,7.24,A,750.0,754.0,32.89,180000.0,15.0,22.0,0.0
0,5200.0,18.06,D,675.0,679.0,30.36,36000.0,6.0,28.0,1.0
0,15000.0,8.24,B,765.0,769.0,16.8,55000.0,14.0,29.0,1.0
0,5000.0,11.49,B,695.0,699.0,16.51,80000.0,22.0,33.0,1.0
0,3500.0,9.93,B,690.0,694.0,12.11,77400.0,10.0,21.0,1.0
0,3025.0,25.49,E,675.0,679.0,32.4,40000.0,10.0,12.0,2.0
1,1000.0,11.39,B,710.0,714.0,22.99,45000.0,7.0,15.0,0.0
0,11200.0,9.93,B,710.0,714.0,29.79,80000.0,16.0,21.0,1.0
0,12000.0,7.97,A,735.0,739.0,26.62,39000.0,11.0,21.0,0.0
1,21000.0,13.59,C,670.0,674.0,10.83,90000.0,13.0,28.0,0.0
0,30000.0,10.49,B,685.0,689.0,8.67,101146.0,11.0,22.0,0.0
0,12000.0,10.42,B,670.0,674.0,8.1,150000.0,6.0,15.0,1.0
0,3000.0,7.97,A,695.0,699.0,14.57,50000.0,10.0,18.0,0.0
0,14000.0,17.09,D,705.0,709.0,22.62,42000.0,18.0,31.0,3.0
0,15000.0,10.49,B,690.0,694.0,10.52,65000.0,6.0,30.0,2.0
0,4000.0,9.44,B,715.0,719.0,21.27,33000.0,3.0,4.0,0.0
0,25650.0,14.99,C,700.0,704.0,26.89,96000.0,12.0,39.0,1.0
1,5000.0,20.0,D,660.0,664.0,13.92,30000.0,16.0,21.0,3.0
1,5000.0,12.62,C,665.0,669.0,29.89,65000.0,13.0,18.0,0.0
0,9600.0,8.24,B,675.0,679.0,11.21,96000.0,8.0,22.0,1.0
1,9475.0,16.99,D,660.0,664.0,29.49,40000.0,7.0,11.0,2.0
1,12000.0,14.08,C,680.0,684.0,17.87,107120.0,22.0,36.0,0.0
0,3600.0,16.99,D,675.0,679.0,18.4,93000.0,27.0,34.0,1.0
0,7200.0,13.99,C,660.0,664.0,30.25,39000.0,7.0,10.0,0.0
0,20000.0,7.97,A,710.0,714.0,14.45,92000.0,9.0,35.0,1.0
0,5000.0,5.32,A,780.0,784.0,16.68,37000.0,14.0,24.0,0.0
0,14000.0,5.32,A,750.0,754.0,10.76,182000.0,8.0,36.0,0.0
0,16800.0,7.24,A,725.0,729.0,24.32,86400.0,13.0,20.0,0.0
0,3000.0,13.99,C,660.0,664.0,12.06,77100.0,6.0,15.0,0.0
1,8000.0,11.99,B,660.0,664.0,13.29,64000.0,4.0,8.0,0.0
0,6000.0,13.59,C,660.0,664.0,7.83,40000.0,4.0,5.0,1.0
0,3200.0,15.99,C,680.0,684.0,2.37,38000.0,6.0,12.0,0.0
0,22250.0,11.44,B,665.0,669.0,14.83,50000.0,9.0,14.0,0.0
0,15000.0,7.49,A,700.0,704.0,4.46,160000.0,5.0,18.0,0.0
0,10000.0,15.99,C,680.0,684.0,30.21,98332.0,26.0,40.0,1.0
0,18000.0,9.93,B,690.0,694.0,16.46,92000.0,10.0,14.0,1.0
0,4000.0,10.49,B,815.0,819.0,7.24,85000.0,6.0,17.0,0.0
0,20000.0,13.49,C,715.0,719.0,11.95,52000.0,15.0,51.0,1.0
0,35000.0,12.74,C,705.0,709.0,17.79,120000.0,14.0,25.0,0.0
0,10000.0,17.99,D,675.0,679.0,24.35,75000.0,20.0,46.0,1.0
0,5400.0,14.99,C,675.0,679.0,5.04,27600.0,3.0,4.0,0.0
0,24000.0,10.49,B,675.0,679.0,12.56,88000.0,7.0,16.0,0.0
0,9000.0,14.08,C,695.0,699.0,31.97,50000.0,19.0,21.0,2.0
0,6000.0,10.91,B,680.0,684.0,14.75,33000.0,7.0,16.0,0.0
0,12000.0,16.99,D,665.0,669.0,2.67,44200.0,5.0,25.0,1.0
0,18000.0,5.32,A,780.0,784.0,8.4,75000.0,8.0,16.0,0.0
0,6600.0,7.24,A,700.0,704.0,29.75,80000.0,12.0,32.0,1.0
0,7000.0,9.93,B,785.0,789.0,18.51,54000.0,7.0,13.0,0.0
1,5000.0,14.08,C,680.0,684.0,33.4,35000.0,8.0,10.0,0.0
1,20000.0,14.99,C,680.0,684.0,18.94,75000.0,14.0,25.0,0.0
1,10000.0,14.08,C,665.0,669.0,26.17,69000.0,10.0,16.0,2.0
1,8350.0,15.05,C,675.0,679.0,27.13,34000.0,15.0,30.0,2.0
1,15000.0,24.85,E,665.0,669.0,20.73,40000.0,9.0,22.0,0.0
0,6025.0,19.99,D,700.0,704.0,14.8,60000.0,8.0,20.0,1.0
0,32850.0,15.99,C,705.0,709.0,28.26,130000.0,11.0,20.0,0.0
0,14400.0,8.24,B,665.0,669.0,9.9,80000.0,10.0,24.0,0.0
0,16000.0,16.99,D,675.0,679.0,12.96,40000.0,5.0,6.0,1.0
0,8000.0,12.74,C,685.0,689.0,22.02,60000.0,7.0,11.0,0.0
0,3000.0,25.82,E,680.0,684.0,25.07,90000.0,18.0,45.0,2.0
0,13500.0,13.59,C,720.0,724.0,18.15,50000.0,7.0,15.0,0.0
0,15000.0,10.49,B,670.0,674.0,34.04,55000.0,14.0,23.0,3.0
0,30000.0,17.99,D,670.0,674.0,8.11,157200.0,17.0,40.0,2.0
1,15000.0,11.99,B,675.0,679.0,37.95,48000.0,11.0,23.0,0.0
0,6000.0,7.49,A,710.0,714.0,17.23,50000.0,8.0,19.0,0.0
0,3500.0,13.99,C,665.0,669.0,18.4,30000.0,9.0,15.0,0.0
0,4000.0,6.99,A,690.0,694.0,15.17,75000.0,14.0,23.0,0.0
0,14400.0,15.05,C,685.0,689.0,24.41,76000.0,12.0,14.0,1.0
0,14000.0,7.24,A,740.0,744.0,27.3,82500.0,8.0,11.0,1.0
0,4000.0,11.49,B,660.0,664.0,15.01,45000.0,7.0,10.0,2.0
0,8000.0,17.99,D,690.0,694.0,3.43,56000.0,2.0,4.0,0.0
0,10000.0,10.49,B,680.0,684.0,14.59,65000.0,20.0,54.0,2.0
0,10000.0,9.44,B,680.0,684.0,12.48,82000.0,7.0,19.0,1.0
1,12600.0,12.62,C,735.0,739.0,2.78,35000.0,3.0,4.0,0.0
1,6350.0,15.99,C,680.0,684.0,10.02,185000.0,13.0,24.0,0.0
0,8000.0,9.44,B,735.0,739.0,32.6,45000.0,17.0,31.0,0.0
0,3200.0,14.08,C,685.0,689.0,22.26,44000.0,18.0,36.0,1.0
0,24000.0,11.44,B,710.0,714.0,31.06,60000.0,21.0,33.0,1.0
0,15000.0,7.35,A,690.0,694.0,10.51,45000.0,5.0,10.0,0.0
1,35000.0,14.08,C,670.0,674.0,24.03,42500.0,4.0,8.0,0.0
0,32000.0,7.35,A,735.0,739.0,29.97,78000.0,10.0,29.0,1.0
1,12000.0,9.44,B,660.0,664.0,6.87,90000.0,19.0,34.0,1.0
0,8000.0,5.32,A,725.0,729.0,12.78,65000.0,8.0,16.0,0.0
0,3000.0,7.35,A,695.0,699.0,28.14,100000.0,8.0,41.0,0.0
0,5000.0,9.93,B,705.0,709.0,27.03,36000.0,13.0,19.0,1.0
0,30000.0,14.08,C,685.0,689.0,6.03,78000.0,7.0,16.0,0.0
0,8000.0,13.99,C,660.0,664.0,15.33,110000.0,13.0,22.0,1.0
0,8000.0,11.44,B,765.0,769.0,19.61,38366.0,9.0,11.0,0.0
0,12000.0,5.32,A,805.0,809.0,10.33,72000.0,15.0,41.0,1.0
0,10000.0,11.99,B,680.0,684.0,16.78,60000.0,17.0,23.0,2.0
0,20000.0,11.39,B,690.0,694.0,5.61,107000.0,8.0,15.0,1.0
1,3000.0,18.06,D,680.0,684.0,3.73,24000.0,5.0,12.0,0.0
0,1500.0,13.49,C,665.0,669.0,3.78,61200.0,4.0,10.0,0.0
0,12000.0,17.99,D,665.0,669.0,22.6,48100.0,12.0,19.0,1.0
1,6000.0,9.93,B,690.0,694.0,7.04,30000.0,8.0,16.0,0.0
0,7200.0,9.44,B,690.0,694.0,13.74,40000.0,9.0,13.0,0.0
0,11000.0,7.99,A,725.0,729.0,28.56,40000.0,11.0,17.0,0.0
0,10000.0,16.99,D,665.0,669.0,25.47,40000.0,18.0,25.0,0.0
0,8000.0,12.62,C,720.0,724.0,9.29,39145.6,5.0,5.0,0.0
0,7275.0,12.62,C,665.0,669.0,14.6,55000.0,5.0,9.0,0.0
0,6000.0,13.49,C,685.0,689.0,30.04,100000.0,13.0,22.0,0.0
1,35000.0,21.45,D,665.0,669.0,22.53,172992.0,19.0,86.0,2.0
0,1300.0,5.32,A,745.0,749.0,20.47,55000.0,11.0,19.0,0.0
1,25000.0,18.06,D,670.0,674.0,14.42,72000.0,13.0,22.0,1.0
0,8500.0,8.24,B,675.0,679.0,16.0,70000.0,12.0,28.0,0.0
0,30000.0,15.99,C,730.0,734.0,22.86,100008.0,25.0,51.0,1.0
0,6000.0,12.62,C,705.0,709.0,17.75,56000.0,3.0,3.0,0.0
0,13875.0,7.49,A,720.0,724.0,28.75,110000.0,20.0,41.0,0.0
0,9000.0,10.49,B,760.0,764.0,7.82,33600.0,11.0,15.0,0.0
0,10000.0,11.44,B,665.0,669.0,12.88,42860.0,7.0,23.0,0.0
0,4500.0,9.44,B,775.0,779.0,12.28,52000.0,6.0,15.0,0.0
1,4800.0,13.59,C,720.0,724.0,12.19,70000.0,17.0,21.0,3.0
1,10000.0,15.05,C,680.0,684.0,11.72,47000.0,9.0,14.0,0.0
0,13775.0,11.39,B,705.0,709.0,26.13,96000.0,10.0,23.0,0.0
1,3200.0,15.05,C,660.0,664.0,13.04,39126.0,22.0,25.0,0.0
0,15000.0,9.93,B,665.0,669.0,32.45,160000.0,47.0,75.0,2.0
0,10200.0,7.97,A,685.0,689.0,19.12,40800.0,7.0,24.0,0.0
1,8500.0,12.62,C,690.0,694.0,21.16,32000.0,11.0,21.0,0.0
0,6000.0,7.49,A,735.0,739.0,7.7,34000.0,9.0,17.0,0.0
0,10000.0,12.74,C,675.0,679.0,14.57,80000.0,14.0,19.0,0.0
1,7000.0,7.35,A,685.0,689.0,15.6,65000.0,10.0,21.0,0.0
0,9000.0,5.32,A,805.0,809.0,29.86,68000.0,18.0,37.0,0.0
0,2000.0,13.99,C,675.0,679.0,15.78,81000.0,6.0,10.0,2.0
0,5000.0,8.24,B,690.0,694.0,20.65,49000.0,8.0,25.0,1.0
0,4800.0,7.07,A,720.0,724.0,17.86,42000.0,11.0,13.0,0.0
0,24000.0,10.49,B,685.0,689.0,24.36,151000.0,25.0,42.0,1.0
0,10000.0,5.32,A,720.0,724.0,24.94,42000.0,17.0,39.0,1.0
1,8000.0,16.02,C,685.0,689.0,24.25,35000.0,5.0,6.0,0.0
0,10900.0,14.99,C,665.0,669.0,19.33,45000.0,6.0,10.0,0.0
0,8000.0,11.49,B,665.0,669.0,19.04,51000.0,7.0,9.0,0.0
0,7500.0,5.32,A,740.0,744.0,4.4,85000.0,10.0,18.0,0.0
1,20000.0,13.49,C,675.0,679.0,12.73,90000.0,13.0,20.0,0.0
0,12600.0,8.24,B,730.0,734.0,29.74,97000.0,13.0,24.0,0.0
0,10000.0,5.32,A,685.0,689.0,15.21,62400.0,11.0,16.0,0.0
0,35000.0,18.99,D,665.0,669.0,21.81,85000.0,20.0,34.0,0.0
0,10000.0,11.49,B,660.0,664.0,28.98,62000.0,5.0,20.0,0.0
1,7000.0,13.49,C,680.0,684.0,23.13,44000.0,16.0,23.0,1.0
1,12000.0,11.39,B,660.0,664.0,15.34,70000.0,17.0,38.0,0.0
0,19200.0,13.49,C,675.0,679.0,19.84,100000.0,11.0,18.0,0.0
0,2800.0,11.49,B,690.0,694.0,21.29,110000.0,17.0,32.0,1.0
0,9800.0,7.97,A,680.0,684.0,7.57,46000.0,7.0,10.0,0.0
1,21500.0,15.99,C,700.0,704.0,32.62,50000.0,9.0,23.0,0.0
1,24000.0,26.24,E,670.0,674.0,11.14,355000.0,15.0,40.0,5.0
1,30000.0,12.74,C,725.0,729.0,18.45,135000.0,11.0,28.0,1.0
1,12500.0,13.59,C,670.0,674.0,25.55,75000.0,11.0,23.0,0.0
1,12250.0,20.0,D,665.0,669.0,31.1,35000.0,9.0,16.0,1.0
0,6400.0,12.74,C,735.0,739.0,29.64,70000.0,9.0,32.0,1.0
1,5000.0,11.99,B,680.0,684.0,12.78,37000.0,8.0,24.0,1.0
0,5600.0,16.02,C,665.0,669.0,34.87,18000.0,15.0,37.0,2.0
0,6900.0,14.99,C,660.0,664.0,7.94,70000.0,16.0,40.0,0.0
1,3600.0,11.99,B,665.0,669.0,13.02,32000.0,8.0,12.0,0.0
0,15000.0,11.99,B,680.0,684.0,16.57,90000.0,18.0,39.0,0.0
1,5000.0,19.03,D,670.0,674.0,8.06,32000.0,5.0,6.0,0.0
1,28000.0,14.08,C,690.0,694.0,10.9,180000.0,17.0,24.0,1.0
1,4000.0,7.99,A,705.0,709.0,16.79,86500.0,11.0,25.0,0.0
0,5000.0,17.99,D,695.0,699.0,33.04,34000.0,13.0,17.0,0.0
0,6000.0,11.39,B,680.0,684.0,18.73,60000.0,9.0,17.0,1.0
0,24000.0,7.24,A,730.0,734.0,20.29,90000.0,11.0,32.0,0.0
1,10500.0,13.49,C,705.0,709.0,32.14,50000.0,18.0,24.0,0.0
0,9600.0,11.49,B,670.0,674.0,11.5,48000.0,7.0,14.0,2.0
0,4500.0,7.97,A,695.0,699.0,9.9,56000.0,10.0,17.0,0.0
0,5200.0,6.99,A,715.0,719.0,8.02,108000.0,14.0,22.0,2.0
0,12000.0,8.24,B,710.0,714.0,16.1,55000.0,7.0,16.0,0.0
0,12000.0,7.99,A,690.0,694.0,10.31,44000.0,7.0,28.0,0.0
1,16000.0,13.59,C,705.0,709.0,17.19,80000.0,30.0,55.0,3.0
0,24000.0,14.99,C,805.0,809.0,20.69,105000.0,32.0,64.0,0.0
1,6000.0,11.44,B,765.0,769.0,24.2,25000.0,11.0,16.0,0.0
0,35000.0,10.49,B,725.0,729.0,20.29,120000.0,10.0,20.0,0.0
0,9000.0,13.49,C,660.0,664.0,8.85,80000.0,9.0,15.0,2.0
1,7000.0,16.02,C,660.0,664.0,4.5,80000.0,4.0,10.0,0.0
0,30000.0,7.24,A,700.0,704.0,20.92,208000.0,16.0,28.0,1.0
0,6500.0,11.49,B,700.0,704.0,21.84,25000.0,6.0,19.0,0.0
1,17400.0,16.02,C,685.0,689.0,20.52,87000.0,19.0,31.0,0.0
1,8000.0,19.99,D,665.0,669.0,15.26,28000.0,6.0,9.0,0.0
0,12850.0,11.49,B,660.0,664.0,9.49,170000.0,8.0,40.0,0.0
0,20800.0,17.99,D,675.0,679.0,8.86,94000.0,19.0,21.0,0.0
0,4800.0,7.07,A,735.0,739.0,4.6,60000.0,9.0,22.0,0.0
0,35000.0,17.99,D,695.0,699.0,8.9,160000.0,8.0,15.0,0.0
1,21000.0,9.93,B,720.0,724.0,32.26,52000.0,4.0,6.0,2.0
0,35000.0,12.74,C,700.0,704.0,17.17,140000.0,8.0,13.0,0.0
0,5500.0,16.99,D,660.0,664.0,16.86,17300.0,8.0,11.0,0.0
0,8875.0,17.99,D,705.0,709.0,23.36,45000.0,11.0,15.0,0.0
0,6000.0,13.49,C,670.0,674.0,19.8,60000.0,10.0,10.0,1.0
1,10000.0,11.99,B,715.0,719.0,32.43,34000.0,10.0,19.0,0.0
0,29900.0,21.49,D,665.0,669.0,29.14,65000.0,21.0,30.0,0.0
0,25000.0,10.91,B,695.0,699.0,17.88,83720.0,8.0,33.0,0.0
0,18675.0,23.99,E,660.0,664.0,15.62,55000.0,13.0,22.0,3.0
0,13000.0,11.49,B,660.0,664.0,15.03,72000.0,4.0,6.0,0.0
0,17000.0,11.44,B,695.0,699.0,32.47,73000.0,10.0,23.0,0.0
0,10000.0,13.59,C,680.0,684.0,9.2,106000.0,7.0,13.0,0.0
1,5600.0,24.74,E,685.0,689.0,8.58,20000.0,16.0,23.0,3.0
1,15000.0,17.09,D,710.0,714.0,24.16,45000.0,6.0,7.0,2.0
1,12000.0,11.44,B,660.0,664.0,18.77,91200.0,14.0,20.0,1.0
0,3600.0,9.93,B,660.0,664.0,9.89,70000.0,5.0,7.0,0.0
1,12250.0,13.59,C,700.0,704.0,11.52,35000.0,4.0,14.0,0.0
0,3500.0,8.24,B,670.0,674.0,14.76,50000.0,10.0,33.0,1.0
0,10250.0,9.93,B,680.0,684.0,12.96,80000.0,5.0,17.0,1.0
0,4800.0,12.74,C,670.0,674.0,8.88,30000.0,7.0,8.0,0.0
0,16200.0,13.49,C,765.0,769.0,31.31,75000.0,17.0,31.0,2.0
1,30375.0,30.84,G,660.0,664.0,6.1,91500.0,7.0,19.0,1.0
1,2000.0,12.62,C,670.0,674.0,25.49,50000.0,5.0,9.0,1.0
0,15000.0,11.44,B,710.0,714.0,15.36,40000.0,7.0,27.0,0.0
0,11000.0,16.02,C,710.0,714.0,34.23,46700.0,35.0,48.0,1.0
0,3000.0,11.39,B,760.0,764.0,8.91,60000.0,13.0,20.0,1.0
0,15000.0,14.99,C,670.0,674.0,20.66,88000.0,19.0,42.0,1.0
0,2500.0,15.05,C,680.0,684.0,19.75,30000.0,11.0,29.0,1.0
0,30000.0,14.99,C,660.0,664.0,16.57,67000.0,7.0,22.0,0.0
1,10000.0,11.49,B,690.0,694.0,10.11,60000.0,9.0,27.0,0.0
0,10000.0,14.08,C,670.0,674.0,1.24,65000.0,1.0,7.0,0.0
0,35000.0,7.97,A,700.0,704.0,13.95,156000.0,11.0,35.0,0.0
1,20000.0,12.74,C,660.0,664.0,12.61,69000.0,13.0,60.0,1.0
0,10000.0,30.89,G,670.0,674.0,27.9,63828.0,11.0,13.0,0.0
0,25000.0,10.49,B,720.0,724.0,34.14,100000.0,15.0,40.0,0.0
1,12000.0,12.74,C,705.0,709.0,30.72,30000.0,10.0,16.0,2.0
0,15000.0,12.74,C,680.0,684.0,6.14,57500.0,9.0,10.0,2.0
0,16000.0,5.32,A,740.0,744.0,15.34,75000.0,12.0,37.0,0.0
0,9600.0,8.24,B,675.0,679.0,13.09,87000.0,10.0,30.0,0.0
0,12000.0,12.74,C,695.0,699.0,17.54,75000.0,12.0,31.0,0.0
1,10000.0,17.09,D,695.0,699.0,7.55,85000.0,13.0,41.0,0.0
0,15950.0,22.74,E,670.0,674.0,20.43,42000.0,15.0,32.0,1.0
0,8000.0,13.49,C,700.0,704.0,27.57,48920.0,16.0,25.0,0.0
0,15350.0,15.05,C,660.0,664.0,18.45,65000.0,9.0,16.0,0.0
1,10000.0,10.42,B,690.0,694.0,12.54,42000.0,12.0,12.0,0.0
0,27600.0,6.99,A,705.0,709.0,17.38,400000.0,14.0,28.0,0.0
0,4400.0,12.74,C,660.0,664.0,16.23,59600.0,14.0,31.0,0.0
0,6000.0,11.49,B,670.0,674.0,9.94,50000.0,4.0,5.0,1.0
0,15000.0,18.99,D,660.0,664.0,10.88,48000.0,20.0,28.0,1.0
1,3000.0,18.06,D,685.0,689.0,14.42,14500.0,5.0,5.0,0.0
1,4000.0,10.42,B,670.0,674.0,28.85,80000.0,18.0,32.0,0.0
0,5000.0,11.39,B,660.0,664.0,11.88,42000.0,7.0,21.0,1.0
0,5000.0,12.74,C,690.0,694.0,25.92,50000.0,9.0,22.0,1.0
0,6000.0,9.44,B,735.0,739.0,15.24,60000.0,6.0,7.0,1.0
0,7000.0,15.99,C,695.0,699.0,9.85,58000.0,5.0,11.0,1.0
0,2000.0,9.93,B,715.0,719.0,10.2,171458.0,6.0,16.0,0.0
1,5000.0,11.99,B,660.0,664.0,18.46,39000.0,7.0,11.0,1.0
0,3000.0,13.99,C,660.0,664.0,3.08,65000.0,5.0,10.0,1.0
1,1200.0,16.02,C,670.0,674.0,28.06,28650.0,22.0,34.0,0.0
0,18000.0,7.24,A,700.0,704.0,6.43,140000.0,14.0,43.0,0.0
1,10000.0,17.99,D,670.0,674.0,17.13,66000.0,19.0,25.0,2.0
0,20000.0,12.74,C,710.0,714.0,4.71,56289.0,6.0,9.0,1.0
0,6000.0,15.99,C,685.0,689.0,12.66,60000.0,12.0,16.0,2.0
0,5000.0,9.93,B,695.0,699.0,17.25,43000.0,11.0,17.0,0.0
1,20000.0,9.44,B,670.0,674.0,14.07,158000.0,11.0,21.0,0.0
0,40000.0,10.49,B,720.0,724.0,27.0,175000.0,28.0,46.0,2.0
1,5000.0,15.05,C,665.0,669.0,20.45,65000.0,25.0,27.0,0.0
0,12000.0,7.49,A,805.0,809.0,27.95,115000.0,17.0,34.0,0.0
0,5000.0,11.99,B,720.0,724.0,4.04,65000.0,3.0,4.0,0.0
0,8000.0,9.93,B,680.0,684.0,16.19,65000.0,8.0,25.0,1.0
0,16000.0,15.99,C,665.0,669.0,23.03,80000.0,14.0,19.0,0.0
0,8400.0,9.44,B,700.0,704.0,25.06,74000.0,19.0,43.0,0.0
1,7000.0,9.44,B,735.0,739.0,13.54,21000.0,7.0,9.0,0.0
0,5500.0,10.49,B,660.0,664.0,3.83,48000.0,5.0,12.0,0.0
0,20000.0,7.49,A,695.0,699.0,26.68,48000.0,28.0,62.0,0.0
1,28000.0,18.99,D,670.0,674.0,24.74,120000.0,22.0,33.0,1.0
0,14500.0,7.49,A,680.0,684.0,19.08,108200.0,9.0,33.0,0.0
1,20000.0,12.74,C,690.0,694.0,26.88,60000.0,8.0,22.0,0.0
1,24000.0,17.99,D,695.0,699.0,19.38,135000.0,14.0,39.0,0.0
0,4000.0,6.99,A,770.0,774.0,17.48,55000.0,6.0,13.0,0.0
0,4000.0,13.99,C,755.0,759.0,17.91,42000.0,10.0,16.0,1.0
0,7500.0,5.32,A,800.0,804.0,16.42,78000.0,23.0,43.0,0.0
0,3000.0,14.99,C,660.0,664.0,23.81,45000.0,9.0,15.0,1.0
0,30000.0,5.32,A,805.0,809.0,8.32,400000.0,11.0,19.0,0.0
0,12000.0,14.99,C,690.0,694.0,8.89,61000.0,9.0,23.0,0.0
0,26050.0,16.99,D,660.0,664.0,33.55,72000.0,8.0,18.0,0.0
0,10000.0,11.44,B,675.0,679.0,29.91,64000.0,19.0,27.0,2.0
0,12000.0,11.39,B,705.0,709.0,6.11,80000.0,5.0,16.0,0.0
0,4000.0,10.91,B,660.0,664.0,19.26,50000.0,12.0,37.0,1.0
0,9000.0,6.99,A,765.0,769.0,12.6,40000.0,14.0,29.0,0.0
0,5000.0,14.99,C,675.0,679.0,19.42,250000.0,29.0,48.0,0.0
0,20000.0,5.32,A,750.0,754.0,2.15,230000.0,9.0,25.0,1.0
0,13000.0,17.99,D,830.0,834.0,8.56,260000.0,15.0,20.0,1.0
0,4800.0,11.49,B,665.0,669.0,11.15,45000.0,9.0,10.0,0.0
1,14000.0,16.02,C,660.0,664.0,33.32,38000.0,10.0,11.0,1.0
0,4000.0,15.05,C,705.0,709.0,24.42,40000.0,7.0,12.0,1.0
1,9600.0,10.42,B,665.0,669.0,23.72,125000.0,44.0,66.0,0.0
0,7000.0,7.24,A,690.0,694.0,19.71,102000.0,5.0,28.0,0.0
1,3000.0,7.97,A,690.0,694.0,20.57,115000.0,13.0,27.0,0.0
0,7000.0,7.99,A,710.0,714.0,29.06,46000.0,12.0,25.0,0.0
0,9600.0,11.39,B,680.0,684.0,10.86,60000.0,10.0,28.0,1.0
0,35000.0,11.49,B,670.0,674.0,17.54,99000.0,13.0,29.0,0.0
0,40000.0,18.06,D,705.0,709.0,16.88,110000.0,8.0,13.0,0.0
0,7800.0,13.59,C,660.0,664.0,14.56,69000.0,5.0,35.0,0.0
1,10000.0,9.44,B,660.0,664.0,10.05,45000.0,9.0,22.0,2.0
0,8000.0,15.99,C,695.0,699.0,30.94,65000.0,16.0,17.0,2.0
0,28000.0,13.99,C,700.0,704.0,28.44,140000.0,17.0,32.0,0.0
1,9000.0,15.05,C,710.0,714.0,29.2,30000.0,6.0,9.0,0.0
0,32000.0,7.21,A,705.0,709.0,19.29,260000.0,13.0,25.0,1.0
1,3000.0,16.02,C,690.0,694.0,12.18,47000.0,8.0,9.0,1.0
1,30175.0,17.09,D,820.0,824.0,0.96,38760.0,2.0,10.0,0.0
1,10000.0,10.91,B,665.0,669.0,19.65,97789.0,17.0,27.0,0.0
1,15000.0,24.74,E,670.0,674.0,8.26,51000.0,4.0,14.0,0.0
1,9600.0,16.02,C,685.0,689.0,10.65,54000.0,13.0,31.0,1.0
1,1500.0,16.02,C,680.0,684.0,21.94,42000.0,8.0,27.0,0.0
0,6000.0,8.24,B,665.0,669.0,15.26,60000.0,11.0,34.0,0.0
1,25000.0,12.62,C,740.0,744.0,1.5,75000.0,4.0,5.0,2.0
0,15350.0,8.24,B,660.0,664.0,30.37,80000.0,19.0,34.0,0.0
0,10000.0,7.49,A,710.0,714.0,17.98,55000.0,7.0,13.0,2.0
1,15200.0,26.3,E,715.0,719.0,35.71,141000.0,11.0,41.0,2.0
1,10000.0,10.91,B,720.0,724.0,21.6,33000.0,9.0,14.0,0.0
0,30000.0,7.49,A,705.0,709.0,24.12,90000.0,10.0,22.0,0.0
0,8000.0,10.49,B,675.0,679.0,17.35,168750.0,9.0,18.0,0.0
1,1000.0,10.91,B,660.0,664.0,16.01,70000.0,9.0,20.0,0.0
0,12000.0,5.32,A,740.0,744.0,18.48,63000.0,13.0,29.0,0.0
0,8400.0,18.06,D,665.0,669.0,25.97,25000.0,7.0,16.0,2.0
0,40000.0,7.24,A,760.0,764.0,7.87,300000.0,12.0,21.0,0.0
1,7000.0,13.49,C,715.0,719.0,25.85,43779.37,5.0,8.0,0.0
0,5000.0,21.45,D,665.0,669.0,14.07,50000.0,7.0,15.0,0.0
0,17800.0,7.97,A,715.0,719.0,27.47,65000.0,16.0,42.0,1.0
0,2000.0,11.49,B,690.0,694.0,20.84,30000.0,7.0,14.0,0.0
0,8000.0,5.32,A,800.0,804.0,21.27,36000.0,10.0,15.0,0.0
1,30000.0,19.03,D,705.0,709.0,17.32,62000.0,7.0,10.0,0.0
0,20000.0,12.74,C,675.0,679.0,8.48,58000.0,9.0,22.0,0.0
0,12800.0,5.32,A,780.0,784.0,8.97,53000.0,9.0,26.0,1.0
1,6000.0,23.88,E,670.0,674.0,23.07,36000.0,21.0,40.0,1.0
0,6000.0,9.93,B,675.0,679.0,13.2,115000.0,10.0,19.0,2.0
0,6000.0,11.39,B,715.0,719.0,24.69,52000.0,14.0,17.0,1.0
1,10000.0,7.97,A,730.0,734.0,12.83,45000.0,7.0,8.0,0.0
0,20000.0,13.99,C,690.0,694.0,17.76,64000.0,6.0,9.0,1.0
0,5000.0,11.99,B,665.0,669.0,18.56,45000.0,14.0,19.0,2.0
0,5000.0,11.99,B,750.0,754.0,12.76,25000.0,11.0,14.0,0.0
0,8000.0,7.97,A,680.0,684.0,12.9,69000.0,8.0,27.0,0.0
0,3000.0,11.39,B,680.0,684.0,22.42,98000.0,13.0,23.0,1.0
1,40000.0,7.99,A,720.0,724.0,34.03,200000.0,13.0,44.0,1.0
0,17000.0,16.02,C,660.0,664.0,21.54,76600.0,7.0,9.0,0.0
1,12000.0,10.91,B,745.0,749.0,10.1,32000.0,5.0,17.0,0.0
0,13225.0,11.44,B,710.0,714.0,27.66,81000.0,20.0,30.0,1.0
0,12000.0,10.49,B,705.0,709.0,20.68,60000.0,11.0,21.0,0.0
0,19425.0,12.74,C,695.0,699.0,32.37,79000.0,17.0,26.0,1.0
1,21250.0,17.99,D,740.0,744.0,18.9,52000.0,9.0,21.0,0.0
1,9000.0,16.02,C,670.0,674.0,7.59,80000.0,9.0,16.0,3.0
0,15200.0,12.74,C,695.0,699.0,14.0,45000.0,6.0,15.0,0.0
0,19000.0,7.99,A,690.0,694.0,26.54,52000.0,14.0,16.0,0.0
1,10000.0,16.02,C,670.0,674.0,18.48,50000.0,10.0,24.0,0.0
0,16000.0,7.24,A,680.0,684.0,13.17,80000.0,14.0,29.0,0.0
0,35000.0,7.49,A,760.0,764.0,12.73,190000.0,24.0,47.0,1.0
1,35000.0,18.99,D,700.0,704.0,18.95,80000.0,16.0,34.0,0.0
0,3300.0,13.99,C,665.0,669.0,33.33,44000.0,8.0,26.0,0.0
0,23000.0,14.08,C,715.0,719.0,22.25,50000.0,19.0,24.0,0.0
0,5000.0,14.99,C,685.0,689.0,18.24,30000.0,3.0,6.0,1.0
0,6000.0,13.59,C,735.0,739.0,29.7,60000.0,12.0,23.0,0.0
1,16000.0,9.44,B,700.0,704.0,39.54,75000.0,17.0,54.0,2.0
1,10000.0,11.49,B,670.0,674.0,7.56,100000.0,21.0,51.0,0.0
0,1500.0,11.99,B,660.0,664.0,13.5,93000.0,5.0,24.0,1.0
0,4000.0,12.74,C,710.0,714.0,32.95,64500.0,14.0,18.0,0.0
1,17000.0,14.99,C,665.0,669.0,28.37,47500.0,9.0,41.0,1.0
0,14400.0,10.49,B,720.0,724.0,26.15,48000.0,10.0,31.0,1.0
0,9000.0,14.99,C,690.0,694.0,28.16,35000.0,7.0,14.0,0.0
0,7000.0,14.99,C,700.0,704.0,26.98,50000.0,10.0,16.0,1.0
0,15000.0,5.32,A,740.0,744.0,9.83,150000.0,10.0,29.0,0.0
1,35000.0,8.24,B,665.0,669.0,14.27,215000.0,4.0,10.0,0.0
0,3025.0,12.74,C,680.0,684.0,9.16,35000.0,9.0,23.0,2.0
0,10000.0,10.49,B,725.0,729.0,24.91,80000.0,8.0,33.0,0.0
0,3000.0,16.02,C,685.0,689.0,25.24,63000.0,10.0,36.0,1.0
0,10000.0,8.24,B,665.0,669.0,19.06,58000.0,16.0,30.0,0.0
0,11425.0,13.49,C,675.0,679.0,4.19,55000.0,10.0,25.0,2.0
0,20000.0,13.59,C,700.0,704.0,7.03,87000.0,15.0,23.0,1.0
0,20000.0,11.44,B,665.0,669.0,15.58,57000.0,16.0,20.0,0.0
0,7000.0,13.59,C,660.0,664.0,17.12,127000.0,14.0,33.0,1.0
0,14000.0,7.49,A,710.0,714.0,28.36,65000.0,8.0,27.0,0.0
1,30400.0,30.17,F,690.0,694.0,12.33,80000.0,10.0,18.0,2.0
0,8000.0,14.99,C,665.0,669.0,21.32,34000.0,6.0,15.0,0.0
0,12000.0,10.91,B,665.0,669.0,12.41,64000.0,8.0,14.0,0.0
1,6000.0,30.17,F,680.0,684.0,26.29,45000.0,11.0,24.0,4.0
0,8000.0,10.49,B,730.0,734.0,22.87,140000.0,16.0,25.0,0.0
0,8000.0,10.49,B,750.0,754.0,9.07,123000.0,14.0,22.0,1.0
0,9425.0,15.99,C,685.0,689.0,13.3,47000.0,10.0,11.0,0.0
0,30000.0,7.24,A,820.0,824.0,25.79,105000.0,14.0,43.0,0.0
0,5000.0,12.74,C,675.0,679.0,27.29,42000.0,11.0,20.0,0.0
0,2500.0,11.39,B,680.0,684.0,3.53,33000.0,4.0,5.0,0.0
0,3000.0,11.49,B,685.0,689.0,5.75,39000.0,14.0,32.0,0.0
0,5375.0,15.99,C,700.0,704.0,9.61,14996.0,4.0,4.0,0.0
0,14900.0,5.32,A,770.0,774.0,8.99,70000.0,28.0,46.0,0.0
0,10000.0,5.32,A,750.0,754.0,7.05,93600.0,5.0,13.0,0.0
0,12000.0,12.62,C,660.0,664.0,11.29,102000.0,10.0,28.0,1.0
1,16350.0,13.59,C,720.0,724.0,27.49,52000.0,19.0,37.0,0.0
1,10000.0,12.62,C,660.0,664.0,14.83,70000.0,13.0,20.0,3.0
0,16000.0,7.24,A,725.0,729.0,4.25,85000.0,8.0,11.0,1.0
0,25000.0,15.05,C,705.0,709.0,24.74,110000.0,25.0,44.0,1.0
0,7200.0,24.85,E,685.0,689.0,6.07,50000.0,4.0,5.0,0.0
1,12000.0,7.21,A,700.0,704.0,28.73,99000.0,22.0,41.0,0.0
0,4200.0,13.99,C,685.0,689.0,31.53,28320.0,7.0,12.0,0.0
0,6200.0,5.32,A,765.0,769.0,10.16,98000.0,11.0,30.0,1.0
0,8000.0,19.99,D,670.0,674.0,8.93,64000.0,12.0,24.0,3.0
0,9225.0,9.93,B,675.0,679.0,7.17,100000.0,13.0,33.0,2.0
1,8975.0,12.62,C,660.0,664.0,22.05,46705.0,9.0,12.0,2.0
0,6500.0,7.99,A,705.0,709.0,17.81,43000.0,11.0,16.0,1.0
0,6000.0,7.99,A,715.0,719.0,9.12,45000.0,1.0,5.0,1.0
0,5000.0,8.24,B,690.0,694.0,14.91,145000.0,13.0,22.0,0.0
1,20000.0,7.35,A,740.0,744.0,12.19,75000.0,13.0,21.0,0.0
0,20000.0,5.32,A,825.0,829.0,4.04,120000.0,4.0,11.0,0.0
0,14400.0,7.24,A,735.0,739.0,14.14,46000.0,11.0,21.0,0.0
0,6000.0,9.44,B,660.0,664.0,13.89,45000.0,7.0,8.0,0.0
1,9100.0,18.99,D,690.0,694.0,19.89,42000.0,9.0,20.0,0.0
1,20000.0,16.02,C,720.0,724.0,35.87,100000.0,9.0,18.0,4.0
0,20000.0,11.49,B,700.0,704.0,9.85,50000.0,5.0,15.0,0.0
1,6000.0,12.62,C,680.0,684.0,14.1,60000.0,6.0,16.0,3.0
0,20000.0,11.49,B,685.0,689.0,12.39,58000.0,11.0,19.0,1.0
0,20000.0,8.24,B,770.0,774.0,17.99,80000.0,10.0,21.0,0.0
0,16000.0,7.24,A,695.0,699.0,29.38,107000.0,13.0,24.0,0.0
0,18000.0,8.24,B,660.0,664.0,21.86,94000.0,13.0,25.0,0.0
0,5600.0,13.59,C,680.0,684.0,11.69,39000.0,1.0,4.0,0.0
0,40000.0,9.44,B,740.0,744.0,13.73,292600.0,20.0,42.0,5.0
0,7000.0,9.44,B,660.0,664.0,17.37,120000.0,17.0,29.0,0.0
1,10000.0,11.99,B,670.0,674.0,23.41,100000.0,13.0,26.0,0.0
1,25175.0,12.74,C,690.0,694.0,8.84,174566.0,12.0,24.0,0.0
1,12000.0,13.99,C,670.0,674.0,28.77,72000.0,16.0,20.0,0.0
1,12000.0,10.91,B,665.0,669.0,7.83,94000.0,11.0,21.0,1.0
0,4000.0,24.85,E,660.0,664.0,9.7,48000.0,10.0,11.0,2.0
0,12000.0,16.99,D,685.0,689.0,25.52,45760.0,9.0,19.0,0.0
0,2000.0,10.42,B,705.0,709.0,17.81,113000.0,14.0,31.0,2.0
0,15000.0,10.49,B,685.0,689.0,13.19,160000.0,12.0,24.0,0.0
0,4500.0,12.62,C,705.0,709.0,8.68,56000.0,6.0,12.0,1.0
0,3100.0,9.44,B,745.0,749.0,30.37,55000.0,6.0,9.0,0.0
1,26600.0,10.91,B,745.0,749.0,28.39,145000.0,7.0,20.0,0.0
0,20000.0,8.24,B,705.0,709.0,19.85,175000.0,10.0,22.0,0.0
0,15000.0,7.07,A,790.0,794.0,74.08,15000.0,12.0,24.0,0.0
0,12000.0,15.99,C,685.0,689.0,21.12,57000.0,20.0,23.0,1.0
0,20675.0,17.99,D,705.0,709.0,22.4,47000.0,6.0,12.0,0.0
1,24000.0,12.62,C,680.0,684.0,8.59,150000.0,16.0,25.0,0.0
0,7225.0,26.24,E,665.0,669.0,16.3,38000.0,6.0,10.0,0.0
0,18000.0,5.32,A,800.0,804.0,9.36,105000.0,14.0,21.0,0.0
0,27000.0,11.39,B,700.0,704.0,32.36,50000.0,13.0,35.0,0.0
0,20000.0,5.32,A,735.0,739.0,8.53,450000.0,25.0,53.0,1.0
1,3600.0,12.62,C,695.0,699.0,22.03,34000.0,5.0,13.0,0.0
0,15000.0,17.99,D,680.0,684.0,9.03,102000.0,24.0,25.0,0.0
0,24000.0,10.49,B,760.0,764.0,20.04,67600.0,9.0,18.0,1.0
0,10400.0,5.32,A,795.0,799.0,13.31,79000.0,13.0,25.0,1.0
0,6600.0,13.49,C,685.0,689.0,18.85,55000.0,7.0,11.0,0.0
0,6000.0,13.49,C,685.0,689.0,12.9,50000.0,7.0,10.0,0.0
0,10000.0,9.44,B,685.0,689.0,13.79,94640.0,11.0,21.0,0.0
0,2000.0,11.39,B,665.0,669.0,10.72,15000.0,8.0,12.0,0.0
1,16000.0,10.91,B,660.0,664.0,15.69,114000.0,13.0,22.0,3.0
1,16000.0,16.02,C,685.0,689.0,36.0,65000.0,15.0,24.0,1.0
0,25000.0,10.49,B,680.0,684.0,28.1,70000.0,16.0,51.0,0.0
0,30000.0,19.99,D,665.0,669.0,30.83,68000.0,10.0,18.0,0.0
0,20000.0,11.49,B,670.0,674.0,26.0,124500.0,21.0,31.0,0.0
0,6800.0,12.62,C,710.0,714.0,29.9,22000.0,16.0,30.0,0.0
1,6000.0,16.02,C,700.0,704.0,15.93,28000.0,7.0,9.0,0.0
0,21400.0,8.24,B,760.0,764.0,31.75,75000.0,16.0,19.0,1.0
0,8000.0,8.24,B,670.0,674.0,14.12,52000.0,5.0,11.0,0.0
0,10000.0,16.99,D,675.0,679.0,26.25,45500.0,23.0,24.0,1.0
0,6000.0,12.74,C,665.0,669.0,15.03,33000.0,5.0,6.0,0.0
0,31000.0,8.24,B,670.0,674.0,10.02,138000.0,9.0,30.0,0.0
1,30000.0,10.42,B,735.0,739.0,32.04,130000.0,15.0,39.0,1.0
1,12800.0,16.02,C,660.0,664.0,26.35,46000.0,32.0,59.0,1.0
0,4200.0,11.49,B,660.0,664.0,13.65,40000.0,11.0,33.0,0.0
0,16000.0,11.39,B,700.0,704.0,20.03,138000.0,16.0,33.0,0.0
0,8000.0,12.74,C,665.0,669.0,23.23,43500.0,9.0,18.0,1.0
0,6000.0,8.24,B,725.0,729.0,9.41,32000.0,5.0,7.0,0.0
0,15000.0,13.99,C,665.0,669.0,25.27,80000.0,27.0,61.0,2.0
0,1500.0,16.99,D,670.0,674.0,19.25,45000.0,20.0,38.0,1.0
1,15000.0,15.99,C,690.0,694.0,25.11,53000.0,20.0,25.0,4.0
0,6000.0,7.24,A,685.0,689.0,15.06,80000.0,13.0,27.0,1.0
0,12000.0,7.49,A,720.0,724.0,21.48,82000.0,15.0,26.0,0.0
1,1000.0,19.99,D,680.0,684.0,17.23,25000.0,3.0,5.0,0.0
0,19000.0,16.99,D,660.0,664.0,26.84,50000.0,27.0,38.0,1.0
1,30000.0,10.42,B,695.0,699.0,21.65,24000.0,4.0,5.0,0.0
0,16000.0,6.99,A,760.0,764.0,8.99,65000.0,6.0,15.0,0.0
1,6025.0,10.91,B,725.0,729.0,31.97,47000.0,14.0,30.0,0.0
0,15000.0,8.24,B,660.0,664.0,15.45,124000.0,11.0,21.0,0.0
1,23000.0,16.99,D,665.0,669.0,17.67,83265.0,11.0,20.0,0.0
0,3000.0,10.91,B,670.0,674.0,13.23,46000.0,9.0,12.0,0.0
0,1600.0,11.44,B,695.0,699.0,32.85,75000.0,9.0,31.0,0.0
1,7000.0,13.99,C,665.0,669.0,21.94,32000.0,9.0,12.0,0.0
0,15125.0,15.05,C,685.0,689.0,26.36,80000.0,15.0,24.0,0.0
0,3825.0,11.49,B,660.0,664.0,17.66,31400.0,8.0,33.0,0.0
0,19000.0,13.49,C,675.0,679.0,16.44,54000.0,9.0,21.0,0.0
1,3000.0,9.93,B,660.0,664.0,26.41,70000.0,9.0,23.0,1.0
0,7200.0,21.49,D,665.0,669.0,27.24,40000.0,12.0,27.0,2.0
0,6800.0,19.99,D,705.0,709.0,33.37,20000.0,6.0,9.0,0.0
1,33700.0,7.99,A,735.0,739.0,16.6,130000.0,16.0,28.0,0.0
0,4900.0,14.99,C,675.0,679.0,7.71,70000.0,21.0,39.0,0.0
0,5000.0,10.91,B,710.0,714.0,13.59,23000.0,8.0,26.0,1.0
0,1200.0,19.03,D,660.0,664.0,13.14,42000.0,7.0,27.0,0.0
0,3000.0,11.39,B,660.0,664.0,11.86,44919.0,4.0,7.0,1.0
0,12800.0,7.24,A,695.0,699.0,33.16,60000.0,13.0,20.0,0.0
0,40000.0,14.99,C,690.0,694.0,29.97,90000.0,20.0,40.0,2.0
0,6000.0,11.39,B,685.0,689.0,1.63,175000.0,14.0,29.0,0.0
0,11000.0,9.93,B,720.0,724.0,15.49,67000.0,9.0,28.0,1.0
0,11000.0,7.97,A,700.0,704.0,19.2,62000.0,9.0,12.0,0.0
0,30000.0,11.44,B,695.0,699.0,21.74,78000.0,15.0,25.0,0.0
0,13000.0,14.99,C,660.0,664.0,12.62,83000.0,34.0,42.0,1.0
0,35000.0,12.74,C,695.0,699.0,16.75,140000.0,19.0,58.0,0.0
0,7200.0,13.99,C,670.0,674.0,15.6,50000.0,6.0,13.0,1.0
0,25000.0,11.44,B,710.0,714.0,21.6,85000.0,20.0,27.0,1.0
0,4000.0,8.24,B,670.0,674.0,19.81,53000.0,8.0,23.0,1.0
0,6000.0,12.74,C,665.0,669.0,7.55,228000.0,9.0,30.0,1.0
0,14575.0,17.99,D,680.0,684.0,33.07,45000.0,19.0,23.0,0.0
1,20225.0,21.45,D,710.0,714.0,30.48,55182.0,12.0,21.0,0.0
0,20800.0,15.99,C,700.0,704.0,19.05,110000.0,15.0,33.0,2.0
0,21600.0,19.03,D,680.0,684.0,32.35,45000.0,13.0,16.0,1.0
1,35000.0,19.03,D,685.0,689.0,17.62,120000.0,15.0,23.0,2.0
1,8500.0,7.97,A,680.0,684.0,6.64,300000.0,18.0,27.0,4.0
0,35000.0,15.99,C,705.0,709.0,16.7,70000.0,18.0,29.0,0.0
0,25000.0,7.24,A,725.0,729.0,19.85,78000.0,10.0,19.0,0.0
1,5000.0,17.09,D,685.0,689.0,23.92,30000.0,8.0,9.0,2.0
0,7200.0,26.3,E,665.0,669.0,26.88,43000.0,27.0,31.0,4.0
0,1200.0,5.32,A,770.0,774.0,7.02,40000.0,13.0,29.0,0.0
1,10000.0,9.93,B,680.0,684.0,12.12,30000.0,15.0,18.0,1.0
1,4200.0,11.99,B,705.0,709.0,9.04,49000.0,12.0,17.0,2.0
1,8400.0,17.99,D,715.0,719.0,19.06,50000.0,11.0,20.0,3.0
0,20000.0,9.44,B,700.0,704.0,7.4,100000.0,16.0,24.0,0.0
0,8875.0,13.49,C,660.0,664.0,12.79,85000.0,10.0,10.0,1.0
0,20000.0,13.49,C,705.0,709.0,30.82,60000.0,12.0,23.0,0.0
1,10000.0,12.74,C,680.0,684.0,32.51,85000.0,16.0,46.0,0.0
0,2000.0,7.49,A,690.0,694.0,12.93,48000.0,17.0,54.0,2.0
1,30000.0,23.88,E,700.0,704.0,25.9,100000.0,16.0,18.0,2.0
0,35000.0,14.99,C,660.0,664.0,10.35,150000.0,14.0,42.0,1.0
0,5000.0,13.59,C,710.0,714.0,21.5,24000.0,9.0,13.0,0.0
0,17000.0,10.91,B,680.0,684.0,15.63,80000.0,16.0,22.0,0.0
0,6350.0,13.49,C,715.0,719.0,10.79,34600.0,5.0,6.0,0.0
1,15000.0,9.44,B,700.0,704.0,5.98,50000.0,4.0,12.0,0.0
1,15000.0,16.99,D,660.0,664.0,25.49,62000.0,19.0,41.0,0.0
0,8000.0,17.99,D,685.0,689.0,15.05,35000.0,6.0,11.0,0.0
1,25000.0,14.08,C,665.0,669.0,18.81,64500.0,9.0,26.0,3.0
1,18450.0,23.88,E,700.0,704.0,29.62,56000.0,9.0,21.0,0.0
0,2000.0,7.49,A,755.0,759.0,20.12,52000.0,10.0,19.0,2.0
0,8050.0,11.49,B,700.0,704.0,12.45,39996.0,11.0,20.0,0.0
0,16000.0,11.49,B,680.0,684.0,24.76,70000.0,10.0,14.0,0.0
0,34175.0,7.97,A,690.0,694.0,19.34,200000.0,16.0,37.0,1.0
1,3000.0,14.08,C,670.0,674.0,22.14,23500.0,3.0,3.0,0.0
0,10000.0,11.49,B,670.0,674.0,10.66,84000.0,10.0,23.0,0.0
0,3000.0,15.05,C,675.0,679.0,28.55,52000.0,8.0,19.0,2.0
0,12000.0,7.21,A,750.0,754.0,21.07,63000.0,9.0,16.0,0.0
1,14000.0,15.05,C,685.0,689.0,34.58,100000.0,17.0,41.0,0.0
0,30000.0,7.24,A,815.0,819.0,27.24,210000.0,8.0,8.0,0.0
1,20000.0,17.99,D,695.0,699.0,16.59,80000.0,10.0,37.0,1.0
0,5200.0,5.32,A,770.0,774.0,12.23,72000.0,6.0,9.0,0.0
1,10000.0,15.99,C,665.0,669.0,27.16,33000.0,9.0,22.0,0.0
1,40000.0,30.89,G,705.0,709.0,23.29,180000.0,16.0,42.0,2.0
0,15000.0,7.49,A,705.0,709.0,19.57,90000.0,15.0,25.0,0.0
1,2650.0,17.99,D,700.0,704.0,33.64,30000.0,16.0,20.0,0.0
0,6000.0,10.91,B,720.0,724.0,21.53,100000.0,14.0,22.0,0.0
0,30000.0,7.07,A,750.0,754.0,11.84,90000.0,6.0,17.0,0.0
1,4800.0,14.99,C,680.0,684.0,14.79,62000.0,5.0,20.0,1.0
1,10000.0,10.42,B,675.0,679.0,24.15,70000.0,26.0,32.0,0.0
0,20000.0,5.32,A,755.0,759.0,4.29,115000.0,14.0,30.0,0.0
1,12000.0,21.49,D,680.0,684.0,30.53,48000.0,8.0,26.0,0.0
0,30000.0,8.24,B,740.0,744.0,23.78,134000.0,13.0,22.0,0.0
0,4000.0,7.07,A,720.0,724.0,8.96,30000.0,7.0,31.0,0.0
0,7000.0,5.32,A,780.0,784.0,17.08,55000.0,4.0,11.0,0.0
0,6500.0,11.44,B,675.0,679.0,12.16,30000.0,7.0,11.0,0.0
0,20000.0,7.49,A,775.0,779.0,16.39,54000.0,9.0,28.0,0.0
0,32000.0,7.99,A,695.0,699.0,22.16,156000.0,17.0,36.0,0.0
1,8500.0,19.03,D,695.0,699.0,31.08,40000.0,8.0,17.0,1.0
0,22000.0,14.99,C,670.0,674.0,21.0,81543.0,12.0,25.0,0.0
0,15500.0,7.07,A,805.0,809.0,13.81,120000.0,10.0,20.0,0.0
0,7700.0,14.99,C,660.0,664.0,5.3,36000.0,2.0,3.0,0.0
0,12000.0,17.99,D,680.0,684.0,32.79,41000.0,12.0,30.0,1.0
0,24000.0,8.24,B,695.0,699.0,24.75,320000.0,18.0,49.0,0.0
0,7000.0,10.91,B,705.0,709.0,8.35,22000.0,8.0,11.0,0.0
1,20000.0,8.24,B,680.0,684.0,12.54,100000.0,15.0,23.0,0.0
0,5000.0,10.49,B,670.0,674.0,7.95,40000.0,10.0,26.0,0.0
0,35000.0,11.49,B,670.0,674.0,6.2,350000.0,9.0,23.0,1.0
0,4400.0,11.49,B,670.0,674.0,18.45,43000.0,23.0,41.0,0.0
1,19200.0,10.91,B,685.0,689.0,10.36,140000.0,7.0,14.0,3.0
0,3000.0,12.74,C,675.0,679.0,12.45,85000.0,7.0,17.0,1.0
0,15000.0,11.49,B,685.0,689.0,12.97,140000.0,10.0,25.0,2.0
1,5000.0,13.59,C,685.0,689.0,17.07,41000.0,5.0,9.0,1.0
0,12000.0,11.39,B,685.0,689.0,9.09,70000.0,6.0,10.0,0.0
1,20000.0,14.99,C,665.0,669.0,20.21,74000.0,6.0,9.0,2.0
1,21400.0,15.99,C,715.0,719.0,21.44,50000.0,19.0,42.0,0.0
0,5400.0,12.74,C,700.0,704.0,15.16,46400.0,9.0,10.0,0.0
0,40000.0,7.49,A,720.0,724.0,12.67,115000.0,13.0,28.0,0.0
0,8000.0,7.24,A,705.0,709.0,17.6,48000.0,8.0,27.0,0.0
0,20000.0,9.44,B,725.0,729.0,10.79,125000.0,14.0,31.0,2.0
0,30000.0,14.99,C,690.0,694.0,33.65,70000.0,29.0,41.0,0.0
0,3000.0,11.39,B,665.0,669.0,14.42,75000.0,7.0,19.0,1.0
0,2000.0,11.44,B,685.0,689.0,18.33,37000.0,4.0,9.0,0.0
0,16000.0,7.49,A,725.0,729.0,17.05,99000.0,23.0,43.0,0.0
0,40000.0,5.32,A,720.0,724.0,12.22,270000.0,25.0,38.0,2.0
0,40000.0,11.49,B,705.0,709.0,12.78,170000.0,21.0,41.0,1.0
0,6000.0,9.44,B,755.0,759.0,32.46,93036.0,16.0,31.0,0.0
0,10000.0,10.91,B,665.0,669.0,11.37,50248.0,7.0,15.0,1.0
0,14400.0,13.49,C,680.0,684.0,17.5,38000.0,10.0,14.0,1.0
0,8000.0,12.62,C,685.0,689.0,18.01,96495.0,13.0,28.0,1.0
0,12000.0,12.74,C,670.0,674.0,13.31,42000.0,10.0,14.0,0.0
0,24000.0,5.32,A,755.0,759.0,9.88,305000.0,12.0,20.0,0.0
0,7200.0,12.74,C,705.0,709.0,19.05,33000.0,6.0,6.0,0.0
0,12000.0,7.24,A,735.0,739.0,14.66,38000.0,9.0,18.0,0.0
1,35000.0,30.75,F,660.0,664.0,3.16,147000.0,10.0,24.0,1.0
0,10000.0,10.49,B,680.0,684.0,13.95,175000.0,17.0,22.0,1.0
0,6600.0,8.24,B,660.0,664.0,4.97,70000.0,6.0,14.0,0.0
0,14000.0,7.24,A,690.0,694.0,18.6,60000.0,9.0,31.0,0.0
0,10000.0,7.21,A,705.0,709.0,21.39,50000.0,24.0,37.0,0.0
0,12000.0,12.74,C,690.0,694.0,9.18,75000.0,25.0,58.0,1.0
1,10000.0,12.74,C,710.0,714.0,12.77,56000.0,13.0,17.0,1.0
0,40000.0,5.32,A,700.0,704.0,7.69,210000.0,10.0,25.0,0.0
0,6000.0,10.49,B,680.0,684.0,21.39,45000.0,13.0,20.0,0.0
1,4200.0,13.49,C,665.0,669.0,27.11,90000.0,14.0,16.0,1.0
0,26000.0,7.49,A,715.0,719.0,18.79,80287.0,17.0,37.0,0.0
0,31200.0,11.49,B,710.0,714.0,7.62,630000.0,20.0,40.0,3.0
0,10000.0,16.99,D,700.0,704.0,16.29,45000.0,10.0,19.0,0.0
0,20000.0,10.49,B,695.0,699.0,16.7,60000.0,10.0,15.0,1.0
0,7200.0,11.44,B,685.0,689.0,25.25,48000.0,13.0,25.0,1.0
0,15000.0,12.62,C,670.0,674.0,30.02,55000.0,10.0,16.0,0.0
1,20000.0,14.08,C,660.0,664.0,32.53,38000.0,8.0,13.0,1.0
0,9600.0,18.99,D,720.0,724.0,8.92,35000.0,5.0,5.0,0.0
0,25000.0,7.21,A,710.0,714.0,10.51,140000.0,10.0,22.0,0.0
0,14000.0,7.35,A,750.0,754.0,29.83,85000.0,12.0,27.0,4.0
0,15000.0,12.74,C,705.0,709.0,16.97,36000.0,12.0,20.0,1.0
0,20000.0,7.35,A,685.0,689.0,15.32,78000.0,6.0,17.0,0.0
0,13000.0,10.91,B,695.0,699.0,26.14,85000.0,14.0,28.0,0.0
0,5000.0,9.93,B,660.0,664.0,6.15,24000.0,5.0,13.0,0.0
0,6000.0,7.24,A,745.0,749.0,14.05,75000.0,11.0,23.0,0.0
1,20000.0,10.42,B,715.0,719.0,28.67,65000.0,11.0,16.0,1.0
1,7200.0,11.49,B,750.0,754.0,22.23,61000.0,16.0,22.0,0.0
0,27350.0,30.84,G,675.0,679.0,3.42,72000.0,2.0,23.0,0.0
0,4000.0,5.32,A,745.0,749.0,6.58,33000.0,9.0,15.0,1.0
0,2500.0,7.35,A,720.0,724.0,18.3,95000.0,23.0,50.0,0.0
0,8700.0,8.24,B,670.0,674.0,10.23,60000.0,5.0,12.0,0.0
0,13800.0,23.99,E,690.0,694.0,13.12,120000.0,12.0,21.0,2.0
1,12000.0,13.59,C,690.0,694.0,14.85,40000.0,9.0,14.0,2.0
0,30000.0,7.99,A,765.0,769.0,18.03,111000.0,11.0,32.0,0.0
0,29700.0,12.74,C,675.0,679.0,21.78,66000.0,11.0,12.0,0.0
1,28000.0,17.09,D,705.0,709.0,36.01,100000.0,11.0,22.0,0.0
0,3500.0,11.39,B,665.0,669.0,19.78,58000.0,16.0,25.0,1.0
0,9800.0,5.32,A,755.0,759.0,21.18,68000.0,8.0,33.0,2.0
0,25000.0,7.49,A,715.0,719.0,18.93,175000.0,11.0,25.0,0.0
0,7500.0,8.24,B,750.0,754.0,28.55,41458.0,11.0,21.0,0.0
0,30000.0,7.49,A,695.0,699.0,8.63,94000.0,6.0,12.0,0.0
1,7000.0,15.99,C,660.0,664.0,26.98,51000.0,10.0,15.0,0.0
0,6000.0,12.74,C,685.0,689.0,24.9,60000.0,9.0,14.0,0.0
0,19200.0,12.74,C,690.0,694.0,18.37,52000.0,15.0,28.0,0.0
1,14975.0,20.0,D,680.0,684.0,18.89,90000.0,17.0,20.0,4.0
0,6000.0,5.32,A,755.0,759.0,25.24,64000.0,15.0,26.0,0.0
0,9000.0,11.49,B,680.0,684.0,26.16,54000.0,15.0,33.0,0.0
0,15000.0,11.44,B,670.0,674.0,13.1,75000.0,10.0,24.0,0.0
0,10000.0,5.32,A,810.0,814.0,8.6,85000.0,18.0,33.0,0.0
0,35000.0,5.32,A,700.0,704.0,7.86,160000.0,12.0,23.0,0.0
0,5000.0,7.24,A,700.0,704.0,31.33,36000.0,17.0,30.0,0.0
0,16100.0,12.74,C,675.0,679.0,16.27,240000.0,14.0,26.0,1.0
0,2200.0,13.49,C,700.0,704.0,27.4,30400.0,6.0,8.0,0.0
0,16000.0,7.99,A,680.0,684.0,21.33,140000.0,26.0,38.0,0.0
0,19500.0,11.39,B,675.0,679.0,31.42,55000.0,12.0,35.0,0.0
0,40000.0,22.91,E,720.0,724.0,25.26,150000.0,15.0,33.0,1.0
1,16000.0,16.02,C,705.0,709.0,22.03,48000.0,6.0,8.0,1.0
0,13200.0,5.32,A,760.0,764.0,17.56,70000.0,9.0,12.0,0.0
1,14050.0,13.59,C,660.0,664.0,23.76,90000.0,10.0,19.0,1.0
1,25000.0,21.45,D,665.0,669.0,29.35,80000.0,17.0,31.0,2.0
0,12000.0,12.74,C,690.0,694.0,19.53,51000.0,11.0,17.0,0.0
0,1800.0,17.99,D,670.0,674.0,16.21,89000.0,8.0,13.0,0.0
0,40000.0,13.99,C,705.0,709.0,24.01,206000.0,4.0,14.0,0.0
0,14000.0,11.44,B,700.0,704.0,13.57,56000.0,10.0,15.0,1.0
0,10000.0,12.74,C,675.0,679.0,16.25,28500.0,20.0,24.0,0.0
0,18000.0,9.93,B,660.0,664.0,3.51,90000.0,8.0,18.0,0.0
1,19200.0,13.59,C,665.0,669.0,11.01,120000.0,7.0,12.0,1.0
0,12000.0,15.99,C,755.0,759.0,1.93,48000.0,4.0,7.0,1.0
0,6000.0,12.74,C,680.0,684.0,19.7,58000.0,17.0,23.0,0.0
0,8000.0,6.99,A,705.0,709.0,13.37,70000.0,9.0,28.0,1.0
0,5200.0,11.99,B,670.0,674.0,6.36,60000.0,3.0,7.0,0.0
0,5000.0,11.39,B,685.0,689.0,22.87,35000.0,9.0,16.0,0.0
1,6400.0,7.97,A,680.0,684.0,8.62,60000.0,12.0,13.0,0.0
1,9000.0,12.62,C,695.0,699.0,34.5,28000.0,11.0,16.0,2.0
0,16800.0,14.99,C,670.0,674.0,20.16,40000.0,9.0,16.0,1.0
1,32000.0,13.59,C,665.0,669.0,35.84,135000.0,21.0,29.0,0.0
0,25000.0,5.32,A,760.0,764.0,15.13,152000.0,12.0,25.0,2.0
0,6025.0,14.08,C,690.0,694.0,3.88,35000.0,3.0,3.0,0.0
1,10000.0,10.42,B,660.0,664.0,9.67,30000.0,9.0,9.0,1.0
0,5000.0,10.49,B,660.0,664.0,16.78,80000.0,10.0,22.0,0.0
0,9000.0,9.44,B,685.0,689.0,7.41,103000.0,4.0,14.0,1.0
0,2500.0,11.39,B,725.0,729.0,18.7,75000.0,4.0,14.0,0.0
0,12000.0,8.24,B,710.0,714.0,28.35,37000.0,5.0,6.0,0.0
0,14850.0,18.99,D,675.0,679.0,17.86,34200.0,24.0,33.0,0.0
0,17925.0,11.49,B,690.0,694.0,5.76,320000.0,8.0,12.0,0.0
0,13325.0,21.45,D,665.0,669.0,13.69,56000.0,9.0,18.0,0.0
0,8000.0,8.24,B,700.0,704.0,11.97,109000.0,24.0,57.0,2.0
1,27000.0,7.07,A,765.0,769.0,27.82,65000.0,11.0,27.0,0.0
1,15000.0,8.24,B,660.0,664.0,7.98,100000.0,11.0,35.0,1.0
0,16000.0,7.97,A,760.0,764.0,14.61,45000.0,12.0,16.0,1.0
0,25000.0,7.07,A,735.0,739.0,16.66,128000.0,14.0,17.0,0.0
0,10000.0,18.06,D,675.0,679.0,53.25,9600.0,4.0,6.0,0.0
0,17000.0,11.49,B,695.0,699.0,16.67,55000.0,8.0,12.0,1.0
1,15000.0,13.59,C,690.0,694.0,24.03,110000.0,17.0,26.0,3.0
0,6000.0,11.39,B,695.0,699.0,18.65,130000.0,13.0,26.0,2.0
0,13700.0,16.99,D,665.0,669.0,21.17,50000.0,6.0,8.0,0.0
0,5000.0,7.97,A,770.0,774.0,10.98,111996.0,9.0,23.0,0.0
0,4000.0,14.08,C,685.0,689.0,10.59,56000.0,9.0,17.0,0.0
0,28000.0,7.49,A,680.0,684.0,14.66,65000.0,13.0,26.0,2.0
0,10000.0,7.49,A,695.0,699.0,14.32,70000.0,13.0,29.0,0.0
0,8000.0,21.45,D,680.0,684.0,8.22,33000.0,10.0,39.0,0.0
1,15000.0,10.42,B,725.0,729.0,18.8,60000.0,31.0,45.0,0.0
1,15000.0,14.99,C,660.0,664.0,25.08,48000.0,6.0,10.0,3.0
0,24000.0,11.49,B,690.0,694.0,28.86,130000.0,23.0,50.0,0.0
0,7500.0,12.74,C,670.0,674.0,29.03,40000.0,15.0,39.0,0.0
1,15000.0,13.59,C,700.0,704.0,16.92,83000.0,13.0,19.0,0.0
0,3000.0,16.02,C,680.0,684.0,12.19,77000.0,9.0,17.0,0.0
0,5000.0,5.32,A,770.0,774.0,3.8,47000.0,12.0,24.0,0.0
0,7200.0,5.32,A,740.0,744.0,19.02,60000.0,26.0,47.0,0.0
0,3025.0,15.05,C,670.0,674.0,6.78,21424.0,3.0,9.0,2.0
0,15000.0,16.02,C,755.0,759.0,11.21,65000.0,10.0,16.0,0.0
0,20000.0,7.99,A,705.0,709.0,9.58,54000.0,7.0,9.0,0.0
0,35000.0,11.44,B,720.0,724.0,15.54,140000.0,9.0,16.0,0.0
0,15000.0,10.49,B,790.0,794.0,12.67,70000.0,20.0,40.0,2.0
0,7000.0,11.39,B,695.0,699.0,28.93,65000.0,11.0,27.0,0.0
0,5000.0,11.49,B,660.0,664.0,20.24,60000.0,7.0,12.0,0.0
0,35000.0,13.49,C,680.0,684.0,28.11,190000.0,11.0,17.0,0.0
0,12000.0,10.49,B,710.0,714.0,25.09,65000.0,11.0,28.0,0.0
0,30000.0,14.99,C,660.0,664.0,30.09,114000.0,29.0,35.0,0.0
0,21000.0,11.49,B,660.0,664.0,9.94,120000.0,9.0,19.0,3.0
0,6000.0,7.21,A,715.0,719.0,13.28,110000.0,8.0,33.0,0.0
0,14000.0,13.99,C,695.0,699.0,12.52,55000.0,4.0,9.0,0.0
1,9600.0,15.05,C,660.0,664.0,28.42,75000.0,22.0,32.0,3.0
0,6400.0,20.0,D,660.0,664.0,5.85,55000.0,8.0,12.0,2.0
0,15000.0,16.02,C,700.0,704.0,5.75,120000.0,8.0,10.0,3.0
0,8000.0,7.24,A,685.0,689.0,24.35,105000.0,21.0,46.0,2.0
0,10000.0,15.99,C,670.0,674.0,12.89,173000.0,7.0,18.0,1.0
1,25000.0,13.49,C,795.0,799.0,4.44,124800.0,8.0,30.0,1.0
0,1600.0,11.44,B,735.0,739.0,26.56,130000.0,17.0,47.0,1.0
1,16000.0,9.93,B,725.0,729.0,45.84,52000.0,27.0,51.0,1.0
0,16000.0,9.93,B,715.0,719.0,17.42,150000.0,39.0,58.0,1.0
1,8000.0,11.39,B,665.0,669.0,13.76,110000.0,7.0,28.0,1.0
0,6000.0,6.99,A,690.0,694.0,24.71,92000.0,18.0,23.0,1.0
1,5000.0,9.93,B,715.0,719.0,4.4,45000.0,15.0,24.0,0.0
0,5000.0,11.39,B,755.0,759.0,9.72,50000.0,4.0,7.0,0.0
0,30000.0,8.24,B,665.0,669.0,12.84,165000.0,15.0,34.0,0.0
1,5000.0,16.02,C,680.0,684.0,25.57,45000.0,8.0,12.0,2.0
0,20000.0,11.49,B,675.0,679.0,11.38,65500.0,10.0,18.0,0.0
0,27200.0,10.91,B,675.0,679.0,34.89,85000.0,20.0,44.0,0.0
1,15000.0,7.99,A,685.0,689.0,21.06,98000.0,13.0,16.0,0.0
0,30000.0,5.32,A,715.0,719.0,11.93,175000.0,19.0,45.0,0.0
1,9000.0,15.05,C,695.0,699.0,34.16,30500.0,16.0,38.0,0.0
0,10000.0,8.24,B,660.0,664.0,18.0,60000.0,9.0,13.0,0.0
0,3000.0,7.49,A,680.0,684.0,14.98,55000.0,13.0,23.0,1.0
0,10000.0,13.59,C,695.0,699.0,23.75,67000.0,17.0,35.0,1.0
0,9600.0,5.32,A,725.0,729.0,15.38,120000.0,8.0,21.0,0.0
0,1000.0,12.74,C,680.0,684.0,18.41,68000.0,10.0,23.0,1.0
0,1000.0,10.49,B,685.0,689.0,26.12,60000.0,8.0,25.0,0.0
1,15000.0,10.91,B,670.0,674.0,11.11,74318.39,8.0,26.0,0.0
1,8000.0,14.08,C,660.0,664.0,23.33,50000.0,5.0,12.0,0.0
1,12000.0,9.93,B,710.0,714.0,17.84,91400.0,10.0,18.0,0.0
0,15000.0,7.97,A,725.0,729.0,18.18,100000.0,7.0,12.0,0.0
0,4000.0,11.44,B,795.0,799.0,2.0,33000.0,3.0,3.0,0.0
0,35000.0,11.99,B,670.0,674.0,11.48,60000.0,11.0,18.0,0.0
0,7200.0,11.39,B,720.0,724.0,11.84,38000.0,9.0,11.0,0.0
0,6000.0,7.99,A,700.0,704.0,30.24,36712.0,9.0,19.0,0.0
0,8000.0,5.32,A,780.0,784.0,5.78,92000.0,8.0,23.0,1.0
0,36000.0,13.59,C,685.0,689.0,17.09,650000.0,18.0,41.0,1.0
0,6000.0,15.99,C,670.0,674.0,23.64,30000.0,8.0,16.0,0.0
0,20700.0,10.91,B,745.0,749.0,0.66,200000.0,8.0,12.0,1.0
0,8000.0,10.91,B,700.0,704.0,16.9,50000.0,8.0,15.0,1.0
0,10000.0,12.62,C,695.0,699.0,13.58,35000.0,7.0,11.0,1.0
0,35000.0,26.3,E,680.0,684.0,91.91,18240.0,9.0,24.0,0.0
1,9000.0,11.39,B,705.0,709.0,32.43,47476.0,10.0,14.0,0.0
0,12000.0,10.42,B,670.0,674.0,7.61,150000.0,11.0,18.0,0.0
0,3000.0,7.35,A,745.0,749.0,12.28,61000.0,11.0,14.0,0.0
0,5000.0,22.91,E,695.0,699.0,18.95,19000.0,6.0,22.0,0.0
0,6000.0,5.32,A,700.0,704.0,15.78,35000.0,11.0,30.0,0.0
0,6000.0,7.24,A,750.0,754.0,9.18,60000.0,8.0,23.0,0.0
0,12000.0,16.02,C,665.0,669.0,18.97,84000.0,15.0,27.0,1.0
0,12000.0,11.49,B,670.0,674.0,13.09,110000.0,9.0,15.0,0.0
1,8725.0,16.02,C,670.0,674.0,20.35,78000.0,8.0,10.0,0.0
0,6000.0,9.44,B,770.0,774.0,1.15,28106.0,7.0,19.0,1.0
0,4200.0,11.49,B,665.0,669.0,24.75,17700.0,6.0,12.0,0.0
0,5000.0,12.74,C,660.0,664.0,13.07,55000.0,6.0,13.0,1.0
0,13000.0,7.99,A,690.0,694.0,13.01,89856.0,6.0,8.0,0.0
1,21000.0,16.02,C,740.0,744.0,34.66,70000.0,11.0,14.0,1.0
0,20000.0,12.74,C,680.0,684.0,18.14,70000.0,16.0,36.0,0.0
0,10000.0,5.32,A,720.0,724.0,26.84,55000.0,17.0,36.0,1.0
0,32625.0,16.99,D,660.0,664.0,24.41,114400.0,13.0,14.0,0.0
1,8925.0,26.24,E,675.0,679.0,6.5,31000.0,9.0,11.0,0.0
0,9050.0,11.49,B,660.0,664.0,15.5,100000.0,12.0,23.0,1.0
0,10000.0,5.32,A,775.0,779.0,8.09,62850.0,12.0,41.0,0.0
1,10000.0,7.35,A,700.0,704.0,24.0,45000.0,7.0,20.0,0.0
0,10000.0,13.49,C,680.0,684.0,6.65,160000.0,12.0,27.0,0.0
0,5600.0,5.32,A,720.0,724.0,12.91,41000.0,8.0,14.0,1.0
0,15000.0,8.24,B,670.0,674.0,17.74,73100.0,16.0,29.0,0.0
0,13975.0,12.74,C,675.0,679.0,12.83,107000.0,9.0,10.0,1.0
0,22500.0,30.89,G,665.0,669.0,11.11,94000.0,12.0,19.0,2.0
1,20000.0,9.44,B,755.0,759.0,18.64,75000.0,18.0,22.0,1.0
1,25000.0,14.08,C,695.0,699.0,24.88,130000.0,8.0,16.0,2.0
0,15000.0,12.74,C,665.0,669.0,9.28,123000.0,8.0,10.0,0.0
1,16000.0,17.09,D,670.0,674.0,16.6,80000.0,10.0,12.0,0.0
1,17500.0,13.99,C,700.0,704.0,27.18,80500.0,13.0,23.0,1.0
0,6000.0,10.42,B,705.0,709.0,14.44,70000.0,6.0,18.0,0.0
0,5000.0,19.03,D,670.0,674.0,26.58,28000.0,9.0,12.0,1.0
0,30000.0,7.07,A,750.0,754.0,15.76,148000.0,12.0,28.0,0.0
0,5000.0,5.32,A,740.0,744.0,21.1,90000.0,12.0,23.0,0.0
0,18000.0,7.99,A,710.0,714.0,29.43,90000.0,18.0,36.0,0.0
1,15000.0,30.17,F,670.0,674.0,20.17,42000.0,9.0,20.0,1.0
1,5000.0,7.97,A,665.0,669.0,26.19,87000.0,20.0,46.0,0.0
0,2000.0,10.42,B,665.0,669.0,18.64,15000.0,5.0,16.0,1.0
0,8400.0,14.08,C,720.0,724.0,24.42,46000.0,10.0,19.0,0.0
0,17400.0,7.24,A,740.0,744.0,15.14,52000.0,9.0,34.0,0.0
0,11200.0,10.91,B,740.0,744.0,26.91,85000.0,17.0,34.0,0.0
0,14400.0,10.49,B,660.0,664.0,10.05,48000.0,8.0,21.0,0.0
1,30000.0,14.99,C,665.0,669.0,4.01,120000.0,7.0,9.0,0.0
1,27325.0,18.99,D,730.0,734.0,23.75,82000.0,12.0,16.0,0.0
0,10000.0,13.99,C,720.0,724.0,20.0,93000.0,12.0,13.0,0.0
0,6000.0,8.24,B,670.0,674.0,4.34,65000.0,4.0,13.0,0.0
0,6000.0,11.49,B,670.0,674.0,32.93,23000.0,22.0,35.0,1.0
0,7000.0,30.79,G,690.0,694.0,18.64,120000.0,14.0,58.0,4.0
0,35000.0,5.32,A,780.0,784.0,10.24,155000.0,13.0,32.0,2.0
0,15000.0,16.99,D,660.0,664.0,19.65,40000.0,15.0,28.0,1.0
0,29500.0,14.08,C,680.0,684.0,19.12,59000.0,13.0,23.0,0.0
1,9925.0,7.97,A,705.0,709.0,8.95,57000.0,6.0,6.0,0.0
0,5600.0,12.74,C,735.0,739.0,8.9,105000.0,10.0,15.0,1.0
1,13000.0,21.45,D,705.0,709.0,30.1,62000.0,7.0,35.0,0.0
0,8275.0,11.39,B,660.0,664.0,14.19,62000.0,6.0,15.0,1.0
0,8000.0,7.49,A,710.0,714.0,22.97,56000.0,15.0,25.0,0.0
0,28500.0,11.39,B,700.0,704.0,23.7,225000.0,21.0,51.0,1.0
0,8000.0,7.21,A,700.0,704.0,5.95,112000.0,4.0,25.0,0.0
1,10000.0,16.99,D,675.0,679.0,13.7,70000.0,4.0,12.0,5.0
1,35000.0,19.99,D,680.0,684.0,21.35,62500.0,21.0,37.0,0.0
1,12000.0,11.99,B,680.0,684.0,11.24,64500.0,6.0,9.0,0.0
0,14000.0,8.24,B,740.0,744.0,17.77,300000.0,21.0,44.0,1.0
0,40000.0,6.99,A,700.0,704.0,14.0,220000.0,14.0,26.0,1.0
0,10000.0,10.42,B,670.0,674.0,15.13,65000.0,10.0,11.0,0.0
0,7200.0,12.74,C,690.0,694.0,30.15,33000.0,9.0,13.0,0.0
0,24000.0,9.44,B,715.0,719.0,19.84,51000.0,16.0,33.0,0.0
0,5600.0,5.32,A,680.0,684.0,8.33,49989.0,15.0,28.0,0.0
0,15000.0,22.74,E,665.0,669.0,31.59,115000.0,11.0,32.0,3.0
0,3500.0,11.44,B,725.0,729.0,12.42,238000.0,8.0,25.0,0.0
0,11200.0,5.32,A,730.0,734.0,17.69,50000.0,11.0,19.0,0.0
1,3500.0,8.24,B,685.0,689.0,12.15,40300.0,4.0,7.0,0.0
0,5500.0,5.32,A,790.0,794.0,14.4,55000.0,10.0,23.0,0.0
1,1600.0,11.44,B,680.0,684.0,7.35,90000.0,18.0,25.0,1.0
0,35000.0,14.08,C,700.0,704.0,45.03,62000.0,15.0,50.0,0.0
0,8000.0,8.24,B,695.0,699.0,15.25,155000.0,15.0,27.0,2.0
0,10000.0,30.99,G,665.0,669.0,21.69,120000.0,11.0,20.0,3.0
0,4000.0,7.24,A,715.0,719.0,9.77,30000.0,13.0,30.0,0.0
0,13000.0,10.49,B,725.0,729.0,16.4,185000.0,15.0,29.0,0.0
0,10000.0,10.49,B,685.0,689.0,15.85,85000.0,12.0,23.0,0.0
0,4000.0,23.99,E,705.0,709.0,19.68,23000.0,9.0,11.0,4.0
0,30000.0,8.24,B,675.0,679.0,8.35,145000.0,8.0,22.0,0.0
1,7000.0,15.05,C,665.0,669.0,16.44,30000.0,6.0,9.0,1.0
0,18000.0,6.99,A,835.0,839.0,25.84,73500.0,15.0,34.0,0.0
0,2500.0,11.49,B,725.0,729.0,12.24,20000.0,3.0,3.0,0.0
0,10000.0,16.02,C,695.0,699.0,10.61,100000.0,12.0,26.0,1.0
0,4300.0,11.44,B,670.0,674.0,15.58,46000.0,11.0,16.0,1.0
0,30000.0,11.39,B,725.0,729.0,13.14,113000.0,11.0,26.0,0.0
1,28000.0,11.99,B,670.0,674.0,19.1,85000.0,6.0,18.0,0.0
1,9825.0,23.88,E,690.0,694.0,22.7,78880.0,14.0,71.0,2.0
1,10000.0,8.24,B,700.0,704.0,15.43,42000.0,9.0,13.0,0.0
0,7200.0,9.93,B,710.0,714.0,30.6,43264.0,14.0,19.0,0.0
0,20700.0,23.99,E,680.0,684.0,22.35,45000.0,10.0,18.0,2.0
0,15000.0,13.49,C,660.0,664.0,13.41,45000.0,9.0,20.0,3.0
0,3500.0,13.49,C,670.0,674.0,29.05,33000.0,10.0,20.0,0.0
1,1000.0,18.06,D,705.0,709.0,14.79,23040.0,4.0,5.0,0.0
0,7200.0,9.44,B,675.0,679.0,16.69,53000.0,7.0,13.0,0.0
0,18000.0,16.99,D,675.0,679.0,13.08,70000.0,14.0,19.0,0.0
0,14150.0,10.91,B,705.0,709.0,7.54,89000.0,5.0,9.0,0.0
1,7200.0,13.59,C,685.0,689.0,24.9,60000.0,9.0,39.0,1.0
1,3600.0,13.99,C,680.0,684.0,21.46,120000.0,6.0,15.0,0.0
0,25000.0,9.93,B,705.0,709.0,15.79,58000.0,6.0,8.0,0.0
0,16000.0,18.99,D,665.0,669.0,19.35,105000.0,11.0,13.0,2.0
0,3025.0,11.49,B,695.0,699.0,22.99,32000.0,12.0,25.0,0.0
0,5000.0,5.32,A,760.0,764.0,4.69,49000.0,10.0,14.0,0.0
0,40000.0,15.05,C,700.0,704.0,27.53,120000.0,25.0,44.0,0.0
1,15000.0,17.09,D,700.0,704.0,34.34,60000.0,14.0,42.0,2.0
0,13000.0,15.05,C,670.0,674.0,7.66,50000.0,4.0,5.0,1.0
0,14400.0,14.99,C,660.0,664.0,62.38,19200.0,12.0,13.0,2.0
0,1000.0,10.49,B,660.0,664.0,7.87,175000.0,9.0,28.0,0.0
0,28000.0,11.49,B,680.0,684.0,5.49,189000.0,5.0,8.0,0.0
0,35000.0,11.39,B,670.0,674.0,21.13,150000.0,19.0,24.0,0.0
1,12000.0,23.88,E,670.0,674.0,7.92,40000.0,4.0,23.0,0.0
0,6000.0,18.99,D,700.0,704.0,29.58,12700.0,8.0,9.0,0.0
0,19800.0,13.59,C,665.0,669.0,16.59,45000.0,14.0,25.0,0.0
0,34000.0,7.35,A,695.0,699.0,20.48,120000.0,10.0,22.0,0.0
0,10000.0,16.99,D,660.0,664.0,7.83,57000.0,11.0,16.0,1.0
0,6000.0,13.49,C,680.0,684.0,22.11,28500.0,5.0,9.0,0.0
0,12000.0,7.49,A,755.0,759.0,29.27,72000.0,5.0,11.0,0.0
1,6000.0,10.91,B,685.0,689.0,3.93,55000.0,9.0,19.0,0.0
0,8000.0,9.44,B,730.0,734.0,6.56,54000.0,15.0,24.0,1.0
1,20700.0,19.99,D,660.0,664.0,33.18,82700.0,23.0,49.0,0.0
0,10000.0,11.44,B,735.0,739.0,12.35,35000.0,6.0,8.0,0.0
0,12000.0,11.49,B,685.0,689.0,15.47,55000.0,15.0,37.0,0.0
0,7000.0,11.49,B,680.0,684.0,16.64,65004.0,9.0,20.0,0.0
0,4625.0,7.99,A,715.0,719.0,10.39,50000.0,6.0,20.0,0.0
1,14000.0,17.09,D,685.0,689.0,32.23,70000.0,14.0,25.0,0.0
1,1000.0,15.05,C,680.0,684.0,22.84,30000.0,17.0,26.0,0.0
0,18000.0,13.49,C,660.0,664.0,14.73,65000.0,11.0,23.0,0.0
1,20000.0,14.08,C,675.0,679.0,18.64,60000.0,9.0,26.0,0.0
1,24000.0,14.99,C,690.0,694.0,18.14,265000.0,17.0,33.0,1.0
1,11000.0,13.99,C,665.0,669.0,9.95,45000.0,7.0,15.0,1.0
0,13000.0,10.49,B,705.0,709.0,6.26,65000.0,7.0,8.0,1.0
0,11000.0,14.99,C,660.0,664.0,10.56,40000.0,11.0,12.0,0.0
0,11500.0,18.06,D,705.0,709.0,29.25,45000.0,9.0,14.0,1.0
0,35000.0,10.42,B,720.0,724.0,9.47,80000.0,12.0,17.0,0.0
0,3000.0,12.74,C,680.0,684.0,11.26,69500.0,11.0,18.0,0.0
1,10000.0,13.99,C,680.0,684.0,22.05,35000.0,10.0,12.0,1.0
0,4900.0,5.32,A,745.0,749.0,15.9,46500.0,9.0,16.0,0.0
1,8000.0,16.02,C,660.0,664.0,30.66,62000.0,11.0,33.0,0.0
0,11200.0,14.99,C,680.0,684.0,18.24,53740.0,6.0,13.0,0.0
0,4800.0,7.97,A,745.0,749.0,8.31,50000.0,21.0,51.0,1.0
1,20000.0,12.62,C,665.0,669.0,20.14,70000.0,7.0,25.0,1.0
1,5000.0,16.02,C,680.0,684.0,21.93,44000.0,8.0,39.0,1.0
1,10000.0,11.99,B,680.0,684.0,1.97,900000.0,24.0,41.0,1.0
0,5500.0,12.74,C,660.0,664.0,13.73,25000.0,14.0,19.0,0.0
0,1500.0,9.93,B,665.0,669.0,10.82,62000.0,11.0,23.0,0.0
0,25000.0,14.99,C,695.0,699.0,8.4,57440.0,9.0,17.0,0.0
0,30000.0,7.24,A,700.0,704.0,3.72,470000.0,11.0,33.0,0.0
1,7000.0,13.99,C,695.0,699.0,16.1,96000.0,14.0,36.0,1.0
1,35000.0,21.45,D,690.0,694.0,6.85,95000.0,9.0,11.0,0.0
1,15000.0,10.42,B,660.0,664.0,21.26,80000.0,7.0,20.0,1.0
0,4000.0,12.62,C,695.0,699.0,34.88,85582.0,12.0,29.0,0.0
0,8500.0,12.74,C,685.0,689.0,17.28,40000.0,8.0,13.0,0.0
0,5400.0,23.88,E,710.0,714.0,2.48,50000.0,13.0,18.0,2.0
1,2200.0,18.06,D,680.0,684.0,21.15,44154.0,17.0,33.0,0.0
0,6000.0,6.99,A,710.0,714.0,1.56,90000.0,6.0,16.0,0.0
1,16000.0,12.62,C,695.0,699.0,18.0,32000.0,12.0,23.0,1.0
1,20000.0,10.42,B,730.0,734.0,26.34,113520.0,16.0,34.0,3.0
0,14000.0,13.99,C,715.0,719.0,19.78,93000.0,12.0,43.0,3.0
0,3925.0,10.91,B,660.0,664.0,12.35,35000.0,8.0,18.0,1.0
1,4000.0,12.74,C,680.0,684.0,14.67,106899.0,22.0,48.0,0.0
0,14000.0,8.24,B,680.0,684.0,17.5,56900.0,18.0,26.0,0.0
0,6000.0,8.24,B,660.0,664.0,9.46,70000.0,4.0,4.0,0.0
0,6000.0,13.49,C,680.0,684.0,11.49,85000.0,14.0,26.0,0.0
0,7000.0,13.49,C,685.0,689.0,24.45,89000.0,16.0,24.0,0.0
0,8000.0,12.74,C,730.0,734.0,27.96,144000.0,9.0,19.0,0.0
0,21200.0,25.49,E,680.0,684.0,25.67,70000.0,13.0,41.0,3.0
0,11500.0,11.44,B,670.0,674.0,19.1,106000.0,19.0,42.0,0.0
0,3500.0,13.49,C,675.0,679.0,30.48,30000.0,7.0,17.0,0.0
1,9975.0,13.49,C,660.0,664.0,18.77,44000.0,14.0,25.0,1.0
0,18000.0,5.32,A,725.0,729.0,16.41,82000.0,10.0,19.0,0.0
0,8400.0,7.49,A,710.0,714.0,11.05,134000.0,20.0,27.0,1.0
1,15000.0,11.99,B,705.0,709.0,14.66,65000.0,11.0,17.0,0.0
0,10000.0,12.74,C,725.0,729.0,14.32,150000.0,8.0,8.0,0.0
0,12500.0,7.21,A,730.0,734.0,23.49,45000.0,10.0,29.0,0.0
1,25000.0,17.99,D,670.0,674.0,25.66,65000.0,14.0,29.0,2.0
1,30000.0,21.45,D,675.0,679.0,9.01,142500.0,24.0,32.0,0.0
0,4000.0,11.39,B,660.0,664.0,5.2,42910.0,3.0,6.0,0.0
0,10000.0,13.99,C,705.0,709.0,20.22,58000.0,11.0,18.0,0.0
1,25000.0,10.91,B,670.0,674.0,5.29,80000.0,10.0,16.0,1.0
0,36000.0,6.99,A,725.0,729.0,11.37,140000.0,18.0,26.0,0.0
0,6000.0,11.49,B,675.0,679.0,32.53,45000.0,13.0,23.0,0.0
1,1000.0,13.49,C,680.0,684.0,9.9,56000.0,7.0,10.0,2.0
0,6400.0,17.99,D,720.0,724.0,21.32,50000.0,19.0,28.0,0.0
0,15000.0,7.99,A,715.0,719.0,6.7,110000.0,5.0,14.0,0.0
1,8000.0,11.49,B,710.0,714.0,10.56,72500.0,6.0,8.0,0.0
0,6000.0,21.45,D,675.0,679.0,22.67,74000.0,29.0,50.0,2.0
0,8000.0,7.97,A,690.0,694.0,11.9,75000.0,10.0,22.0,2.0
0,1500.0,25.49,E,720.0,724.0,30.28,35000.0,19.0,43.0,2.0
0,16000.0,12.74,C,660.0,664.0,11.53,82000.0,9.0,10.0,0.0
0,7000.0,10.42,B,670.0,674.0,20.61,37163.0,6.0,20.0,0.0
0,11000.0,6.0,C,690.0,694.0,30.9,35000.0,10.0,24.0,0.0
1,9600.0,12.62,C,665.0,669.0,25.54,155000.0,13.0,17.0,1.0
0,3000.0,9.93,B,695.0,699.0,10.06,60000.0,8.0,13.0,0.0
0,8400.0,11.44,B,710.0,714.0,3.2,30000.0,12.0,22.0,2.0
0,8000.0,12.62,C,660.0,664.0,29.12,45000.0,15.0,32.0,1.0
0,30000.0,7.35,A,750.0,754.0,5.92,75000.0,17.0,31.0,0.0
0,15000.0,7.49,A,730.0,734.0,15.8,90000.0,8.0,9.0,0.0
0,5000.0,10.42,B,685.0,689.0,22.28,32000.0,11.0,27.0,1.0
1,7000.0,16.02,C,685.0,689.0,22.31,41000.0,11.0,21.0,1.0
1,2000.0,18.06,D,665.0,669.0,11.67,80000.0,9.0,16.0,0.0
0,3500.0,7.35,A,735.0,739.0,24.69,65000.0,18.0,35.0,0.0
0,12000.0,13.99,C,755.0,759.0,27.12,60000.0,11.0,19.0,0.0
0,20000.0,10.49,B,730.0,734.0,17.31,47000.0,6.0,8.0,0.0
0,6025.0,11.99,B,685.0,689.0,15.67,49000.0,10.0,13.0,2.0
1,3000.0,12.62,C,710.0,714.0,13.12,150000.0,16.0,23.0,0.0
0,40000.0,6.99,A,735.0,739.0,9.71,200000.0,14.0,24.0,0.0
1,10000.0,5.32,A,725.0,729.0,17.88,79000.0,14.0,26.0,0.0
0,7000.0,30.89,G,670.0,674.0,25.59,124000.0,26.0,67.0,2.0
0,4500.0,10.91,B,730.0,734.0,15.35,110000.0,12.0,18.0,1.0
0,7625.0,11.49,B,720.0,724.0,18.71,23856.0,5.0,7.0,1.0
0,16000.0,11.49,B,730.0,734.0,3.0,110000.0,9.0,21.0,0.0
0,5000.0,11.49,B,690.0,694.0,6.69,72000.0,12.0,19.0,0.0
0,6000.0,25.49,E,660.0,664.0,16.05,38000.0,21.0,32.0,1.0
0,12000.0,16.99,D,820.0,824.0,10.6,30000.0,9.0,31.0,0.0
1,24425.0,18.99,D,660.0,664.0,16.33,69000.0,7.0,20.0,2.0
0,18000.0,11.49,B,710.0,714.0,32.39,69000.0,32.0,46.0,3.0
0,11000.0,11.49,B,665.0,669.0,13.54,60000.0,6.0,9.0,1.0
0,2500.0,13.49,C,680.0,684.0,27.93,100000.0,16.0,34.0,0.0
0,24000.0,7.21,A,715.0,719.0,14.17,190000.0,24.0,43.0,0.0
1,10000.0,15.99,C,670.0,674.0,24.34,52000.0,15.0,15.0,0.0
1,13000.0,23.88,E,680.0,684.0,30.08,39500.0,9.0,15.0,0.0
0,9600.0,6.99,A,725.0,729.0,8.87,165000.0,8.0,29.0,1.0
0,8000.0,11.49,B,710.0,714.0,23.72,39520.0,9.0,17.0,0.0
1,15900.0,12.62,C,680.0,684.0,17.65,165500.0,10.0,12.0,0.0
0,35000.0,24.85,E,700.0,704.0,31.31,105000.0,12.0,25.0,0.0
0,3025.0,14.99,C,665.0,669.0,30.15,33280.0,18.0,28.0,2.0
0,21000.0,10.49,B,750.0,754.0,12.21,115000.0,7.0,10.0,0.0
0,37950.0,18.99,D,680.0,684.0,26.17,106000.0,25.0,34.0,0.0
0,20000.0,14.08,C,680.0,684.0,19.97,72000.0,8.0,25.0,0.0
0,8000.0,16.99,D,665.0,669.0,21.44,74000.0,16.0,30.0,2.0
1,17500.0,23.88,E,710.0,714.0,39.16,35000.0,19.0,22.0,0.0
0,10000.0,12.62,C,665.0,669.0,24.22,50000.0,12.0,18.0,0.0
0,35000.0,7.21,A,745.0,749.0,9.73,150000.0,9.0,25.0,0.0
0,2000.0,13.49,C,680.0,684.0,22.15,66200.0,13.0,32.0,2.0
0,19200.0,8.24,B,735.0,739.0,19.0,96000.0,6.0,25.0,0.0
0,6025.0,9.44,B,685.0,689.0,9.8,77000.0,6.0,18.0,1.0
0,7000.0,19.99,D,705.0,709.0,20.11,45000.0,10.0,14.0,1.0
0,4000.0,9.44,B,755.0,759.0,22.89,55000.0,7.0,12.0,0.0
0,35000.0,18.06,D,680.0,684.0,8.52,119000.0,2.0,15.0,1.0
1,1300.0,15.05,C,675.0,679.0,16.8,31000.0,13.0,18.0,0.0
0,6000.0,11.49,B,665.0,669.0,19.49,67000.0,16.0,24.0,0.0
0,30000.0,8.24,B,705.0,709.0,21.96,95945.0,18.0,40.0,0.0
1,16200.0,13.49,C,705.0,709.0,4.95,49000.0,4.0,14.0,0.0
0,34250.0,5.32,A,720.0,724.0,6.72,330000.0,7.0,34.0,0.0
0,6400.0,11.49,B,675.0,679.0,22.76,52000.0,22.0,34.0,3.0
1,10000.0,12.74,C,660.0,664.0,6.85,100000.0,8.0,12.0,1.0
0,10500.0,15.99,C,685.0,689.0,15.5,46000.0,8.0,21.0,0.0
0,2800.0,10.49,B,680.0,684.0,6.32,60000.0,7.0,62.0,0.0
0,5600.0,19.99,D,695.0,699.0,8.7,60000.0,4.0,8.0,0.0
1,9200.0,13.49,C,700.0,704.0,21.42,32000.0,11.0,17.0,1.0
0,12800.0,17.99,D,670.0,674.0,21.78,34000.0,9.0,11.0,0.0
1,10000.0,18.99,D,690.0,694.0,21.09,110000.0,6.0,12.0,0.0
0,35000.0,11.44,B,710.0,714.0,27.58,72000.0,8.0,38.0,0.0
0,14000.0,13.49,C,675.0,679.0,13.84,117000.0,17.0,40.0,0.0
0,4000.0,10.49,B,685.0,689.0,26.93,88000.0,16.0,39.0,0.0
0,8000.0,10.49,B,685.0,689.0,20.49,80000.0,8.0,22.0,0.0
1,27500.0,15.99,C,670.0,674.0,22.74,80000.0,23.0,33.0,0.0
0,4200.0,30.65,F,755.0,759.0,0.1,20000.0,2.0,4.0,0.0
0,5000.0,14.99,C,660.0,664.0,11.09,25000.0,7.0,10.0,1.0
1,5000.0,16.02,C,670.0,674.0,6.51,168000.0,10.0,16.0,1.0
0,4800.0,10.91,B,685.0,689.0,14.37,70000.0,13.0,27.0,1.0
0,15000.0,16.02,C,665.0,669.0,26.71,65000.0,16.0,20.0,1.0
0,19200.0,9.44,B,720.0,724.0,26.1,40000.0,11.0,26.0,0.0
1,9800.0,10.49,B,710.0,714.0,13.02,85000.0,8.0,13.0,0.0
0,3000.0,18.99,D,750.0,754.0,24.22,40000.0,4.0,4.0,0.0
0,20000.0,13.99,C,680.0,684.0,18.11,62162.0,20.0,35.0,1.0
1,7900.0,24.85,E,670.0,674.0,9.37,113440.0,9.0,11.0,0.0
1,3600.0,11.99,B,690.0,694.0,22.67,49500.0,10.0,17.0,0.0
0,16800.0,13.49,C,670.0,674.0,21.65,80000.0,6.0,9.0,0.0
1,40000.0,18.06,D,710.0,714.0,21.36,177000.0,11.0,33.0,0.0
0,10000.0,7.24,A,740.0,744.0,11.72,60000.0,9.0,18.0,0.0
0,7000.0,12.74,C,665.0,669.0,14.23,31200.0,6.0,7.0,1.0
0,3000.0,6.99,A,715.0,719.0,27.32,60000.0,16.0,28.0,0.0
0,6300.0,10.42,B,660.0,664.0,10.5,80000.0,3.0,16.0,0.0
1,8000.0,12.74,C,700.0,704.0,26.21,42500.0,6.0,13.0,0.0
0,28000.0,15.05,C,660.0,664.0,28.11,54600.0,8.0,10.0,0.0
0,6500.0,6.99,A,715.0,719.0,10.6,70000.0,11.0,33.0,2.0
0,21000.0,11.99,B,680.0,684.0,15.92,104000.0,11.0,33.0,0.0
0,6000.0,8.24,B,745.0,749.0,8.37,42000.0,3.0,14.0,2.0
1,3000.0,7.97,A,740.0,744.0,17.63,65000.0,16.0,30.0,2.0
0,15000.0,11.44,B,705.0,709.0,7.85,130000.0,6.0,9.0,0.0
1,2800.0,7.97,A,680.0,684.0,4.26,120000.0,13.0,26.0,2.0
0,15000.0,14.99,C,670.0,674.0,13.14,61000.0,20.0,23.0,2.0
0,5000.0,11.44,B,670.0,674.0,18.32,36500.0,11.0,16.0,0.0
0,40000.0,14.99,C,710.0,714.0,1.58,300000.0,3.0,15.0,0.0
0,8000.0,12.74,C,690.0,694.0,24.07,35000.0,10.0,15.0,1.0
1,8500.0,12.62,C,690.0,694.0,17.48,55000.0,6.0,20.0,0.0
0,16000.0,21.45,D,705.0,709.0,10.72,78500.0,6.0,18.0,0.0
0,5000.0,14.99,C,660.0,664.0,9.86,65000.0,8.0,15.0,1.0
1,24000.0,14.08,C,660.0,664.0,25.08,108000.0,12.0,24.0,0.0
0,2800.0,15.99,C,725.0,729.0,14.77,37300.0,9.0,11.0,0.0
0,16000.0,5.32,A,795.0,799.0,5.6,250000.0,8.0,31.0,0.0
0,11625.0,23.99,E,695.0,699.0,20.19,56000.0,21.0,33.0,1.0
0,15000.0,7.97,A,730.0,734.0,8.64,51000.0,8.0,17.0,0.0
0,19200.0,15.99,C,665.0,669.0,18.83,42000.0,17.0,41.0,4.0
1,9350.0,23.99,E,675.0,679.0,11.29,47000.0,4.0,12.0,2.0
0,3600.0,11.99,B,685.0,689.0,33.31,45000.0,7.0,10.0,0.0
0,10200.0,13.49,C,710.0,714.0,19.21,62400.0,10.0,17.0,0.0
0,6300.0,7.21,A,695.0,699.0,3.67,115000.0,5.0,17.0,1.0
1,10000.0,21.45,D,670.0,674.0,39.8,32000.0,14.0,40.0,3.0
0,9000.0,13.99,C,730.0,734.0,10.92,30000.0,4.0,4.0,1.0
1,35000.0,14.08,C,675.0,679.0,17.13,80000.0,9.0,21.0,1.0
0,16000.0,5.32,A,800.0,804.0,16.68,79000.0,20.0,33.0,0.0
0,9600.0,13.59,C,690.0,694.0,21.37,63500.0,15.0,38.0,0.0
0,6000.0,11.99,B,685.0,689.0,13.17,40000.0,7.0,7.0,0.0
0,27600.0,11.99,B,710.0,714.0,17.14,60000.0,6.0,17.0,0.0
0,3000.0,14.99,C,665.0,669.0,17.97,42000.0,11.0,18.0,1.0
0,13800.0,14.99,C,675.0,679.0,20.03,45000.0,19.0,47.0,0.0
0,10000.0,11.49,B,715.0,719.0,24.8,80000.0,13.0,25.0,0.0
0,12000.0,7.99,A,720.0,724.0,13.18,130000.0,6.0,34.0,0.0
0,10000.0,5.32,A,810.0,814.0,8.59,95000.0,9.0,16.0,0.0
0,40000.0,5.32,A,755.0,759.0,19.52,275000.0,26.0,63.0,0.0
1,35000.0,26.3,E,675.0,679.0,9.71,549769.0,40.0,68.0,5.0
0,16800.0,11.99,B,695.0,699.0,13.55,62000.0,5.0,24.0,0.0
0,20200.0,18.99,D,660.0,664.0,2.36,67000.0,5.0,12.0,3.0
0,3025.0,14.08,C,680.0,684.0,6.81,120000.0,6.0,13.0,0.0
0,5000.0,7.99,A,725.0,729.0,11.28,61825.0,27.0,40.0,0.0
1,6000.0,12.62,C,680.0,684.0,15.64,30000.0,16.0,17.0,0.0
0,10800.0,7.99,A,690.0,694.0,22.75,48000.0,14.0,22.0,0.0
0,15600.0,10.91,B,660.0,664.0,18.92,120000.0,11.0,34.0,0.0
0,5600.0,10.42,B,680.0,684.0,23.3,60000.0,15.0,21.0,0.0
0,11200.0,10.49,B,665.0,669.0,20.38,50000.0,8.0,13.0,0.0
0,9000.0,7.49,A,710.0,714.0,8.72,80000.0,15.0,32.0,0.0
1,27750.0,10.91,B,740.0,744.0,22.65,70000.0,11.0,27.0,0.0
1,14000.0,19.99,D,665.0,669.0,23.75,48000.0,13.0,33.0,1.0
0,15000.0,5.32,A,780.0,784.0,21.62,77000.0,14.0,32.0,1.0
0,10000.0,10.42,B,660.0,664.0,9.63,76900.0,6.0,22.0,0.0
0,7500.0,11.44,B,665.0,669.0,11.28,75000.0,10.0,27.0,1.0
1,7000.0,13.49,C,670.0,674.0,22.84,35000.0,17.0,39.0,1.0
0,3000.0,7.24,A,810.0,814.0,29.04,45000.0,12.0,24.0,0.0
0,7000.0,11.39,B,705.0,709.0,14.17,52000.0,13.0,17.0,0.0
0,5000.0,13.99,C,660.0,664.0,19.2,32000.0,10.0,13.0,0.0
1,3500.0,16.02,C,715.0,719.0,30.26,52860.0,8.0,18.0,0.0
1,20000.0,14.99,C,705.0,709.0,18.44,100000.0,8.0,11.0,1.0
0,20000.0,7.21,A,730.0,734.0,31.03,48000.0,9.0,34.0,0.0
0,10000.0,11.49,B,660.0,664.0,23.38,50000.0,8.0,16.0,1.0
1,20000.0,7.35,A,715.0,719.0,16.93,100000.0,13.0,22.0,0.0
0,20000.0,7.35,A,715.0,719.0,23.52,123450.0,8.0,10.0,0.0
0,8400.0,10.49,B,705.0,709.0,16.38,40000.0,7.0,17.0,0.0
0,10000.0,13.49,C,690.0,694.0,16.89,94000.0,19.0,45.0,3.0
0,6400.0,5.32,A,720.0,724.0,21.39,50000.0,16.0,20.0,0.0
0,16000.0,13.49,C,695.0,699.0,29.02,102000.0,22.0,50.0,0.0
1,10850.0,11.39,B,690.0,694.0,13.09,160000.0,29.0,47.0,1.0
1,18200.0,19.99,D,670.0,674.0,57.72,15618.0,12.0,18.0,0.0
0,3000.0,13.59,C,665.0,669.0,30.31,65000.0,20.0,36.0,1.0
0,5000.0,11.49,B,685.0,689.0,10.96,37336.0,8.0,10.0,0.0
1,10000.0,10.42,B,710.0,714.0,11.63,51074.0,4.0,8.0,0.0
1,20725.0,22.74,E,695.0,699.0,4.04,300000.0,8.0,22.0,0.0
1,20000.0,10.42,B,670.0,674.0,16.52,85000.0,9.0,22.0,1.0
1,40000.0,6.99,A,740.0,744.0,19.62,130000.0,12.0,30.0,0.0
1,29500.0,17.99,D,685.0,689.0,21.16,100000.0,7.0,13.0,1.0
0,20000.0,11.39,B,685.0,689.0,3.81,350000.0,9.0,24.0,0.0
0,8000.0,13.49,C,700.0,704.0,16.37,80000.0,9.0,21.0,2.0
0,6000.0,11.99,B,675.0,679.0,16.49,51000.0,6.0,10.0,1.0
1,4000.0,10.91,B,665.0,669.0,11.72,78000.0,8.0,26.0,0.0
0,7000.0,9.44,B,665.0,669.0,15.99,50000.0,10.0,16.0,0.0
0,3000.0,8.24,B,660.0,664.0,6.18,60000.0,4.0,14.0,0.0
0,10400.0,9.93,B,695.0,699.0,33.72,60000.0,9.0,40.0,0.0
0,5000.0,7.07,A,765.0,769.0,24.08,60000.0,13.0,20.0,2.0
0,8500.0,5.32,A,755.0,759.0,11.46,62000.0,8.0,25.0,0.0
0,35000.0,8.24,B,695.0,699.0,18.29,80000.0,16.0,28.0,1.0
0,4000.0,13.99,C,715.0,719.0,16.14,110400.0,11.0,30.0,1.0
0,4500.0,19.03,D,670.0,674.0,1.73,79000.0,6.0,9.0,1.0
0,16000.0,17.99,D,670.0,674.0,19.84,73000.0,8.0,12.0,2.0
1,25000.0,19.03,D,660.0,664.0,21.23,72000.0,5.0,12.0,0.0
0,18000.0,11.39,B,720.0,724.0,20.67,66067.0,7.0,15.0,0.0
0,24000.0,15.05,C,665.0,669.0,11.78,91000.0,5.0,10.0,0.0
0,15000.0,10.49,B,685.0,689.0,22.28,67000.0,11.0,18.0,0.0
0,9000.0,8.24,B,700.0,704.0,22.84,60000.0,11.0,31.0,0.0
0,35000.0,13.59,C,660.0,664.0,13.64,230000.0,15.0,27.0,2.0
0,8525.0,11.99,B,740.0,744.0,4.16,28000.0,7.0,9.0,0.0
0,1200.0,15.99,C,690.0,694.0,14.81,35000.0,8.0,17.0,1.0
0,5500.0,12.74,C,665.0,669.0,22.93,28000.0,11.0,20.0,1.0
0,33600.0,18.99,D,680.0,684.0,20.93,78420.0,11.0,14.0,0.0
0,10000.0,12.74,C,690.0,694.0,14.83,61000.0,7.0,21.0,0.0
0,8000.0,6.99,A,705.0,709.0,19.95,48794.0,10.0,17.0,0.0
1,25000.0,18.06,D,660.0,664.0,16.56,50000.0,12.0,24.0,0.0
0,15000.0,23.99,E,670.0,674.0,33.76,60000.0,9.0,10.0,0.0
0,3025.0,10.49,B,670.0,674.0,12.71,59985.0,13.0,17.0,0.0
0,10000.0,8.24,B,665.0,669.0,16.29,85000.0,19.0,26.0,1.0
0,15000.0,14.99,C,675.0,679.0,18.73,50106.0,13.0,25.0,0.0
0,15000.0,7.49,A,680.0,684.0,16.38,91500.0,19.0,23.0,1.0
1,24000.0,12.62,C,740.0,744.0,43.12,30000.0,12.0,18.0,0.0
1,9600.0,9.44,B,660.0,664.0,20.81,65000.0,13.0,29.0,0.0
0,4000.0,7.49,A,705.0,709.0,5.07,66000.0,5.0,17.0,0.0
1,4325.0,21.49,D,660.0,664.0,11.2,75000.0,14.0,17.0,4.0
1,16000.0,23.99,E,690.0,694.0,20.01,98000.0,8.0,15.0,0.0
0,4000.0,11.99,B,660.0,664.0,19.62,107000.0,16.0,58.0,1.0
0,37125.0,18.99,D,730.0,734.0,31.91,100000.0,11.0,24.0,0.0
0,3500.0,11.99,B,665.0,669.0,21.92,65000.0,9.0,29.0,0.0
0,35000.0,20.0,D,680.0,684.0,19.56,84600.0,9.0,10.0,0.0
0,20000.0,19.03,D,715.0,719.0,25.6,45000.0,12.0,22.0,0.0
0,6000.0,11.99,B,660.0,664.0,19.8,45708.0,23.0,27.0,0.0
0,8400.0,9.44,B,665.0,669.0,4.99,67000.0,8.0,17.0,0.0
0,35000.0,16.02,C,665.0,669.0,27.98,160000.0,18.0,29.0,0.0
0,2750.0,9.93,B,710.0,714.0,10.83,53000.0,10.0,11.0,1.0
0,8000.0,10.49,B,665.0,669.0,15.04,130000.0,10.0,18.0,1.0
1,5000.0,7.07,A,765.0,769.0,34.62,61500.0,13.0,30.0,1.0
1,25000.0,7.07,A,735.0,739.0,20.45,120000.0,11.0,31.0,2.0
0,10000.0,16.99,D,700.0,704.0,21.14,26000.0,9.0,22.0,0.0
1,14600.0,11.49,B,685.0,689.0,3.32,165000.0,9.0,13.0,1.0
1,10000.0,30.17,F,665.0,669.0,2.98,105000.0,4.0,5.0,3.0
0,28000.0,5.32,A,745.0,749.0,16.64,128880.0,13.0,18.0,0.0
1,9900.0,28.69,F,685.0,689.0,32.4,46373.0,4.0,8.0,1.0
0,4050.0,13.49,C,670.0,674.0,12.14,68500.0,15.0,17.0,1.0
0,10000.0,12.74,C,695.0,699.0,22.05,72000.0,18.0,35.0,1.0
0,3000.0,22.74,E,730.0,734.0,22.02,37000.0,11.0,22.0,3.0
0,10000.0,7.21,A,680.0,684.0,14.16,110000.0,8.0,34.0,0.0
1,20000.0,16.99,D,675.0,679.0,34.64,58726.0,9.0,24.0,0.0
0,16000.0,10.49,B,665.0,669.0,9.62,80000.0,5.0,17.0,0.0
0,6575.0,11.49,B,730.0,734.0,25.13,52543.0,11.0,18.0,0.0
0,12000.0,10.91,B,685.0,689.0,10.06,65000.0,2.0,19.0,0.0
0,20000.0,10.49,B,705.0,709.0,14.86,100000.0,12.0,26.0,1.0
0,35000.0,18.99,D,715.0,719.0,26.46,100000.0,24.0,49.0,2.0
0,14400.0,14.99,C,695.0,699.0,34.46,60000.0,8.0,28.0,0.0
0,8000.0,13.99,C,665.0,669.0,14.95,60000.0,7.0,9.0,0.0
0,21000.0,7.99,A,735.0,739.0,23.07,105000.0,15.0,33.0,0.0
0,3000.0,9.93,B,660.0,664.0,11.04,33800.0,5.0,7.0,0.0
1,2000.0,13.49,C,680.0,684.0,26.03,48000.0,26.0,31.0,1.0
1,12000.0,13.49,C,660.0,664.0,12.48,65000.0,11.0,13.0,1.0
1,8000.0,7.97,A,675.0,679.0,18.36,90000.0,47.0,68.0,0.0
0,5000.0,9.44,B,735.0,739.0,19.22,75000.0,12.0,23.0,0.0
1,15000.0,19.03,D,685.0,689.0,33.02,47000.0,12.0,16.0,1.0
0,10000.0,12.62,C,720.0,724.0,0.92,65000.0,2.0,3.0,0.0
0,7000.0,5.32,A,750.0,754.0,13.64,116800.0,17.0,37.0,0.0
0,20000.0,11.49,B,720.0,724.0,19.48,60000.0,9.0,10.0,0.0
0,7900.0,7.21,A,725.0,729.0,3.68,60000.0,8.0,16.0,0.0
0,9600.0,16.99,D,690.0,694.0,10.74,24000.0,8.0,11.0,0.0
0,10000.0,11.39,B,670.0,674.0,23.66,85000.0,17.0,40.0,0.0
1,12000.0,13.99,C,660.0,664.0,32.71,56163.0,14.0,23.0,0.0
0,6000.0,7.24,A,810.0,814.0,16.61,83000.0,5.0,9.0,0.0
0,34675.0,18.99,D,775.0,779.0,5.78,75400.0,7.0,14.0,2.0
0,25000.0,7.24,A,705.0,709.0,28.9,120000.0,13.0,25.0,1.0
0,16000.0,18.99,D,730.0,734.0,29.05,46800.0,9.0,17.0,0.0
0,12000.0,11.44,B,675.0,679.0,12.9,55000.0,9.0,22.0,0.0
1,6000.0,10.42,B,685.0,689.0,19.95,58000.0,10.0,25.0,0.0
1,20000.0,26.3,E,680.0,684.0,17.7,35000.0,7.0,14.0,0.0
0,5000.0,8.24,B,700.0,704.0,15.6,180000.0,11.0,19.0,0.0
0,6600.0,7.99,A,685.0,689.0,26.34,42000.0,14.0,31.0,1.0
0,7400.0,9.93,B,700.0,704.0,25.96,35000.0,20.0,37.0,0.0
0,9600.0,11.44,B,665.0,669.0,9.02,78000.0,8.0,20.0,0.0
1,9975.0,23.88,E,695.0,699.0,25.48,25200.0,10.0,26.0,0.0
1,12000.0,10.49,B,670.0,674.0,10.69,65000.0,14.0,45.0,0.0
1,15000.0,10.49,B,735.0,739.0,19.96,88000.0,17.0,28.0,0.0
0,10000.0,8.24,B,690.0,694.0,16.98,60000.0,11.0,23.0,0.0
0,7000.0,18.06,D,660.0,664.0,12.33,126000.0,18.0,31.0,0.0
0,10000.0,5.32,A,725.0,729.0,12.81,83000.0,9.0,23.0,0.0
0,1800.0,13.49,C,710.0,714.0,8.93,32000.0,4.0,9.0,1.0
1,15000.0,12.62,C,715.0,719.0,5.9,50000.0,5.0,8.0,1.0
0,30000.0,5.32,A,775.0,779.0,13.11,150000.0,26.0,47.0,0.0
0,9000.0,11.49,B,680.0,684.0,18.82,60000.0,9.0,19.0,1.0
0,9600.0,11.39,B,675.0,679.0,23.27,56000.0,6.0,11.0,0.0
0,1000.0,8.24,B,695.0,699.0,24.92,25000.0,15.0,34.0,0.0
0,18000.0,5.32,A,700.0,704.0,23.93,82000.0,10.0,27.0,0.0
1,7200.0,12.62,C,660.0,664.0,22.89,78000.0,12.0,47.0,0.0
0,10000.0,5.32,A,780.0,784.0,13.95,74100.0,6.0,10.0,0.0
1,7500.0,23.88,E,660.0,664.0,30.62,62000.0,18.0,24.0,3.0
0,15000.0,11.49,B,725.0,729.0,13.69,90000.0,7.0,9.0,1.0
0,10000.0,5.32,A,755.0,759.0,20.94,87000.0,26.0,36.0,0.0
0,5600.0,11.44,B,665.0,669.0,23.72,38000.0,6.0,9.0,0.0
0,5400.0,7.99,A,690.0,694.0,24.38,29000.0,10.0,27.0,0.0
1,10000.0,7.24,A,720.0,724.0,26.66,50000.0,15.0,22.0,0.0
1,40000.0,9.44,B,675.0,679.0,17.75,145000.0,17.0,24.0,1.0
0,24000.0,5.32,A,710.0,714.0,18.92,150000.0,18.0,35.0,0.0
0,6400.0,16.02,C,695.0,699.0,16.56,61400.0,7.0,13.0,0.0
1,10000.0,18.06,D,670.0,674.0,30.94,30000.0,15.0,17.0,0.0
0,35000.0,17.99,D,665.0,669.0,15.22,111000.0,14.0,33.0,1.0
1,5000.0,11.44,B,680.0,684.0,24.08,30000.0,8.0,17.0,0.0
1,16000.0,15.05,C,670.0,674.0,26.09,200000.0,21.0,28.0,0.0
0,6000.0,14.08,C,670.0,674.0,14.6,106000.0,11.0,30.0,4.0
0,10000.0,18.06,D,685.0,689.0,15.07,50000.0,7.0,8.0,0.0
0,4000.0,12.74,C,705.0,709.0,11.67,14400.0,4.0,7.0,0.0
0,7200.0,11.44,B,675.0,679.0,12.04,35000.0,8.0,11.0,0.0
0,16000.0,12.74,C,670.0,674.0,15.16,90000.0,8.0,23.0,0.0
1,8500.0,13.59,C,660.0,664.0,22.29,35000.0,8.0,15.0,0.0
0,7200.0,14.99,C,690.0,694.0,21.61,135000.0,37.0,55.0,0.0
0,15000.0,7.24,A,780.0,784.0,15.32,145000.0,11.0,30.0,0.0
0,6000.0,7.07,A,735.0,739.0,12.3,68000.0,5.0,9.0,0.0
1,10000.0,15.05,C,720.0,724.0,22.14,82000.0,9.0,19.0,1.0
0,8000.0,13.49,C,670.0,674.0,23.56,28167.0,25.0,31.0,2.0
0,6000.0,11.44,B,710.0,714.0,10.42,60000.0,4.0,9.0,0.0
0,16000.0,17.09,D,705.0,709.0,31.32,96000.0,18.0,31.0,0.0
0,15000.0,13.59,C,660.0,664.0,14.93,52000.0,5.0,9.0,0.0
1,12000.0,15.05,C,660.0,664.0,14.71,82000.0,10.0,14.0,1.0
0,18000.0,14.99,C,660.0,664.0,29.57,81000.0,15.0,33.0,0.0
1,5000.0,10.91,B,665.0,669.0,6.6,22000.0,3.0,3.0,0.0
0,11000.0,10.42,B,690.0,694.0,17.73,70000.0,9.0,14.0,0.0
0,28000.0,15.99,C,825.0,829.0,30.9,93000.0,5.0,33.0,0.0
0,22725.0,16.02,C,705.0,709.0,20.8,90000.0,27.0,37.0,1.0
0,20000.0,9.93,B,705.0,709.0,34.07,36000.0,15.0,18.0,0.0
1,20000.0,16.02,C,665.0,669.0,11.13,63500.0,16.0,16.0,1.0
0,5500.0,11.44,B,660.0,664.0,9.97,52000.0,9.0,17.0,2.0
0,5600.0,12.74,C,680.0,684.0,10.97,58000.0,9.0,19.0,1.0
1,15000.0,12.62,C,660.0,664.0,25.13,48000.0,13.0,17.0,1.0
1,3000.0,9.93,B,665.0,669.0,17.59,36712.0,16.0,54.0,0.0
0,35000.0,13.59,C,690.0,694.0,7.26,250000.0,6.0,25.0,0.0
0,27600.0,18.99,D,680.0,684.0,24.92,60000.0,9.0,20.0,1.0
0,3000.0,11.99,B,680.0,684.0,25.29,41000.0,10.0,16.0,1.0
0,20000.0,12.74,C,700.0,704.0,15.47,62000.0,7.0,8.0,2.0
0,10000.0,7.97,A,795.0,799.0,1.76,59898.0,7.0,29.0,0.0
0,8000.0,11.39,B,665.0,669.0,23.25,65000.0,26.0,38.0,1.0
0,6025.0,16.02,C,725.0,729.0,7.5,20000.0,11.0,12.0,2.0
1,24000.0,11.99,B,665.0,669.0,27.52,125000.0,17.0,35.0,0.0
0,14000.0,5.32,A,755.0,759.0,14.66,83500.0,17.0,37.0,0.0
0,3925.0,26.24,E,680.0,684.0,5.17,118000.0,6.0,10.0,2.0
0,6000.0,7.07,A,755.0,759.0,14.48,72000.0,23.0,53.0,0.0
0,8400.0,9.93,B,670.0,674.0,23.35,44000.0,15.0,27.0,0.0
1,6000.0,10.42,B,690.0,694.0,27.21,70000.0,10.0,30.0,1.0
0,12000.0,7.49,A,770.0,774.0,5.7,111000.0,21.0,41.0,0.0
1,14000.0,11.99,B,695.0,699.0,17.68,82000.0,21.0,40.0,0.0
0,10000.0,13.49,C,660.0,664.0,17.7,55000.0,15.0,21.0,1.0
1,35000.0,30.84,G,725.0,729.0,31.34,104220.0,17.0,29.0,1.0
0,7700.0,13.49,C,740.0,744.0,21.88,30000.0,9.0,11.0,0.0
0,10000.0,6.99,A,760.0,764.0,11.59,50000.0,9.0,21.0,0.0
1,7000.0,13.59,C,695.0,699.0,26.92,60000.0,15.0,23.0,0.0
0,4250.0,16.02,C,660.0,664.0,9.4,55000.0,5.0,11.0,0.0
0,7200.0,16.99,D,725.0,729.0,6.77,22500.0,5.0,9.0,1.0
0,6000.0,8.24,B,705.0,709.0,4.83,45000.0,6.0,10.0,0.0
0,15000.0,5.32,A,710.0,714.0,10.78,117500.0,11.0,28.0,0.0
0,8000.0,5.32,A,815.0,819.0,17.76,45000.0,10.0,16.0,0.0
0,9725.0,6.99,A,705.0,709.0,27.56,58000.0,13.0,34.0,0.0
0,8000.0,13.59,C,670.0,674.0,19.37,59000.0,5.0,28.0,0.0
1,14000.0,15.05,C,695.0,699.0,42.8,23000.0,6.0,13.0,0.0
0,35000.0,11.49,B,715.0,719.0,24.46,109000.0,20.0,33.0,0.0
0,4800.0,12.74,C,710.0,714.0,26.28,30000.0,6.0,10.0,0.0
0,17125.0,11.49,B,690.0,694.0,26.65,78082.0,12.0,35.0,0.0
0,13525.0,14.99,C,740.0,744.0,13.81,45000.0,5.0,7.0,0.0
1,14425.0,17.09,D,695.0,699.0,26.63,53680.0,12.0,16.0,2.0
0,35000.0,5.32,A,730.0,734.0,7.74,500000.0,16.0,59.0,0.0
0,9000.0,13.49,C,665.0,669.0,13.06,70000.0,6.0,21.0,1.0
0,34675.0,7.99,A,775.0,779.0,32.52,114000.0,22.0,41.0,0.0
0,10050.0,19.99,D,700.0,704.0,34.11,52000.0,13.0,30.0,1.0
0,8000.0,10.91,B,700.0,704.0,26.81,70000.0,20.0,61.0,0.0
1,28000.0,13.49,C,700.0,704.0,17.15,120000.0,9.0,12.0,1.0
1,10000.0,14.99,C,670.0,674.0,26.76,47270.0,7.0,9.0,1.0
0,14000.0,8.24,B,675.0,679.0,13.21,108000.0,15.0,33.0,0.0
0,3500.0,9.44,B,720.0,724.0,15.36,70000.0,10.0,30.0,1.0
0,25000.0,11.44,B,690.0,694.0,31.16,60000.0,11.0,20.0,0.0
0,12000.0,12.62,C,660.0,664.0,9.71,130000.0,13.0,16.0,0.0
0,8000.0,8.24,B,675.0,679.0,28.24,30000.0,13.0,26.0,2.0
1,4500.0,11.49,B,670.0,674.0,27.99,44000.0,9.0,15.0,0.0
0,10575.0,13.99,C,675.0,679.0,14.32,30000.0,7.0,10.0,0.0
0,3500.0,8.24,B,665.0,669.0,11.24,55000.0,7.0,19.0,0.0
0,16800.0,10.42,B,660.0,664.0,26.97,80000.0,15.0,36.0,0.0
0,3000.0,13.99,C,665.0,669.0,1.67,40000.0,3.0,4.0,0.0
0,35000.0,13.49,C,690.0,694.0,11.3,240941.0,16.0,28.0,1.0
0,10000.0,11.49,B,675.0,679.0,6.97,47500.0,7.0,21.0,0.0
1,28000.0,16.02,C,665.0,669.0,10.1,100000.0,6.0,15.0,0.0
0,10000.0,8.24,B,715.0,719.0,10.29,35000.0,13.0,25.0,0.0
0,7200.0,21.45,D,665.0,669.0,13.14,40000.0,7.0,7.0,1.0
0,16000.0,8.24,B,705.0,709.0,30.0,100000.0,26.0,42.0,0.0
1,7200.0,14.99,C,665.0,669.0,30.05,44000.0,12.0,16.0,0.0
1,7000.0,13.59,C,695.0,699.0,25.78,39000.0,6.0,10.0,0.0
0,8100.0,13.49,C,690.0,694.0,10.08,22500.0,5.0,13.0,0.0
1,15000.0,21.45,D,675.0,679.0,27.92,50000.0,16.0,27.0,0.0
0,5000.0,9.93,B,725.0,729.0,24.49,52000.0,14.0,29.0,0.0
0,4800.0,16.02,C,670.0,674.0,17.93,60000.0,11.0,25.0,1.0
0,4000.0,11.44,B,660.0,664.0,28.94,44000.0,14.0,30.0,0.0
0,9400.0,7.97,A,700.0,704.0,15.25,42500.0,8.0,14.0,0.0
0,9850.0,20.0,D,670.0,674.0,31.47,84666.0,17.0,31.0,0.0
0,2500.0,13.99,C,670.0,674.0,1.64,30000.0,3.0,12.0,1.0
0,12800.0,8.24,B,665.0,669.0,10.85,175000.0,11.0,13.0,0.0
0,15000.0,18.99,D,665.0,669.0,22.08,68004.0,10.0,11.0,1.0
1,10000.0,12.62,C,700.0,704.0,49.65,40000.0,8.0,11.0,0.0
0,3200.0,13.99,C,665.0,669.0,28.23,75000.0,24.0,58.0,1.0
0,9600.0,11.99,B,680.0,684.0,23.22,55000.0,10.0,15.0,0.0
1,6000.0,21.45,D,695.0,699.0,20.59,20000.0,5.0,6.0,0.0
0,1000.0,18.06,D,705.0,709.0,8.64,25000.0,11.0,11.0,3.0
1,27575.0,10.42,B,720.0,724.0,24.51,200000.0,8.0,32.0,0.0
0,9800.0,13.49,C,660.0,664.0,24.5,48000.0,7.0,20.0,0.0
1,10000.0,14.99,C,660.0,664.0,7.11,140000.0,8.0,25.0,0.0
1,6000.0,10.91,B,695.0,699.0,22.98,60000.0,15.0,34.0,0.0
1,35000.0,16.99,D,665.0,669.0,18.92,100000.0,13.0,25.0,2.0
1,8000.0,14.99,C,680.0,684.0,8.54,242000.0,13.0,22.0,5.0
0,8400.0,7.49,A,690.0,694.0,19.75,40000.0,11.0,24.0,1.0
0,6000.0,10.49,B,775.0,779.0,22.63,57000.0,10.0,38.0,1.0
0,15000.0,11.44,B,705.0,709.0,11.35,118000.0,12.0,15.0,0.0
0,5000.0,10.49,B,705.0,709.0,29.3,140000.0,15.0,35.0,0.0
0,30000.0,13.49,C,720.0,724.0,8.65,62000.0,27.0,44.0,0.0
1,8000.0,10.91,B,695.0,699.0,10.19,77000.0,11.0,21.0,1.0
0,12000.0,12.74,C,670.0,674.0,12.74,65000.0,9.0,13.0,1.0
0,7000.0,12.62,C,680.0,684.0,15.44,30000.0,11.0,13.0,0.0
0,5000.0,15.99,C,665.0,669.0,10.8,42000.0,13.0,18.0,0.0
1,17500.0,9.93,B,670.0,674.0,19.67,85000.0,17.0,25.0,0.0
0,5000.0,7.49,A,710.0,714.0,7.44,320000.0,8.0,15.0,0.0
0,5000.0,11.99,B,695.0,699.0,22.21,75000.0,15.0,21.0,2.0
0,35000.0,7.24,A,730.0,734.0,9.01,125000.0,13.0,16.0,0.0
0,7000.0,13.49,C,660.0,664.0,41.54,38000.0,10.0,24.0,1.0
1,3000.0,7.97,A,700.0,704.0,12.4,60000.0,11.0,27.0,1.0
0,6000.0,10.49,B,685.0,689.0,17.62,38000.0,9.0,35.0,2.0
0,35000.0,10.49,B,705.0,709.0,19.43,180000.0,18.0,26.0,1.0
1,5000.0,8.24,B,675.0,679.0,10.39,36850.0,11.0,24.0,0.0
0,12000.0,7.24,A,760.0,764.0,16.8,50500.0,6.0,9.0,0.0
0,16800.0,11.44,B,710.0,714.0,19.5,81600.0,6.0,24.0,1.0
1,24000.0,11.49,B,660.0,664.0,26.47,95000.0,17.0,43.0,1.0
0,3200.0,11.44,B,680.0,684.0,17.01,45000.0,8.0,10.0,0.0
1,8000.0,15.05,C,725.0,729.0,28.83,44000.0,15.0,32.0,0.0
1,8000.0,10.42,B,675.0,679.0,16.15,53000.0,14.0,38.0,1.0
1,15000.0,18.06,D,710.0,714.0,24.68,50000.0,5.0,6.0,0.0
0,14350.0,15.99,C,710.0,714.0,32.73,55000.0,10.0,19.0,0.0
0,35000.0,13.49,C,695.0,699.0,16.49,43000.0,6.0,13.0,0.0
1,15000.0,17.09,D,720.0,724.0,6.0,50000.0,5.0,15.0,0.0
0,7000.0,13.49,C,685.0,689.0,26.51,111900.0,15.0,54.0,0.0
0,5000.0,5.32,A,740.0,744.0,10.43,130000.0,7.0,12.0,0.0
0,10000.0,11.39,B,745.0,749.0,11.24,95000.0,6.0,12.0,1.0
0,16375.0,8.24,B,710.0,714.0,26.82,65000.0,10.0,12.0,0.0
0,20000.0,7.24,A,740.0,744.0,33.88,70000.0,13.0,33.0,0.0
0,14400.0,7.99,A,680.0,684.0,20.84,63000.0,20.0,28.0,0.0
0,12000.0,11.44,B,695.0,699.0,21.52,60000.0,17.0,31.0,1.0
0,5000.0,11.49,B,700.0,704.0,21.94,30000.0,8.0,19.0,0.0
0,15000.0,11.39,B,715.0,719.0,16.63,55000.0,4.0,4.0,0.0
1,20000.0,11.44,B,665.0,669.0,18.41,70000.0,4.0,15.0,0.0
0,8000.0,8.24,B,670.0,674.0,21.4,60000.0,10.0,27.0,0.0
0,6000.0,19.99,D,690.0,694.0,31.57,20000.0,6.0,27.0,1.0
0,25000.0,6.99,A,710.0,714.0,15.73,129000.0,11.0,27.0,0.0
0,8000.0,5.32,A,785.0,789.0,11.4,43264.0,6.0,8.0,1.0
0,4000.0,13.99,C,710.0,714.0,26.38,58000.0,9.0,18.0,4.0
0,8000.0,8.24,B,670.0,674.0,21.94,60000.0,14.0,35.0,0.0
1,15000.0,19.03,D,660.0,664.0,31.9,58500.0,10.0,28.0,1.0
0,13525.0,16.99,D,670.0,674.0,15.5,70000.0,10.0,15.0,0.0
0,15275.0,10.49,B,715.0,719.0,24.28,60000.0,8.0,28.0,0.0
0,10000.0,10.91,B,720.0,724.0,15.81,62000.0,10.0,14.0,2.0
0,14850.0,15.99,C,685.0,689.0,21.91,85000.0,12.0,25.0,0.0
1,35000.0,18.99,D,670.0,674.0,26.44,75326.0,30.0,37.0,0.0
0,9600.0,11.44,B,690.0,694.0,13.08,60000.0,9.0,22.0,1.0
1,6000.0,12.74,C,670.0,674.0,22.29,35000.0,8.0,10.0,1.0
0,30000.0,11.49,B,675.0,679.0,22.06,110000.0,19.0,33.0,2.0
1,10000.0,9.93,B,665.0,669.0,26.05,120000.0,9.0,25.0,0.0
1,15600.0,17.09,D,710.0,714.0,15.35,80000.0,8.0,16.0,0.0
0,25000.0,7.24,A,700.0,704.0,22.22,200000.0,36.0,66.0,0.0
1,12000.0,15.05,C,670.0,674.0,11.23,85600.0,4.0,11.0,1.0
1,35000.0,30.84,G,665.0,669.0,33.36,100737.0,19.0,56.0,1.0
0,23750.0,12.74,C,665.0,669.0,5.24,66000.0,10.0,20.0,0.0
0,4200.0,11.49,B,665.0,669.0,20.42,40250.0,7.0,16.0,0.0
0,12000.0,5.32,A,730.0,734.0,19.59,76714.0,12.0,24.0,0.0
0,30000.0,12.74,C,670.0,674.0,25.04,95000.0,11.0,29.0,0.0
1,35000.0,9.93,B,700.0,704.0,19.96,120000.0,19.0,35.0,2.0
0,10000.0,20.0,D,665.0,669.0,10.65,71000.0,10.0,19.0,0.0
0,8300.0,9.44,B,680.0,684.0,16.91,54000.0,5.0,7.0,0.0
0,35000.0,10.49,B,660.0,664.0,19.28,480000.0,14.0,29.0,0.0
0,7200.0,5.32,A,785.0,789.0,18.0,51000.0,9.0,24.0,0.0
0,6675.0,10.91,B,710.0,714.0,17.65,45000.0,8.0,15.0,0.0
0,6000.0,17.99,D,665.0,669.0,9.69,27000.0,8.0,15.0,1.0
0,5000.0,11.44,B,695.0,699.0,25.69,20000.0,6.0,23.0,0.0
1,9600.0,7.97,A,700.0,704.0,22.98,47000.0,9.0,18.0,0.0
0,28000.0,21.45,D,660.0,664.0,30.34,48000.0,17.0,26.0,0.0
0,8000.0,11.44,B,710.0,714.0,22.08,90000.0,3.0,20.0,0.0
0,10000.0,16.02,C,670.0,674.0,26.4,30000.0,12.0,29.0,1.0
1,11200.0,10.49,B,720.0,724.0,4.89,70000.0,5.0,8.0,0.0
1,1000.0,17.99,D,675.0,679.0,29.62,60000.0,18.0,31.0,0.0
1,32000.0,11.39,B,715.0,719.0,24.24,70000.0,8.0,12.0,1.0
0,7225.0,18.06,D,665.0,669.0,21.31,41464.0,17.0,48.0,1.0
0,28200.0,13.59,C,665.0,669.0,15.08,89000.0,12.0,30.0,1.0
0,6000.0,7.24,A,720.0,724.0,26.64,130000.0,18.0,37.0,0.0
1,10000.0,16.02,C,670.0,674.0,27.0,90000.0,14.0,18.0,2.0
0,15000.0,11.99,B,685.0,689.0,27.77,47500.0,16.0,19.0,0.0
1,8000.0,15.05,C,665.0,669.0,4.2,52000.0,11.0,29.0,0.0
0,9250.0,15.99,C,660.0,664.0,12.13,130000.0,7.0,23.0,0.0
1,35000.0,16.99,D,730.0,734.0,11.68,75000.0,7.0,9.0,1.0
0,22000.0,16.02,C,715.0,719.0,33.8,79000.0,17.0,34.0,0.0
1,12225.0,29.69,F,675.0,679.0,19.03,150000.0,17.0,34.0,1.0
0,10000.0,8.24,B,700.0,704.0,22.17,110000.0,9.0,31.0,1.0
1,9000.0,9.93,B,670.0,674.0,24.09,42000.0,17.0,26.0,1.0
0,10000.0,7.97,A,715.0,719.0,2.18,70000.0,7.0,18.0,0.0
0,3000.0,13.99,C,725.0,729.0,14.07,18000.0,5.0,8.0,1.0
1,8000.0,11.99,B,685.0,689.0,21.45,40000.0,9.0,17.0,0.0
0,4800.0,13.49,C,680.0,684.0,12.93,72000.0,5.0,10.0,1.0
1,13200.0,15.99,C,695.0,699.0,21.84,50000.0,15.0,18.0,0.0
1,15000.0,9.44,B,725.0,729.0,23.37,135000.0,22.0,39.0,2.0
1,17725.0,15.99,C,665.0,669.0,25.42,55000.0,8.0,11.0,0.0
0,10000.0,12.62,C,670.0,674.0,29.32,30000.0,11.0,24.0,2.0
0,14000.0,16.02,C,695.0,699.0,14.96,58000.0,11.0,12.0,1.0
0,18375.0,19.99,D,680.0,684.0,15.81,75600.0,6.0,12.0,0.0
0,5000.0,8.24,B,700.0,704.0,12.8,52000.0,18.0,26.0,0.0
0,15000.0,15.99,C,710.0,714.0,14.79,40000.0,13.0,19.0,1.0
1,35000.0,13.59,C,680.0,684.0,20.62,105000.0,8.0,21.0,1.0
0,28000.0,11.44,B,725.0,729.0,28.41,80000.0,9.0,20.0,0.0
1,6000.0,11.44,B,680.0,684.0,21.55,90000.0,26.0,43.0,1.0
0,1000.0,7.99,A,680.0,684.0,19.02,40000.0,11.0,20.0,2.0
0,16000.0,5.32,A,775.0,779.0,4.82,155000.0,9.0,23.0,1.0
1,4000.0,10.91,B,690.0,694.0,10.13,18000.0,5.0,5.0,0.0
0,9600.0,11.44,B,675.0,679.0,19.08,50000.0,10.0,20.0,0.0
0,5000.0,10.91,B,670.0,674.0,23.27,33000.0,6.0,20.0,0.0
0,12000.0,12.62,C,670.0,674.0,12.41,70000.0,10.0,13.0,0.0
1,7200.0,24.85,E,685.0,689.0,27.7,38000.0,7.0,10.0,0.0
0,7200.0,15.99,C,690.0,694.0,31.43,32000.0,14.0,32.0,1.0
0,20000.0,15.99,C,665.0,669.0,24.65,65000.0,7.0,21.0,0.0
1,20000.0,14.99,C,670.0,674.0,8.4,60000.0,7.0,7.0,0.0
1,24000.0,13.49,C,660.0,664.0,11.85,96540.0,8.0,11.0,1.0
0,30000.0,10.91,B,670.0,674.0,14.17,95000.0,4.0,6.0,0.0
0,16000.0,12.62,C,710.0,714.0,15.91,62000.0,10.0,22.0,1.0
0,9500.0,11.44,B,715.0,719.0,12.22,50000.0,8.0,17.0,1.0
1,14000.0,24.74,E,715.0,719.0,11.9,280000.0,8.0,26.0,3.0
0,4000.0,11.39,B,730.0,734.0,15.94,122600.0,7.0,16.0,0.0
1,24375.0,19.99,D,685.0,689.0,21.97,53000.0,15.0,31.0,0.0
0,10000.0,7.24,A,685.0,689.0,11.25,96000.0,10.0,23.0,0.0
0,3000.0,13.49,C,695.0,699.0,20.37,72898.0,7.0,16.0,0.0
0,6025.0,9.93,B,775.0,779.0,13.61,44500.0,8.0,14.0,0.0
1,35000.0,13.59,C,675.0,679.0,20.69,110000.0,10.0,17.0,0.0
0,8000.0,7.99,A,720.0,724.0,27.78,75000.0,8.0,15.0,0.0
0,12000.0,8.24,B,660.0,664.0,6.92,120000.0,9.0,13.0,0.0
0,5000.0,12.74,C,690.0,694.0,9.36,170000.0,5.0,19.0,1.0
0,5000.0,13.59,C,665.0,669.0,7.6,57500.0,32.0,68.0,4.0
0,6000.0,7.07,A,775.0,779.0,14.25,32000.0,15.0,19.0,0.0
0,13400.0,10.49,B,670.0,674.0,16.37,100000.0,15.0,24.0,1.0
0,7200.0,11.49,B,695.0,699.0,13.6,42000.0,10.0,16.0,1.0
0,3500.0,10.49,B,660.0,664.0,2.6,48000.0,2.0,4.0,0.0
1,9600.0,11.99,B,660.0,664.0,32.1,60000.0,15.0,25.0,2.0
0,2400.0,11.99,B,690.0,694.0,30.44,65000.0,15.0,44.0,1.0
0,10000.0,12.62,C,660.0,664.0,28.56,70600.0,8.0,13.0,1.0
1,8500.0,7.35,A,730.0,734.0,13.65,70000.0,10.0,12.0,0.0
1,20000.0,22.91,E,665.0,669.0,8.79,50000.0,11.0,13.0,1.0
0,14000.0,7.35,A,690.0,694.0,4.1,144000.0,4.0,24.0,0.0
0,10000.0,8.24,B,705.0,709.0,5.02,50000.0,7.0,12.0,1.0
0,7000.0,16.02,C,695.0,699.0,13.68,25000.0,12.0,21.0,3.0
0,8000.0,9.93,B,685.0,689.0,8.3,47000.0,13.0,21.0,0.0
0,8000.0,14.99,C,665.0,669.0,24.97,83050.0,16.0,23.0,2.0
0,15000.0,11.44,B,680.0,684.0,15.91,103192.41,10.0,21.0,0.0
1,10000.0,11.44,B,670.0,674.0,5.59,67778.0,10.0,18.0,0.0
0,21000.0,17.99,D,665.0,669.0,18.24,75000.0,22.0,28.0,0.0
1,6000.0,11.99,B,690.0,694.0,24.9,85000.0,16.0,22.0,0.0
0,15000.0,10.91,B,670.0,674.0,35.48,32000.0,14.0,20.0,0.0
0,5000.0,8.24,B,675.0,679.0,27.71,77400.0,18.0,48.0,1.0
0,7000.0,18.06,D,675.0,679.0,33.45,55000.0,23.0,38.0,0.0
1,14000.0,11.44,B,680.0,684.0,24.83,72000.0,16.0,23.0,0.0
0,9000.0,11.44,B,660.0,664.0,19.73,45000.0,16.0,24.0,0.0
0,11000.0,11.44,B,700.0,704.0,21.3,85000.0,7.0,29.0,1.0
1,6500.0,13.59,C,675.0,679.0,5.88,59000.0,8.0,15.0,2.0
0,9600.0,7.21,A,745.0,749.0,12.43,50000.0,11.0,19.0,0.0
0,3200.0,15.99,C,660.0,664.0,26.08,39000.0,22.0,32.0,1.0
1,9850.0,7.35,A,790.0,794.0,12.47,60000.0,19.0,26.0,1.0
1,4500.0,5.32,A,795.0,799.0,6.46,70000.0,6.0,15.0,0.0
0,6000.0,11.49,B,690.0,694.0,13.01,25000.0,6.0,6.0,0.0
0,2400.0,9.44,B,695.0,699.0,14.4,71244.0,10.0,22.0,3.0
0,20000.0,6.99,A,750.0,754.0,28.75,75000.0,12.0,40.0,0.0
0,12000.0,7.24,A,705.0,709.0,24.33,90000.0,8.0,20.0,2.0
1,24000.0,11.44,B,690.0,694.0,24.02,175000.0,15.0,20.0,0.0
1,7200.0,11.49,B,690.0,694.0,14.15,55000.0,7.0,13.0,0.0
1,7000.0,9.93,B,695.0,699.0,6.85,85000.0,12.0,23.0,1.0
0,12000.0,7.97,A,715.0,719.0,27.86,74000.0,8.0,11.0,0.0
0,9200.0,5.32,A,810.0,814.0,8.99,61383.88,6.0,14.0,0.0
0,2000.0,10.91,B,680.0,684.0,17.65,55000.0,4.0,10.0,0.0
0,33600.0,13.49,C,705.0,709.0,34.38,82000.0,27.0,51.0,0.0
0,4200.0,19.99,D,675.0,679.0,26.66,85000.0,21.0,41.0,0.0
0,16000.0,7.49,A,715.0,719.0,14.66,60000.0,3.0,10.0,0.0
0,8000.0,7.49,A,705.0,709.0,18.69,90576.0,12.0,28.0,2.0
0,7200.0,19.99,D,670.0,674.0,29.33,25000.0,7.0,11.0,0.0
0,8000.0,10.49,B,670.0,674.0,20.74,70000.0,16.0,25.0,2.0
0,3000.0,9.44,B,715.0,719.0,12.09,65000.0,10.0,25.0,2.0
0,3000.0,10.49,B,665.0,669.0,10.97,65000.0,8.0,14.0,0.0
0,12000.0,28.69,F,705.0,709.0,17.52,100000.0,35.0,57.0,1.0
0,3000.0,15.05,C,685.0,689.0,8.4,90000.0,14.0,25.0,4.0
0,6000.0,11.39,B,685.0,689.0,19.36,100500.0,5.0,7.0,0.0
0,8500.0,12.62,C,675.0,679.0,23.57,50400.0,11.0,20.0,1.0
0,4800.0,10.91,B,675.0,679.0,13.5,107000.0,12.0,38.0,1.0
0,20000.0,14.99,C,700.0,704.0,20.34,111000.0,6.0,14.0,1.0
0,1800.0,13.49,C,670.0,674.0,28.07,26000.0,7.0,13.0,1.0
0,7000.0,12.74,C,665.0,669.0,11.18,160000.0,7.0,23.0,2.0
0,12000.0,15.05,C,710.0,714.0,17.63,160000.0,16.0,32.0,1.0
0,11200.0,11.39,B,770.0,774.0,22.2,28000.0,14.0,18.0,0.0
0,4000.0,7.97,A,705.0,709.0,13.84,110000.0,18.0,29.0,0.0
0,4800.0,11.49,B,695.0,699.0,18.99,100862.0,12.0,17.0,0.0
1,10000.0,18.06,D,695.0,699.0,16.01,60798.0,11.0,13.0,1.0
0,4500.0,15.99,C,660.0,664.0,22.81,120000.0,9.0,46.0,2.0
1,19000.0,13.99,C,680.0,684.0,21.24,30908.0,4.0,4.0,0.0
1,7975.0,13.59,C,675.0,679.0,11.29,62500.0,8.0,16.0,4.0
0,6500.0,8.24,B,725.0,729.0,5.25,85000.0,6.0,10.0,2.0
0,4000.0,14.99,C,660.0,664.0,23.56,63000.0,9.0,31.0,2.0
0,4000.0,11.44,B,665.0,669.0,22.46,78000.0,15.0,26.0,3.0
1,10000.0,11.49,B,660.0,664.0,17.2,60000.0,13.0,33.0,3.0
0,5500.0,7.07,A,745.0,749.0,15.43,28000.0,11.0,23.0,0.0
0,7000.0,10.42,B,660.0,664.0,6.93,70000.0,10.0,25.0,1.0
1,12000.0,16.02,C,660.0,664.0,27.3,56000.0,18.0,43.0,1.0
0,20000.0,11.44,B,685.0,689.0,11.07,90000.0,17.0,21.0,0.0
0,11000.0,11.39,B,695.0,699.0,10.32,55000.0,9.0,36.0,0.0
0,10400.0,5.32,A,755.0,759.0,14.42,125000.0,15.0,22.0,0.0
1,35000.0,16.99,D,705.0,709.0,55.82,70000.0,11.0,29.0,0.0
0,35000.0,6.99,A,700.0,704.0,18.99,185000.0,19.0,50.0,2.0
1,10000.0,13.59,C,665.0,669.0,14.73,64000.0,10.0,41.0,1.0
0,9100.0,10.91,B,705.0,709.0,7.2,45000.0,17.0,24.0,0.0
0,15000.0,13.99,C,705.0,709.0,19.84,45000.0,11.0,18.0,1.0
0,22000.0,11.39,B,700.0,704.0,18.73,115000.0,13.0,16.0,0.0
0,22000.0,8.24,B,730.0,734.0,13.37,83100.0,8.0,25.0,0.0
0,10000.0,12.74,C,660.0,664.0,33.92,60000.0,14.0,16.0,0.0
0,15000.0,6.99,A,715.0,719.0,19.98,120000.0,9.0,18.0,0.0
0,12800.0,10.49,B,710.0,714.0,22.94,60000.0,8.0,9.0,0.0
1,10000.0,11.49,B,660.0,664.0,13.12,60000.0,10.0,15.0,0.0
0,15000.0,9.44,B,780.0,784.0,24.66,62000.0,12.0,24.0,1.0
1,10000.0,16.02,C,665.0,669.0,16.52,52000.0,9.0,17.0,0.0
1,12000.0,8.24,B,670.0,674.0,8.97,61142.0,10.0,15.0,0.0
1,4800.0,6.99,A,765.0,769.0,18.6,30000.0,18.0,23.0,0.0
1,4800.0,17.99,D,690.0,694.0,20.77,40000.0,16.0,18.0,1.0
1,14400.0,11.44,B,680.0,684.0,21.68,62000.0,26.0,46.0,0.0
0,10000.0,10.42,B,715.0,719.0,23.68,52000.0,15.0,27.0,0.0
0,8000.0,15.05,C,700.0,704.0,31.62,35000.0,6.0,14.0,0.0
0,5000.0,11.99,B,670.0,674.0,16.68,40000.0,4.0,13.0,0.0
0,20000.0,8.24,B,680.0,684.0,16.14,150000.0,13.0,22.0,1.0
0,12000.0,12.74,C,680.0,684.0,23.14,46000.0,12.0,31.0,0.0
0,17000.0,9.44,B,735.0,739.0,31.41,80000.0,17.0,33.0,0.0
0,16000.0,10.49,B,665.0,669.0,10.61,74133.0,7.0,13.0,1.0
0,21000.0,17.99,D,700.0,704.0,3.33,130000.0,8.0,13.0,4.0
0,10000.0,11.49,B,710.0,714.0,12.37,130000.0,10.0,15.0,0.0
0,15000.0,14.08,C,675.0,679.0,27.82,60000.0,11.0,19.0,3.0
0,9600.0,9.93,B,685.0,689.0,17.22,58000.0,14.0,23.0,0.0
0,3600.0,7.24,A,710.0,714.0,13.44,120000.0,10.0,24.0,0.0
0,25000.0,13.49,C,685.0,689.0,16.94,110000.0,13.0,20.0,0.0
0,15000.0,7.07,A,830.0,834.0,10.81,110000.0,8.0,24.0,0.0
0,8000.0,14.99,C,665.0,669.0,17.59,50000.0,11.0,12.0,1.0
0,40000.0,7.49,A,700.0,704.0,13.77,155000.0,16.0,34.0,1.0
1,7000.0,24.85,E,680.0,684.0,32.0,21200.0,6.0,11.0,1.0
1,10000.0,10.42,B,695.0,699.0,16.43,68000.0,12.0,14.0,1.0
0,36000.0,14.99,C,710.0,714.0,25.25,83000.0,15.0,33.0,3.0
0,12000.0,14.99,C,665.0,669.0,15.69,113000.0,17.0,38.0,0.0
0,4700.0,14.08,C,685.0,689.0,23.13,72000.0,14.0,28.0,0.0
1,2500.0,13.59,C,725.0,729.0,42.7,31000.0,5.0,23.0,0.0
0,22000.0,15.99,C,700.0,704.0,15.63,48000.0,13.0,30.0,0.0
0,9000.0,12.62,C,735.0,739.0,77.19,10000.0,12.0,15.0,2.0
0,25000.0,10.42,B,695.0,699.0,14.79,127000.0,9.0,30.0,0.0
0,4000.0,5.32,A,830.0,834.0,13.29,56000.0,10.0,22.0,0.0
0,40000.0,8.24,B,725.0,729.0,11.3,100000.0,7.0,13.0,0.0
1,12175.0,17.99,D,665.0,669.0,12.69,80000.0,13.0,63.0,1.0
0,10000.0,18.06,D,685.0,689.0,13.75,156000.0,19.0,46.0,5.0
1,4550.0,16.02,C,700.0,704.0,14.89,90000.0,7.0,17.0,1.0
0,28000.0,19.03,D,670.0,674.0,11.3,98000.0,6.0,16.0,0.0
0,21000.0,11.39,B,685.0,689.0,13.11,112000.0,13.0,46.0,0.0
0,30000.0,12.74,C,685.0,689.0,10.93,90000.0,9.0,21.0,0.0
0,3000.0,13.99,C,665.0,669.0,22.32,48984.0,20.0,36.0,0.0
0,1800.0,16.02,C,725.0,729.0,26.36,25000.0,5.0,6.0,1.0
0,24000.0,14.99,C,725.0,729.0,28.8,61000.0,10.0,19.0,0.0
0,8000.0,15.99,C,730.0,734.0,22.14,82000.0,12.0,38.0,2.0
1,5000.0,13.49,C,695.0,699.0,7.49,50000.0,13.0,16.0,2.0
0,11200.0,11.39,B,695.0,699.0,18.0,54000.0,8.0,19.0,2.0
0,2875.0,30.79,G,725.0,729.0,7.3,12000.0,22.0,23.0,2.0
0,10000.0,11.44,B,730.0,734.0,24.22,65000.0,11.0,12.0,0.0
1,12000.0,7.49,A,695.0,699.0,12.64,69000.0,9.0,16.0,0.0
1,10000.0,26.24,E,690.0,694.0,26.06,40000.0,12.0,13.0,1.0
1,15000.0,5.32,A,695.0,699.0,18.07,145000.0,8.0,32.0,2.0
0,25000.0,12.62,C,700.0,704.0,32.73,70000.0,30.0,53.0,0.0
0,15000.0,14.99,C,690.0,694.0,32.8,63000.0,11.0,25.0,0.0
0,9500.0,5.32,A,785.0,789.0,20.64,65000.0,10.0,31.0,0.0
0,15500.0,5.32,A,710.0,714.0,18.0,124000.0,8.0,19.0,0.0
0,12000.0,5.32,A,765.0,769.0,14.48,80000.0,8.0,23.0,1.0
0,10000.0,15.99,C,695.0,699.0,16.39,96000.0,30.0,49.0,2.0
1,5000.0,10.49,B,690.0,694.0,22.95,48000.0,6.0,32.0,1.0
0,4000.0,6.99,A,730.0,734.0,20.44,70000.0,10.0,19.0,0.0
0,2950.0,7.49,A,700.0,704.0,11.85,65000.0,12.0,19.0,0.0
0,30000.0,7.35,A,710.0,714.0,22.84,135000.0,22.0,27.0,0.0
0,17000.0,7.21,A,725.0,729.0,17.77,69000.0,13.0,21.0,0.0
0,4800.0,10.91,B,660.0,664.0,6.55,79000.0,7.0,20.0,0.0
1,7000.0,13.49,C,660.0,664.0,21.26,75000.0,24.0,48.0,0.0
0,5000.0,10.91,B,690.0,694.0,9.15,56000.0,11.0,14.0,1.0
1,14625.0,22.74,E,795.0,799.0,6.1,45000.0,5.0,7.0,0.0
0,20000.0,8.24,B,690.0,694.0,18.21,107000.0,13.0,23.0,0.0
1,30800.0,15.05,C,690.0,694.0,22.75,67000.0,7.0,20.0,0.0
0,14400.0,25.82,E,700.0,704.0,32.29,63000.0,15.0,25.0,0.0
0,2000.0,11.49,B,690.0,694.0,22.71,40000.0,16.0,18.0,1.0
0,5000.0,11.44,B,685.0,689.0,11.89,57000.0,29.0,45.0,1.0
0,15000.0,13.99,C,690.0,694.0,4.67,47000.0,5.0,18.0,0.0
0,28000.0,7.35,A,680.0,684.0,9.8,135000.0,12.0,21.0,1.0
0,12000.0,16.99,D,670.0,674.0,13.94,52000.0,6.0,14.0,1.0
0,16000.0,11.44,B,740.0,744.0,17.2,70000.0,13.0,25.0,1.0
0,6850.0,13.49,C,750.0,754.0,30.75,45000.0,12.0,18.0,0.0
0,25000.0,12.74,C,675.0,679.0,10.85,75000.0,13.0,19.0,0.0
1,25000.0,6.72,A,805.0,809.0,1.0,60000.0,8.0,12.0,0.0
0,11500.0,11.39,B,680.0,684.0,26.55,40000.0,9.0,12.0,1.0
1,4800.0,14.08,C,675.0,679.0,13.36,20000.0,6.0,10.0,1.0
0,22400.0,7.97,A,690.0,694.0,25.69,115000.0,13.0,28.0,1.0
0,5000.0,8.24,B,675.0,679.0,10.39,92000.0,11.0,44.0,0.0
0,8000.0,7.97,A,690.0,694.0,22.34,50000.0,14.0,23.0,0.0
0,20000.0,7.07,A,755.0,759.0,20.44,97000.0,12.0,25.0,0.0
0,20000.0,15.05,C,685.0,689.0,16.46,86153.6,12.0,35.0,1.0
0,7000.0,16.02,C,665.0,669.0,30.24,30000.0,13.0,21.0,2.0
0,7900.0,18.99,D,680.0,684.0,14.29,22000.0,7.0,9.0,0.0
0,24000.0,16.02,C,715.0,719.0,22.77,150000.0,16.0,38.0,1.0
0,8400.0,13.99,C,710.0,714.0,30.48,48000.0,4.0,15.0,1.0
0,6600.0,9.44,B,665.0,669.0,22.97,22000.0,8.0,14.0,0.0
1,9300.0,16.02,C,670.0,674.0,16.24,51000.0,11.0,31.0,1.0
0,18000.0,7.99,A,785.0,789.0,27.21,59000.0,19.0,34.0,1.0
0,25000.0,8.24,B,720.0,724.0,33.55,110000.0,10.0,17.0,1.0
0,25000.0,13.99,C,675.0,679.0,8.41,133780.0,5.0,10.0,1.0
0,13000.0,7.35,A,695.0,699.0,27.9,75000.0,13.0,18.0,0.0
0,8450.0,9.44,B,700.0,704.0,11.34,95000.0,8.0,20.0,0.0
0,12000.0,13.99,C,660.0,664.0,7.76,67500.0,7.0,9.0,0.0
0,6400.0,26.24,E,750.0,754.0,21.14,23000.0,6.0,16.0,3.0
0,15000.0,16.02,C,710.0,714.0,29.82,40000.0,13.0,26.0,0.0
0,12000.0,7.49,A,695.0,699.0,10.12,125000.0,10.0,16.0,0.0
0,30000.0,7.24,A,730.0,734.0,8.64,90000.0,17.0,24.0,0.0
0,3000.0,6.99,A,695.0,699.0,10.18,85000.0,7.0,12.0,0.0
0,35000.0,15.99,C,680.0,684.0,3.99,139992.0,7.0,12.0,0.0
0,5725.0,23.88,E,695.0,699.0,7.64,30000.0,5.0,9.0,0.0
0,20000.0,7.97,A,690.0,694.0,9.99,112000.0,5.0,10.0,0.0
1,5325.0,30.99,G,680.0,684.0,24.71,51000.0,15.0,20.0,2.0
1,6400.0,16.02,C,680.0,684.0,14.35,45000.0,9.0,29.0,1.0
0,6000.0,10.49,B,705.0,709.0,15.72,30000.0,11.0,37.0,0.0
0,7525.0,11.39,B,685.0,689.0,15.49,42000.0,14.0,24.0,0.0
1,14000.0,13.49,C,660.0,664.0,17.11,102000.0,7.0,9.0,0.0
0,24000.0,16.99,D,660.0,664.0,23.58,110000.0,26.0,43.0,0.0
1,10000.0,10.42,B,760.0,764.0,1.0,30000.0,9.0,12.0,0.0
0,12000.0,10.49,B,695.0,699.0,26.67,54000.0,27.0,47.0,4.0
1,16000.0,13.99,C,685.0,689.0,23.44,70000.0,19.0,28.0,0.0
0,4000.0,8.24,B,665.0,669.0,16.51,25000.0,4.0,6.0,0.0
0,8000.0,13.49,C,700.0,704.0,10.56,90000.0,10.0,15.0,4.0
0,14400.0,11.39,B,700.0,704.0,11.77,36000.0,12.0,25.0,1.0
0,2000.0,11.44,B,725.0,729.0,8.86,42000.0,10.0,10.0,0.0
0,20000.0,16.02,C,670.0,674.0,18.18,78000.0,9.0,31.0,4.0
1,10000.0,7.21,A,695.0,699.0,28.1,88012.0,29.0,35.0,1.0
0,15000.0,8.24,B,685.0,689.0,29.61,85000.0,9.0,25.0,1.0
0,10000.0,7.99,A,725.0,729.0,12.2,78000.0,4.0,7.0,1.0
1,9000.0,23.99,E,665.0,669.0,19.18,55000.0,10.0,28.0,1.0
0,12000.0,12.62,C,690.0,694.0,11.97,45000.0,6.0,7.0,0.0
0,35000.0,11.49,B,670.0,674.0,14.86,58000.0,7.0,21.0,1.0
0,35000.0,13.59,C,670.0,674.0,15.98,98267.0,8.0,18.0,0.0
0,10000.0,15.05,C,660.0,664.0,15.92,65000.0,9.0,17.0,0.0
0,8000.0,14.99,C,660.0,664.0,10.03,44000.0,19.0,19.0,0.0
0,13000.0,10.49,B,725.0,729.0,8.44,65000.0,12.0,15.0,1.0
0,4000.0,11.49,B,670.0,674.0,31.67,33000.0,18.0,38.0,0.0
0,16000.0,7.24,A,765.0,769.0,28.77,120000.0,28.0,45.0,1.0
0,4800.0,14.99,C,675.0,679.0,22.36,21792.0,4.0,4.0,0.0
0,3025.0,11.44,B,720.0,724.0,22.61,35000.0,13.0,17.0,1.0
1,11000.0,9.93,B,665.0,669.0,7.04,60000.0,3.0,4.0,0.0
0,20000.0,5.32,A,785.0,789.0,21.61,150000.0,14.0,27.0,0.0
0,32000.0,18.99,D,660.0,664.0,8.05,262000.0,19.0,31.0,1.0
1,28000.0,21.45,D,665.0,669.0,10.29,160000.0,10.0,19.0,4.0
1,25000.0,21.49,D,670.0,674.0,23.71,58000.0,10.0,28.0,0.0
0,19000.0,7.21,A,750.0,754.0,25.83,65000.0,8.0,17.0,1.0
1,40000.0,19.03,D,695.0,699.0,11.19,190000.0,17.0,35.0,0.0
0,16000.0,11.44,B,720.0,724.0,11.8,94000.0,8.0,24.0,0.0
1,25000.0,15.05,C,660.0,664.0,14.97,130000.0,9.0,20.0,0.0
0,15000.0,11.49,B,790.0,794.0,16.02,110000.0,16.0,25.0,0.0
0,4800.0,10.42,B,670.0,674.0,21.61,92840.0,11.0,45.0,0.0
1,6000.0,13.49,C,675.0,679.0,24.06,22000.0,8.0,12.0,0.0
1,9275.0,22.91,E,695.0,699.0,32.8,42000.0,25.0,33.0,1.0
0,7500.0,12.74,C,675.0,679.0,11.93,51000.0,6.0,12.0,1.0
0,6000.0,11.49,B,705.0,709.0,9.59,68500.0,5.0,12.0,0.0
1,4000.0,13.59,C,690.0,694.0,14.19,60000.0,7.0,12.0,0.0
0,21600.0,11.39,B,735.0,739.0,17.44,60000.0,9.0,18.0,0.0
0,6000.0,14.08,C,670.0,674.0,20.78,70000.0,19.0,29.0,1.0
1,10500.0,14.08,C,670.0,674.0,24.31,31000.0,6.0,9.0,1.0
0,8000.0,11.49,B,685.0,689.0,2.88,49556.0,7.0,17.0,0.0
0,6500.0,13.59,C,670.0,674.0,19.44,57400.0,10.0,22.0,1.0
0,16000.0,5.32,A,720.0,724.0,6.64,148000.0,7.0,31.0,0.0
1,16000.0,12.62,C,740.0,744.0,17.15,48000.0,11.0,15.0,1.0
1,5600.0,17.99,D,690.0,694.0,18.13,20000.0,4.0,5.0,1.0
0,8000.0,12.74,C,695.0,699.0,11.07,27000.0,7.0,9.0,0.0
0,8500.0,10.49,B,690.0,694.0,29.26,52000.0,11.0,13.0,0.0
0,8000.0,7.21,A,755.0,759.0,26.28,70000.0,15.0,38.0,1.0
0,7500.0,11.44,B,700.0,704.0,12.44,102000.0,8.0,17.0,0.0
1,9000.0,17.99,D,715.0,719.0,13.1,40000.0,6.0,10.0,0.0
1,7000.0,13.49,C,680.0,684.0,26.56,42000.0,18.0,42.0,1.0
0,8000.0,11.49,B,680.0,684.0,22.67,48000.0,9.0,17.0,0.0
0,13200.0,6.99,A,745.0,749.0,12.17,85000.0,8.0,14.0,0.0
0,40000.0,11.99,B,700.0,704.0,2.61,250000.0,11.0,19.0,2.0
0,7200.0,5.32,A,750.0,754.0,21.42,66000.0,13.0,39.0,0.0
0,15000.0,7.49,A,715.0,719.0,15.33,61000.0,14.0,33.0,0.0
1,7000.0,11.49,B,665.0,669.0,24.74,34000.0,10.0,13.0,1.0
0,10000.0,13.99,C,660.0,664.0,29.2,70000.0,13.0,32.0,1.0
0,20000.0,9.93,B,660.0,664.0,13.49,150000.0,13.0,41.0,0.0
0,5500.0,12.74,C,675.0,679.0,20.22,39000.0,13.0,25.0,0.0
0,4800.0,10.49,B,675.0,679.0,3.54,47000.0,4.0,7.0,0.0
0,12600.0,12.74,C,700.0,704.0,22.94,86000.0,11.0,22.0,1.0
0,5000.0,8.24,B,725.0,729.0,25.24,86000.0,8.0,17.0,0.0
0,8000.0,18.06,D,665.0,669.0,28.06,60000.0,18.0,26.0,0.0
0,30000.0,13.59,C,670.0,674.0,5.31,120000.0,5.0,12.0,0.0
0,8400.0,7.07,A,740.0,744.0,11.06,65000.0,10.0,34.0,0.0
0,12600.0,5.32,A,750.0,754.0,15.47,74000.0,10.0,24.0,0.0
0,10000.0,5.32,A,745.0,749.0,13.11,150000.0,17.0,35.0,0.0
0,12000.0,11.49,B,670.0,674.0,7.33,250000.0,17.0,35.0,3.0
1,2900.0,7.97,A,760.0,764.0,10.6,65000.0,12.0,30.0,0.0
1,12000.0,16.02,C,665.0,669.0,23.18,62000.0,14.0,27.0,0.0
1,11200.0,15.99,C,660.0,664.0,20.94,62000.0,15.0,30.0,2.0
1,16975.0,16.99,D,660.0,664.0,29.39,50000.0,10.0,23.0,0.0
0,4000.0,11.44,B,685.0,689.0,11.54,60000.0,14.0,14.0,1.0
0,35000.0,14.08,C,660.0,664.0,7.49,115000.0,7.0,27.0,0.0
1,5000.0,9.93,B,670.0,674.0,6.74,150000.0,4.0,12.0,0.0
0,9800.0,11.99,B,665.0,669.0,20.26,67000.0,8.0,19.0,0.0
1,9000.0,16.02,C,670.0,674.0,27.11,80000.0,20.0,47.0,0.0
0,10000.0,5.32,A,770.0,774.0,7.38,95000.0,20.0,40.0,0.0
0,5000.0,9.93,B,665.0,669.0,16.61,25000.0,10.0,27.0,0.0
0,8000.0,28.69,F,680.0,684.0,20.47,55000.0,10.0,18.0,3.0
0,2000.0,5.32,A,790.0,794.0,12.65,65000.0,19.0,47.0,0.0
1,20000.0,17.99,D,670.0,674.0,31.99,125000.0,17.0,49.0,1.0
1,12000.0,10.49,B,715.0,719.0,23.5,96000.0,24.0,35.0,0.0
1,11850.0,16.99,D,660.0,664.0,26.06,70000.0,16.0,20.0,1.0
0,15600.0,7.21,A,735.0,739.0,16.86,80000.0,7.0,20.0,0.0
0,4000.0,8.24,B,675.0,679.0,15.0,60000.0,9.0,13.0,0.0
0,5000.0,10.91,B,710.0,714.0,11.94,36000.0,7.0,7.0,1.0
0,2500.0,8.24,B,675.0,679.0,13.3,50000.0,7.0,9.0,0.0
0,15000.0,8.24,B,660.0,664.0,14.49,82000.0,9.0,17.0,0.0
0,16800.0,20.0,D,660.0,664.0,9.17,90000.0,10.0,22.0,1.0
0,10000.0,8.24,B,665.0,669.0,16.92,62000.0,11.0,23.0,0.0
0,23000.0,11.44,B,660.0,664.0,18.84,130000.0,12.0,44.0,2.0
0,10000.0,7.97,A,720.0,724.0,29.76,50000.0,11.0,15.0,0.0
0,30000.0,18.99,D,675.0,679.0,15.62,104000.0,14.0,33.0,0.0
0,19125.0,17.99,D,675.0,679.0,11.49,205000.0,30.0,47.0,4.0
0,16000.0,12.74,C,675.0,679.0,17.16,95000.0,12.0,55.0,1.0
1,21000.0,22.74,E,665.0,669.0,23.15,110000.0,19.0,30.0,1.0
1,16325.0,23.99,E,705.0,709.0,31.79,43000.0,6.0,17.0,1.0
0,25000.0,12.74,C,695.0,699.0,2.91,180000.0,11.0,39.0,0.0
1,20800.0,9.93,B,730.0,734.0,7.44,61000.0,11.0,22.0,1.0
0,8000.0,5.32,A,775.0,779.0,12.34,210000.0,12.0,42.0,0.0
0,15000.0,13.49,C,710.0,714.0,26.02,70000.0,11.0,17.0,0.0
0,7000.0,10.49,B,740.0,744.0,18.68,48000.0,16.0,21.0,0.0
1,15000.0,9.93,B,685.0,689.0,31.43,95000.0,14.0,45.0,1.0
0,18400.0,19.03,D,660.0,664.0,30.27,79000.0,27.0,54.0,0.0
0,3600.0,17.09,D,710.0,714.0,28.04,120000.0,17.0,20.0,1.0
1,15000.0,13.59,C,675.0,679.0,15.07,105000.0,21.0,40.0,1.0
0,1200.0,15.05,C,750.0,754.0,13.96,33280.0,10.0,12.0,0.0
0,12000.0,12.62,C,670.0,674.0,29.58,80000.0,12.0,21.0,0.0
1,10000.0,11.99,B,660.0,664.0,16.38,75000.0,18.0,27.0,0.0
1,3500.0,23.88,E,675.0,679.0,23.77,60000.0,19.0,42.0,1.0
0,5100.0,11.49,B,705.0,709.0,20.94,39500.0,6.0,10.0,0.0
0,16000.0,10.49,B,665.0,669.0,21.57,105892.0,16.0,31.0,0.0
0,6025.0,17.99,D,700.0,704.0,26.93,52000.0,11.0,34.0,1.0
0,20000.0,11.99,B,740.0,744.0,19.22,52000.0,3.0,8.0,0.0
0,7000.0,10.49,B,690.0,694.0,15.01,51000.0,7.0,18.0,1.0
0,8000.0,14.99,C,670.0,674.0,29.6,35000.0,10.0,12.0,0.0
1,28000.0,10.42,B,665.0,669.0,28.8,75000.0,22.0,51.0,1.0
1,12000.0,11.44,B,675.0,679.0,9.17,70000.0,7.0,21.0,0.0
0,11200.0,7.49,A,715.0,719.0,5.74,140000.0,12.0,17.0,1.0
0,10000.0,13.99,C,675.0,679.0,8.43,200000.0,12.0,17.0,0.0
0,10000.0,14.99,C,680.0,684.0,28.32,27000.0,10.0,19.0,1.0
0,8000.0,9.93,B,675.0,679.0,14.13,185000.0,16.0,32.0,1.0
0,15000.0,12.74,C,705.0,709.0,16.44,46800.0,5.0,6.0,0.0
0,14000.0,11.49,B,700.0,704.0,25.57,170000.0,18.0,55.0,0.0
0,5000.0,10.42,B,670.0,674.0,23.25,61000.0,12.0,50.0,2.0
0,6000.0,8.24,B,675.0,679.0,18.93,65000.0,6.0,9.0,0.0
1,8000.0,15.05,C,660.0,664.0,56.72,15000.0,8.0,9.0,0.0
1,20000.0,22.74,E,685.0,689.0,26.24,50000.0,9.0,24.0,1.0
1,1600.0,21.45,D,670.0,674.0,22.91,42000.0,17.0,31.0,0.0
0,22375.0,19.99,D,675.0,679.0,24.99,120000.0,15.0,23.0,0.0
0,4475.0,13.99,C,680.0,684.0,13.51,50000.0,6.0,10.0,0.0
0,7400.0,6.99,A,785.0,789.0,30.27,45000.0,17.0,61.0,0.0
0,10000.0,5.32,A,750.0,754.0,4.84,65000.0,3.0,26.0,0.0
1,8000.0,13.59,C,680.0,684.0,33.47,45000.0,24.0,28.0,1.0
1,12500.0,17.09,D,715.0,719.0,11.93,50000.0,6.0,10.0,1.0
0,25000.0,14.08,C,695.0,699.0,24.54,68000.0,17.0,23.0,0.0
0,9000.0,30.84,G,665.0,669.0,23.34,22991.5,12.0,13.0,0.0
0,13000.0,11.44,B,745.0,749.0,25.88,98440.0,22.0,35.0,3.0
1,6000.0,18.99,D,670.0,674.0,24.84,42000.0,10.0,39.0,1.0
0,10000.0,11.39,B,735.0,739.0,29.84,60000.0,14.0,20.0,2.0
0,5000.0,7.24,A,750.0,754.0,23.74,120000.0,28.0,37.0,1.0
0,5000.0,11.99,B,685.0,689.0,29.51,34000.0,14.0,27.0,0.0
1,35000.0,16.02,C,710.0,714.0,14.67,108000.0,4.0,17.0,3.0
0,12000.0,11.39,B,670.0,674.0,20.63,100000.0,21.0,37.0,2.0
0,7000.0,6.99,A,720.0,724.0,17.18,49771.0,18.0,52.0,1.0
0,6000.0,8.24,B,660.0,664.0,10.65,79000.0,8.0,20.0,0.0
0,27425.0,11.39,B,775.0,779.0,21.42,91000.0,25.0,34.0,0.0
1,35000.0,15.99,C,745.0,749.0,7.41,93511.0,3.0,9.0,0.0
1,12000.0,9.44,B,660.0,664.0,9.24,60000.0,4.0,13.0,0.0
0,14400.0,13.59,C,715.0,719.0,28.81,55000.0,6.0,9.0,0.0
0,7500.0,11.49,B,695.0,699.0,2.42,69000.0,9.0,12.0,0.0
0,15000.0,8.24,B,695.0,699.0,29.36,45000.0,20.0,36.0,0.0
0,5200.0,13.99,C,680.0,684.0,10.25,33000.0,10.0,12.0,1.0
0,2500.0,7.35,A,760.0,764.0,21.01,65000.0,17.0,25.0,0.0
1,8500.0,19.03,D,660.0,664.0,27.24,25000.0,4.0,30.0,1.0
0,3600.0,10.91,B,675.0,679.0,22.13,27000.0,8.0,26.0,0.0
0,9600.0,7.49,A,730.0,734.0,10.9,65735.0,15.0,22.0,1.0
0,24900.0,26.3,E,670.0,674.0,4.72,250000.0,5.0,9.0,0.0
1,6000.0,10.91,B,670.0,674.0,24.17,40000.0,16.0,54.0,0.0
0,40000.0,18.99,D,765.0,769.0,1.1,130000.0,7.0,15.0,1.0
0,7000.0,15.99,C,670.0,674.0,4.34,42000.0,6.0,7.0,0.0
0,29075.0,18.06,D,700.0,704.0,19.12,160000.0,14.0,25.0,2.0
0,5750.0,16.02,C,695.0,699.0,23.93,18000.0,5.0,10.0,0.0
0,8400.0,8.24,B,675.0,679.0,10.56,62400.0,6.0,22.0,0.0
0,18000.0,7.24,A,700.0,704.0,8.43,78000.0,7.0,20.0,1.0
0,16000.0,7.35,A,700.0,704.0,25.0,76323.0,9.0,17.0,0.0
0,7675.0,18.06,D,670.0,674.0,10.58,54000.0,13.0,23.0,0.0
0,9000.0,13.99,C,695.0,699.0,22.43,120000.0,9.0,36.0,0.0
1,11250.0,16.02,C,680.0,684.0,31.06,32000.0,9.0,26.0,2.0
0,24000.0,5.32,A,720.0,724.0,11.78,325000.0,15.0,24.0,0.0
0,25000.0,12.62,C,675.0,679.0,32.69,36500.0,7.0,9.0,0.0
0,17950.0,18.99,D,680.0,684.0,14.17,52000.0,5.0,6.0,0.0
1,12000.0,19.99,D,670.0,674.0,34.86,36000.0,13.0,18.0,0.0
0,12000.0,18.99,D,665.0,669.0,27.26,52000.0,14.0,38.0,1.0
0,25000.0,11.49,B,665.0,669.0,11.18,160000.0,25.0,45.0,0.0
1,23450.0,22.91,E,700.0,704.0,7.18,51000.0,11.0,22.0,0.0
0,3000.0,15.05,C,685.0,689.0,25.28,30000.0,5.0,8.0,1.0
0,6000.0,25.49,E,680.0,684.0,31.41,36480.0,6.0,13.0,0.0
0,3000.0,13.99,C,700.0,704.0,27.06,34500.0,10.0,17.0,0.0
1,22550.0,18.06,D,670.0,674.0,15.89,86000.0,10.0,22.0,0.0
0,12000.0,5.32,A,775.0,779.0,18.93,53000.0,10.0,17.0,0.0
0,15000.0,13.49,C,660.0,664.0,4.43,90000.0,18.0,28.0,1.0
0,35000.0,7.21,A,730.0,734.0,5.31,165000.0,9.0,23.0,0.0
0,40000.0,11.49,B,720.0,724.0,7.43,165000.0,6.0,16.0,0.0
0,10000.0,9.93,B,695.0,699.0,10.6,150000.0,19.0,20.0,0.0
0,13000.0,14.99,C,725.0,729.0,25.55,52000.0,14.0,20.0,0.0
0,11200.0,6.99,A,735.0,739.0,15.3,283000.0,25.0,36.0,1.0
0,5000.0,15.05,C,675.0,679.0,9.56,54870.0,9.0,17.0,0.0
1,8000.0,16.02,C,660.0,664.0,31.92,52000.0,18.0,30.0,0.0
0,40000.0,7.24,A,720.0,724.0,26.74,200000.0,23.0,65.0,0.0
0,10000.0,7.24,A,715.0,719.0,10.55,73000.0,9.0,25.0,1.0
0,6000.0,10.49,B,670.0,674.0,13.59,61000.0,9.0,33.0,0.0
0,6000.0,11.39,B,705.0,709.0,12.03,56160.0,4.0,7.0,0.0
0,24000.0,7.35,A,710.0,714.0,9.83,180000.0,13.0,24.0,0.0
1,6000.0,11.44,B,700.0,704.0,21.76,32000.0,10.0,14.0,0.0
0,19075.0,15.99,C,705.0,709.0,29.46,53000.0,11.0,18.0,0.0
0,25000.0,11.44,B,700.0,704.0,21.89,110000.0,10.0,19.0,0.0
0,7500.0,11.99,B,710.0,714.0,22.79,68000.0,18.0,40.0,0.0
0,6000.0,12.62,C,675.0,679.0,25.74,49000.0,10.0,23.0,1.0
0,20000.0,20.0,D,665.0,669.0,13.78,50000.0,7.0,15.0,0.0
1,8000.0,16.02,C,660.0,664.0,24.73,35433.0,7.0,8.0,0.0
1,5000.0,18.06,D,660.0,664.0,22.9,60000.0,9.0,13.0,1.0
0,10200.0,10.91,B,670.0,674.0,16.9,70000.0,22.0,34.0,1.0
0,13450.0,16.02,C,700.0,704.0,21.76,63860.02,12.0,30.0,0.0
0,30000.0,7.24,A,775.0,779.0,8.29,115000.0,12.0,22.0,0.0
0,2800.0,13.99,C,670.0,674.0,2.55,40000.0,6.0,14.0,0.0
0,6000.0,12.74,C,725.0,729.0,29.01,53000.0,21.0,47.0,3.0
0,4800.0,11.39,B,755.0,759.0,20.82,80000.0,12.0,29.0,2.0
0,16000.0,12.74,C,680.0,684.0,15.76,53000.0,24.0,47.0,1.0
0,10000.0,19.99,D,680.0,684.0,15.38,56500.0,10.0,23.0,0.0
1,10000.0,10.49,B,670.0,674.0,32.7,48000.0,11.0,32.0,0.0
0,10000.0,8.24,B,710.0,714.0,37.86,62000.0,17.0,27.0,0.0
0,20000.0,14.99,C,670.0,674.0,14.26,147000.0,27.0,33.0,1.0
1,12000.0,8.24,B,705.0,709.0,13.07,80000.0,12.0,17.0,0.0
1,1000.0,18.06,D,710.0,714.0,37.81,50000.0,14.0,19.0,2.0
0,7200.0,10.42,B,770.0,774.0,10.27,50000.0,9.0,30.0,2.0
0,6000.0,7.21,A,700.0,704.0,19.17,72000.0,9.0,18.0,1.0
0,2500.0,13.49,C,700.0,704.0,10.94,42000.0,6.0,20.0,0.0
0,10000.0,10.49,B,715.0,719.0,8.41,500000.0,12.0,26.0,0.0
0,10000.0,11.49,B,660.0,664.0,20.29,54000.0,8.0,13.0,0.0
0,6000.0,11.49,B,665.0,669.0,25.16,47500.0,8.0,26.0,1.0
0,15000.0,14.08,C,695.0,699.0,14.75,38000.0,11.0,12.0,0.0
0,15000.0,6.99,A,755.0,759.0,8.15,110000.0,11.0,19.0,1.0
1,5200.0,12.62,C,680.0,684.0,22.19,47002.0,10.0,15.0,0.0
1,3000.0,10.91,B,730.0,734.0,34.23,8000.0,4.0,6.0,0.0
0,8675.0,10.49,B,685.0,689.0,15.44,100000.0,8.0,20.0,1.0
0,10000.0,14.99,C,710.0,714.0,24.37,27000.0,13.0,17.0,0.0
0,6000.0,7.24,A,700.0,704.0,22.39,35000.0,14.0,24.0,0.0
1,2000.0,15.99,C,710.0,714.0,7.36,20000.0,2.0,4.0,0.0
1,20000.0,17.09,D,705.0,709.0,32.01,53000.0,34.0,54.0,0.0
0,6000.0,11.44,B,660.0,664.0,5.6,60000.0,8.0,9.0,0.0
0,1500.0,7.99,A,700.0,704.0,9.9,48000.0,9.0,13.0,0.0
0,15000.0,6.99,A,775.0,779.0,12.66,100000.0,12.0,26.0,0.0
0,7400.0,12.74,C,700.0,704.0,30.68,30000.0,9.0,14.0,1.0
0,5600.0,8.24,B,725.0,729.0,15.96,40000.0,6.0,9.0,0.0
0,8000.0,13.99,C,665.0,669.0,11.83,25000.0,14.0,14.0,0.0
0,7000.0,12.62,C,685.0,689.0,25.38,71000.0,7.0,13.0,0.0
1,9000.0,10.42,B,660.0,664.0,6.06,44000.0,4.0,8.0,0.0
1,3500.0,10.42,B,670.0,674.0,26.27,37000.0,11.0,17.0,0.0
0,15000.0,5.32,A,780.0,784.0,11.41,117270.0,14.0,23.0,0.0
0,6000.0,7.99,A,765.0,769.0,14.16,50000.0,8.0,8.0,1.0
0,6000.0,5.32,A,685.0,689.0,9.49,38069.0,3.0,22.0,0.0
0,6000.0,11.44,B,695.0,699.0,17.56,54000.0,12.0,19.0,0.0
0,9350.0,12.62,C,690.0,694.0,15.1,26000.0,12.0,21.0,0.0
1,15000.0,14.08,C,675.0,679.0,18.12,60000.0,10.0,19.0,0.0
0,32200.0,14.99,C,670.0,674.0,28.46,95000.0,16.0,42.0,0.0
0,10200.0,8.24,B,700.0,704.0,21.69,55000.0,9.0,24.0,0.0
1,5000.0,9.44,B,755.0,759.0,11.57,40000.0,20.0,22.0,2.0
0,9600.0,18.06,D,665.0,669.0,20.69,32000.0,11.0,12.0,0.0
1,10000.0,16.02,C,705.0,709.0,18.55,27040.0,14.0,14.0,0.0
0,20000.0,7.21,A,720.0,724.0,12.04,105191.58,5.0,13.0,0.0
0,6000.0,15.99,C,660.0,664.0,30.35,45000.0,7.0,20.0,0.0
0,3000.0,19.03,D,670.0,674.0,24.13,65000.0,18.0,21.0,0.0
0,7500.0,7.07,A,725.0,729.0,23.59,35000.0,8.0,17.0,0.0
0,15000.0,7.35,A,790.0,794.0,17.78,55000.0,7.0,19.0,0.0
0,6650.0,16.99,D,660.0,664.0,13.71,54000.0,11.0,19.0,1.0
1,5000.0,7.97,A,660.0,664.0,15.8,37000.0,4.0,15.0,0.0
1,20000.0,20.0,D,665.0,669.0,9.96,120000.0,16.0,34.0,0.0
0,7200.0,9.93,B,690.0,694.0,9.98,110000.0,7.0,13.0,0.0
1,8900.0,23.88,E,675.0,679.0,7.2,30000.0,20.0,33.0,3.0
0,35000.0,8.24,B,675.0,679.0,6.21,509000.0,10.0,19.0,0.0
0,27000.0,10.42,B,680.0,684.0,9.45,85000.0,6.0,15.0,0.0
0,5000.0,7.21,A,740.0,744.0,3.6,55000.0,21.0,48.0,0.0
0,7000.0,17.99,D,705.0,709.0,31.71,70000.0,12.0,27.0,0.0
0,19200.0,15.05,C,695.0,699.0,28.01,96000.0,15.0,34.0,0.0
1,9700.0,23.88,E,720.0,724.0,25.2,45250.0,8.0,9.0,0.0
0,9600.0,11.39,B,670.0,674.0,14.77,72500.0,13.0,21.0,0.0
0,1200.0,11.49,B,670.0,674.0,22.87,36000.0,11.0,16.0,1.0
0,10000.0,5.32,A,780.0,784.0,19.7,55000.0,25.0,35.0,0.0
0,9600.0,12.62,C,675.0,679.0,12.57,61000.0,8.0,27.0,0.0
0,8000.0,11.99,B,665.0,669.0,6.13,24653.0,4.0,14.0,0.0
0,10000.0,7.49,A,780.0,784.0,19.87,34000.0,11.0,26.0,0.0
0,37000.0,7.21,A,820.0,824.0,9.33,110000.0,23.0,39.0,1.0
0,11050.0,13.99,C,680.0,684.0,23.71,45000.0,11.0,23.0,1.0
1,20000.0,13.99,C,685.0,689.0,12.57,82900.0,8.0,9.0,1.0
0,1800.0,5.32,A,730.0,734.0,4.99,93000.0,8.0,25.0,0.0
1,34775.0,12.74,C,695.0,699.0,7.91,154000.0,7.0,29.0,1.0
1,3600.0,17.99,D,685.0,689.0,10.95,65000.0,7.0,8.0,2.0
0,7000.0,11.39,B,695.0,699.0,30.02,70000.0,14.0,17.0,0.0
0,35000.0,22.91,E,690.0,694.0,26.82,120000.0,12.0,21.0,0.0
0,3000.0,14.99,C,660.0,664.0,32.13,35000.0,14.0,19.0,0.0
1,6000.0,13.99,C,670.0,674.0,13.83,48000.0,6.0,11.0,0.0
0,13000.0,11.99,B,685.0,689.0,1.04,60000.0,5.0,9.0,0.0
1,35000.0,12.74,C,670.0,674.0,28.41,70000.0,6.0,10.0,1.0
1,27000.0,9.93,B,700.0,704.0,21.9,132000.0,27.0,59.0,0.0
0,8000.0,13.99,C,705.0,709.0,2.71,50000.0,2.0,2.0,0.0
0,7000.0,16.02,C,660.0,664.0,11.16,45501.0,3.0,7.0,2.0
1,12800.0,10.42,B,675.0,679.0,16.99,98000.0,9.0,33.0,1.0
0,14000.0,11.44,B,705.0,709.0,18.54,140000.0,65.0,74.0,0.0
1,4000.0,13.59,C,665.0,669.0,28.76,50000.0,8.0,13.0,0.0
0,32000.0,7.24,A,705.0,709.0,13.42,33000.0,4.0,29.0,0.0
0,7000.0,10.42,B,690.0,694.0,12.53,25000.0,8.0,10.0,0.0
0,8400.0,7.97,A,720.0,724.0,24.82,145000.0,20.0,39.0,0.0
0,35000.0,13.99,C,680.0,684.0,20.15,140000.0,24.0,40.0,0.0
1,10000.0,11.49,B,675.0,679.0,29.84,30000.0,9.0,16.0,0.0
0,1500.0,12.74,C,665.0,669.0,13.03,64000.0,6.0,8.0,0.0
1,24000.0,7.97,A,685.0,689.0,30.43,75000.0,14.0,26.0,1.0
1,10000.0,15.05,C,660.0,664.0,13.78,62000.0,9.0,11.0,1.0
1,3250.0,7.21,A,785.0,789.0,4.76,53154.0,4.0,10.0,0.0
0,30000.0,14.08,C,700.0,704.0,30.02,80000.0,8.0,31.0,0.0
0,20000.0,7.24,A,760.0,764.0,8.18,60000.0,12.0,26.0,2.0
0,8400.0,11.44,B,660.0,664.0,16.2,42000.0,6.0,16.0,1.0
0,35000.0,18.06,D,770.0,774.0,27.87,90000.0,13.0,15.0,1.0
0,15000.0,10.49,B,750.0,754.0,12.96,40000.0,10.0,18.0,0.0
0,5000.0,11.49,B,685.0,689.0,23.75,33000.0,18.0,30.0,0.0
0,13000.0,12.74,C,820.0,824.0,0.83,58000.0,3.0,3.0,0.0
0,10000.0,16.99,D,660.0,664.0,12.44,38100.0,7.0,8.0,0.0
0,10000.0,10.42,B,740.0,744.0,21.63,45000.0,12.0,16.0,1.0
0,16000.0,11.49,B,705.0,709.0,15.58,67000.0,12.0,31.0,1.0
0,8000.0,13.49,C,715.0,719.0,6.32,72000.0,5.0,13.0,0.0
0,20000.0,5.32,A,835.0,839.0,10.71,115000.0,20.0,52.0,0.0
0,10000.0,10.49,B,675.0,679.0,13.4,110000.0,10.0,22.0,1.0
0,12000.0,11.39,B,685.0,689.0,12.48,68000.0,12.0,23.0,0.0
0,18000.0,16.99,D,680.0,684.0,31.79,64000.0,16.0,27.0,0.0
0,10000.0,8.24,B,675.0,679.0,14.64,50000.0,7.0,11.0,0.0
0,13000.0,8.24,B,660.0,664.0,13.62,120000.0,10.0,19.0,0.0
0,35000.0,5.32,A,735.0,739.0,14.55,223000.0,9.0,20.0,0.0
0,28000.0,7.49,A,690.0,694.0,8.04,90000.0,6.0,13.0,0.0
1,21000.0,14.08,C,680.0,684.0,17.42,150000.0,12.0,40.0,2.0
0,4000.0,13.99,C,690.0,694.0,14.34,98000.0,5.0,8.0,0.0
0,20700.0,8.24,B,710.0,714.0,20.8,45000.0,13.0,23.0,0.0
0,7000.0,13.59,C,715.0,719.0,32.25,90000.0,15.0,23.0,1.0
0,20000.0,16.02,C,715.0,719.0,16.24,120000.0,14.0,64.0,0.0
0,6000.0,12.74,C,670.0,674.0,11.3,60000.0,5.0,7.0,1.0
0,15000.0,12.74,C,660.0,664.0,17.1,60000.0,8.0,9.0,1.0
1,7200.0,9.44,B,660.0,664.0,6.19,54000.0,11.0,13.0,0.0
0,40000.0,18.06,D,705.0,709.0,28.61,94000.0,22.0,32.0,0.0
0,2500.0,11.49,B,715.0,719.0,23.51,46000.0,11.0,25.0,1.0
0,8000.0,8.24,B,690.0,694.0,29.63,52000.0,14.0,21.0,0.0
0,16000.0,11.49,B,660.0,664.0,16.71,76000.0,7.0,13.0,0.0
0,3000.0,11.49,B,700.0,704.0,15.84,46000.0,8.0,16.0,2.0
1,25000.0,14.99,C,680.0,684.0,15.6,70000.0,10.0,34.0,1.0
0,11500.0,7.21,A,735.0,739.0,10.51,58000.0,23.0,40.0,1.0
1,8475.0,13.59,C,665.0,669.0,18.18,62400.0,11.0,25.0,0.0
0,13700.0,18.99,D,660.0,664.0,14.47,100000.0,13.0,19.0,5.0
1,4500.0,11.39,B,675.0,679.0,9.64,55000.0,7.0,9.0,0.0
0,5000.0,11.44,B,680.0,684.0,9.59,138000.0,7.0,34.0,1.0
0,6000.0,10.91,B,670.0,674.0,28.98,60000.0,7.0,29.0,4.0
1,7200.0,13.49,C,665.0,669.0,8.93,43000.0,6.0,10.0,0.0
0,11700.0,11.99,B,700.0,704.0,24.16,105000.0,9.0,27.0,0.0
1,28325.0,21.49,D,665.0,669.0,26.44,140000.0,12.0,22.0,1.0
0,10000.0,5.32,A,725.0,729.0,19.8,80000.0,11.0,21.0,0.0
0,9600.0,8.24,B,730.0,734.0,21.39,68000.0,10.0,26.0,0.0
0,10000.0,5.32,A,795.0,799.0,21.41,45000.0,5.0,12.0,1.0
0,6000.0,9.44,B,735.0,739.0,9.37,80000.0,15.0,29.0,1.0
0,4000.0,13.99,C,715.0,719.0,0.6,50000.0,4.0,18.0,0.0
0,3150.0,7.24,A,750.0,754.0,23.36,60000.0,10.0,26.0,0.0
0,12600.0,25.49,E,665.0,669.0,32.58,35000.0,13.0,17.0,0.0
0,6500.0,6.99,A,695.0,699.0,8.4,45000.0,19.0,29.0,1.0
0,9000.0,12.74,C,670.0,674.0,25.45,48000.0,14.0,15.0,0.0
0,6000.0,11.39,B,705.0,709.0,26.13,54000.0,16.0,46.0,1.0
0,10000.0,5.32,A,735.0,739.0,11.18,110000.0,9.0,14.0,0.0
0,1600.0,12.62,C,765.0,769.0,6.55,50000.0,9.0,19.0,2.0
1,6000.0,10.42,B,675.0,679.0,13.0,42000.0,7.0,8.0,2.0
0,10000.0,11.39,B,740.0,744.0,9.14,130000.0,9.0,12.0,3.0
0,14400.0,10.42,B,660.0,664.0,27.09,95000.0,17.0,27.0,0.0
0,5000.0,10.91,B,690.0,694.0,8.95,55000.0,4.0,4.0,0.0
1,25000.0,7.35,A,790.0,794.0,18.95,78000.0,25.0,31.0,1.0
1,13000.0,16.99,D,670.0,674.0,14.26,50000.0,6.0,28.0,1.0
0,6000.0,12.74,C,660.0,664.0,25.29,40000.0,7.0,10.0,2.0
0,10000.0,10.42,B,695.0,699.0,5.69,70000.0,10.0,13.0,0.0
0,35000.0,8.24,B,695.0,699.0,7.01,187500.0,11.0,18.0,0.0
0,14400.0,15.99,C,670.0,674.0,2.49,260000.0,7.0,7.0,0.0
1,12600.0,18.06,D,660.0,664.0,28.44,30000.0,11.0,16.0,0.0
0,15000.0,11.44,B,765.0,769.0,20.88,40000.0,15.0,20.0,3.0
0,4800.0,6.99,A,685.0,689.0,15.38,80000.0,9.0,25.0,0.0
0,35000.0,11.49,B,700.0,704.0,21.15,105000.0,17.0,45.0,0.0
0,2500.0,7.97,A,700.0,704.0,12.16,45000.0,9.0,9.0,1.0
1,17600.0,17.99,D,685.0,689.0,20.26,40000.0,35.0,45.0,1.0
1,3600.0,11.39,B,710.0,714.0,19.44,45000.0,18.0,44.0,1.0
1,18000.0,11.99,B,685.0,689.0,6.26,78000.0,15.0,16.0,2.0
0,6500.0,17.99,D,690.0,694.0,24.2,125000.0,24.0,43.0,3.0
0,36000.0,13.59,C,735.0,739.0,23.4,90000.0,7.0,17.0,0.0
0,3600.0,12.62,C,690.0,694.0,22.91,68000.0,5.0,11.0,0.0
0,6400.0,7.97,A,685.0,689.0,25.34,69000.0,15.0,28.0,0.0
0,15000.0,15.05,C,660.0,664.0,20.3,48000.0,12.0,22.0,1.0
0,7000.0,13.49,C,720.0,724.0,24.39,50000.0,10.0,24.0,1.0
1,6050.0,21.45,D,660.0,664.0,15.84,66000.0,11.0,17.0,4.0
0,18400.0,19.99,D,670.0,674.0,23.18,40000.0,15.0,24.0,1.0
0,12000.0,9.93,B,675.0,679.0,23.98,75000.0,9.0,24.0,0.0
0,8000.0,20.0,D,660.0,664.0,34.11,62000.0,12.0,21.0,1.0
0,30000.0,10.49,B,660.0,664.0,1.84,285000.0,5.0,12.0,0.0
0,4000.0,10.49,B,675.0,679.0,22.71,50000.0,8.0,8.0,0.0
0,7550.0,11.39,B,675.0,679.0,11.21,50000.0,5.0,9.0,0.0
1,10000.0,10.91,B,660.0,664.0,12.85,75000.0,5.0,12.0,1.0
0,28000.0,12.74,C,710.0,714.0,32.82,88423.0,12.0,30.0,0.0
0,10000.0,11.99,B,660.0,664.0,14.0,95000.0,16.0,20.0,1.0
0,7300.0,11.44,B,675.0,679.0,18.12,32000.0,10.0,13.0,1.0
0,15000.0,7.99,A,680.0,684.0,12.98,75000.0,6.0,18.0,1.0
0,7200.0,6.99,A,715.0,719.0,19.42,85000.0,11.0,34.0,0.0
0,6400.0,5.32,A,740.0,744.0,30.43,100000.0,22.0,46.0,0.0
1,15000.0,11.99,B,665.0,669.0,19.68,70000.0,6.0,9.0,0.0
1,12000.0,12.74,C,675.0,679.0,20.48,50000.0,13.0,15.0,1.0
0,4000.0,5.32,A,805.0,809.0,10.83,150000.0,12.0,26.0,1.0
0,11000.0,7.21,A,740.0,744.0,14.16,60000.0,16.0,26.0,1.0
0,10000.0,12.62,C,670.0,674.0,18.22,55000.0,10.0,27.0,0.0
0,3000.0,11.44,B,750.0,754.0,14.08,30000.0,18.0,35.0,2.0
0,8000.0,6.99,A,730.0,734.0,19.33,100000.0,13.0,23.0,0.0
0,6000.0,11.49,B,660.0,664.0,14.24,65000.0,7.0,17.0,0.0
0,20000.0,9.93,B,720.0,724.0,26.36,50000.0,11.0,19.0,0.0
0,6400.0,7.35,A,735.0,739.0,18.48,75000.0,11.0,21.0,1.0
0,3500.0,10.42,B,750.0,754.0,21.92,30600.0,11.0,22.0,1.0
0,20000.0,11.39,B,680.0,684.0,34.24,70000.0,16.0,29.0,0.0
1,3000.0,20.0,D,660.0,664.0,15.9,69000.0,10.0,13.0,1.0
0,11900.0,5.32,A,770.0,774.0,11.05,105000.0,9.0,31.0,0.0
0,8325.0,18.99,D,675.0,679.0,10.24,24500.0,10.0,11.0,0.0
0,7500.0,12.74,C,680.0,684.0,13.95,75000.0,6.0,10.0,0.0
0,10000.0,10.91,B,670.0,674.0,32.85,68000.0,21.0,41.0,2.0
1,5000.0,14.08,C,675.0,679.0,22.21,20000.0,3.0,9.0,0.0
0,17000.0,7.24,A,705.0,709.0,16.7,173000.0,9.0,23.0,1.0
0,20000.0,10.49,B,665.0,669.0,12.27,140000.0,11.0,19.0,2.0
0,6000.0,11.49,B,710.0,714.0,29.13,52000.0,14.0,21.0,1.0
0,10050.0,11.49,B,670.0,674.0,24.07,36000.0,9.0,22.0,1.0
0,20000.0,12.74,C,680.0,684.0,19.34,75000.0,27.0,39.0,1.0
0,6000.0,10.91,B,705.0,709.0,19.36,200500.0,16.0,36.0,0.0
0,4000.0,10.42,B,685.0,689.0,6.05,100000.0,5.0,10.0,0.0
0,35000.0,13.49,C,675.0,679.0,12.69,96000.0,7.0,23.0,0.0
0,7000.0,5.32,A,730.0,734.0,23.56,65000.0,6.0,27.0,0.0
0,3000.0,15.99,C,680.0,684.0,11.2,15000.0,3.0,3.0,1.0
0,3950.0,13.49,C,665.0,669.0,10.68,165000.0,7.0,17.0,0.0
1,25000.0,15.05,C,680.0,684.0,14.64,65000.0,11.0,21.0,3.0
0,32000.0,7.49,A,725.0,729.0,23.81,120000.0,11.0,15.0,0.0
0,30000.0,11.49,B,700.0,704.0,16.88,103000.0,5.0,13.0,0.0
0,15000.0,11.99,B,660.0,664.0,20.1,52000.0,8.0,16.0,0.0
0,8000.0,8.24,B,660.0,664.0,14.72,90000.0,5.0,15.0,0.0
0,1800.0,16.02,C,660.0,664.0,19.35,32000.0,6.0,6.0,0.0
0,16000.0,6.99,A,715.0,719.0,18.8,80800.0,9.0,23.0,0.0
0,10000.0,12.74,C,670.0,674.0,27.88,60000.0,6.0,13.0,0.0
0,2000.0,12.62,C,660.0,664.0,18.34,115000.0,17.0,34.0,1.0
0,16800.0,12.62,C,660.0,664.0,14.14,72000.0,8.0,13.0,0.0
1,26900.0,12.62,C,720.0,724.0,18.55,70000.0,11.0,19.0,0.0
1,12225.0,21.49,D,670.0,674.0,34.22,35000.0,5.0,8.0,0.0
0,12500.0,7.35,A,730.0,734.0,23.11,43000.0,17.0,29.0,0.0
0,14000.0,15.99,C,680.0,684.0,20.36,100000.0,13.0,21.0,0.0
0,10000.0,11.49,B,665.0,669.0,12.7,48000.0,13.0,22.0,0.0
0,20000.0,16.02,C,675.0,679.0,15.72,60000.0,8.0,11.0,0.0
1,4000.0,12.62,C,685.0,689.0,28.3,75000.0,11.0,26.0,0.0
1,6075.0,23.88,E,670.0,674.0,20.99,35000.0,7.0,8.0,0.0
0,12000.0,8.24,B,710.0,714.0,26.8,30000.0,10.0,16.0,0.0
1,15000.0,14.08,C,685.0,689.0,16.96,28000.0,7.0,18.0,0.0
0,4500.0,12.74,C,685.0,689.0,15.47,85000.0,6.0,7.0,1.0
0,2000.0,11.49,B,675.0,679.0,20.32,57000.0,5.0,6.0,0.0
1,20000.0,19.03,D,665.0,669.0,30.9,60000.0,14.0,26.0,0.0
0,2000.0,16.99,D,665.0,669.0,17.76,60000.0,12.0,34.0,0.0
0,10175.0,11.49,B,680.0,684.0,14.42,112020.0,17.0,36.0,2.0
0,9000.0,6.99,A,730.0,734.0,17.44,81000.0,7.0,32.0,0.0
0,5000.0,12.74,C,715.0,719.0,33.64,90000.0,5.0,14.0,0.0
0,40000.0,22.91,E,750.0,754.0,13.55,103000.0,6.0,41.0,1.0
1,3000.0,11.99,B,720.0,724.0,47.54,59000.0,8.0,19.0,0.0
0,19200.0,10.42,B,700.0,704.0,9.61,92250.0,6.0,13.0,0.0
0,14400.0,10.42,B,670.0,674.0,20.7,120000.0,14.0,26.0,1.0
0,8000.0,5.32,A,775.0,779.0,8.12,121000.0,18.0,40.0,2.0
0,18875.0,25.49,E,690.0,694.0,32.77,49680.0,13.0,23.0,2.0
1,4500.0,15.05,C,680.0,684.0,25.33,14496.0,8.0,10.0,0.0
1,5000.0,20.0,D,660.0,664.0,29.3,55000.0,10.0,33.0,0.0
0,10000.0,11.99,B,680.0,684.0,25.62,75000.0,15.0,27.0,1.0
0,20000.0,16.02,C,700.0,704.0,2.67,63000.0,9.0,21.0,0.0
0,8000.0,7.35,A,710.0,714.0,29.83,57000.0,23.0,48.0,1.0
0,2400.0,5.32,A,745.0,749.0,4.26,85000.0,17.0,39.0,1.0
1,10000.0,7.07,A,755.0,759.0,27.65,50000.0,10.0,21.0,1.0
0,25000.0,7.99,A,785.0,789.0,13.91,120000.0,11.0,27.0,0.0
0,10000.0,14.08,C,675.0,679.0,14.94,51000.0,14.0,16.0,0.0
0,10000.0,7.97,A,760.0,764.0,13.68,68000.0,6.0,15.0,0.0
0,1000.0,10.42,B,725.0,729.0,25.93,123000.0,10.0,26.0,0.0
1,6500.0,13.99,C,670.0,674.0,0.51,58690.0,3.0,34.0,1.0
0,10000.0,16.99,D,680.0,684.0,17.87,73340.0,12.0,17.0,1.0
0,8750.0,13.49,C,670.0,674.0,3.88,65000.0,6.0,12.0,1.0
0,15000.0,11.39,B,685.0,689.0,6.45,51000.0,5.0,12.0,0.0
1,10000.0,11.39,B,740.0,744.0,17.36,30000.0,6.0,15.0,0.0
0,6000.0,8.24,B,750.0,754.0,24.74,65000.0,20.0,28.0,0.0
0,3025.0,12.74,C,665.0,669.0,17.26,39000.0,6.0,12.0,1.0
0,25000.0,5.32,A,720.0,724.0,23.6,165000.0,34.0,51.0,1.0
0,4600.0,7.07,A,815.0,819.0,24.6,52000.0,17.0,34.0,2.0
0,34200.0,14.99,C,705.0,709.0,31.48,90000.0,16.0,29.0,1.0
0,13000.0,7.24,A,700.0,704.0,18.19,100000.0,12.0,26.0,1.0
0,6000.0,13.49,C,700.0,704.0,19.8,40000.0,7.0,13.0,0.0
0,12000.0,8.24,B,725.0,729.0,20.49,240000.0,13.0,30.0,3.0
0,20000.0,7.07,A,715.0,719.0,15.73,75000.0,12.0,16.0,2.0
0,2750.0,10.42,B,720.0,724.0,27.46,25000.0,5.0,10.0,0.0
1,28000.0,29.99,F,690.0,694.0,32.72,60000.0,12.0,23.0,0.0
1,10000.0,11.44,B,715.0,719.0,24.15,50000.0,7.0,12.0,0.0
0,8475.0,13.49,C,755.0,759.0,15.55,50000.0,8.0,11.0,1.0
0,14000.0,5.32,A,770.0,774.0,20.81,61000.0,10.0,29.0,0.0
0,12000.0,16.02,C,690.0,694.0,14.45,48000.0,3.0,4.0,0.0
0,8000.0,7.49,A,720.0,724.0,20.66,85000.0,15.0,24.0,1.0
0,13775.0,16.99,D,660.0,664.0,34.02,40000.0,9.0,37.0,0.0
0,4000.0,19.03,D,730.0,734.0,30.32,35000.0,18.0,49.0,1.0
0,19000.0,18.99,D,680.0,684.0,19.32,50000.0,11.0,24.0,1.0
0,5000.0,5.32,A,780.0,784.0,12.31,70000.0,13.0,22.0,0.0
0,7000.0,11.44,B,685.0,689.0,7.87,45700.0,4.0,15.0,0.0
0,25000.0,11.99,B,665.0,669.0,24.71,110000.0,14.0,18.0,2.0
1,4000.0,5.32,A,730.0,734.0,24.97,42000.0,10.0,22.0,2.0
0,5000.0,11.44,B,675.0,679.0,21.34,82000.0,8.0,19.0,1.0
0,9800.0,7.07,A,810.0,814.0,1.74,104630.0,7.0,15.0,0.0
1,5000.0,18.06,D,675.0,679.0,4.92,40000.0,14.0,21.0,1.0
0,8000.0,12.62,C,660.0,664.0,8.77,90000.0,7.0,11.0,0.0
0,24000.0,7.24,A,740.0,744.0,29.87,155000.0,16.0,42.0,1.0
0,5500.0,7.99,A,690.0,694.0,13.67,51000.0,6.0,12.0,0.0
0,14000.0,11.44,B,665.0,669.0,16.91,55000.0,11.0,28.0,0.0
1,8625.0,11.99,B,665.0,669.0,18.38,54000.0,7.0,12.0,1.0
0,2500.0,8.24,B,735.0,739.0,29.48,48000.0,8.0,14.0,0.0
0,7000.0,5.32,A,735.0,739.0,19.27,108500.0,20.0,47.0,0.0
0,12000.0,13.49,C,670.0,674.0,22.47,88000.0,15.0,26.0,3.0
0,6000.0,13.99,C,660.0,664.0,24.42,100000.0,5.0,23.0,0.0
1,5000.0,17.09,D,665.0,669.0,2.72,24253.0,11.0,11.0,0.0
0,6000.0,7.99,A,800.0,804.0,18.53,45000.0,8.0,17.0,0.0
1,5000.0,18.06,D,695.0,699.0,18.96,41600.0,12.0,16.0,0.0
0,10000.0,11.39,B,705.0,709.0,28.43,58000.0,13.0,18.0,0.0
0,6000.0,8.24,B,660.0,664.0,9.31,50000.0,5.0,10.0,1.0
0,10000.0,8.24,B,660.0,664.0,23.95,58000.0,23.0,33.0,0.0
0,14000.0,11.49,B,715.0,719.0,22.69,39400.0,8.0,13.0,1.0
0,7200.0,9.44,B,685.0,689.0,26.05,20000.0,10.0,16.0,0.0
0,3300.0,10.49,B,735.0,739.0,23.83,72000.0,18.0,43.0,1.0
1,6000.0,10.91,B,670.0,674.0,10.34,56000.0,19.0,26.0,1.0
0,5000.0,7.99,A,680.0,684.0,32.34,35000.0,11.0,27.0,0.0
0,12250.0,16.99,D,685.0,689.0,13.86,50000.0,14.0,43.0,2.0
1,10500.0,15.05,C,730.0,734.0,19.26,54960.0,10.0,21.0,2.0
1,35000.0,23.88,E,670.0,674.0,14.59,210000.0,22.0,38.0,0.0
0,16000.0,13.49,C,735.0,739.0,9.92,100000.0,14.0,22.0,2.0
0,10000.0,11.99,B,700.0,704.0,10.79,120000.0,6.0,14.0,2.0
1,12600.0,23.88,E,680.0,684.0,13.44,35000.0,8.0,18.0,2.0
0,1200.0,11.44,B,765.0,769.0,21.26,35000.0,8.0,13.0,2.0
1,28000.0,18.06,D,690.0,694.0,17.64,125000.0,16.0,34.0,3.0
0,5800.0,11.99,B,670.0,674.0,22.53,40000.0,9.0,16.0,1.0
0,21000.0,12.74,C,670.0,674.0,16.5,130000.0,12.0,19.0,2.0
0,5300.0,11.44,B,680.0,684.0,14.05,71000.0,5.0,9.0,0.0
1,8000.0,12.74,C,685.0,689.0,20.7,80000.0,10.0,19.0,2.0
0,7000.0,11.44,B,710.0,714.0,24.1,60000.0,7.0,11.0,1.0
1,7000.0,11.39,B,695.0,699.0,9.27,42730.38,6.0,7.0,0.0
0,10000.0,8.24,B,680.0,684.0,21.55,105000.0,44.0,63.0,0.0
1,12000.0,13.99,C,685.0,689.0,19.09,68000.0,15.0,41.0,0.0
0,6000.0,7.99,A,700.0,704.0,11.55,75000.0,11.0,30.0,0.0
1,15000.0,16.99,D,660.0,664.0,15.18,60000.0,20.0,27.0,2.0
0,11200.0,10.42,B,670.0,674.0,13.72,85000.0,17.0,55.0,1.0
0,10000.0,5.32,A,805.0,809.0,17.38,120000.0,9.0,22.0,0.0
0,8000.0,5.32,A,750.0,754.0,18.95,63000.0,13.0,60.0,2.0
0,15000.0,11.44,B,670.0,674.0,6.35,145000.0,13.0,20.0,2.0
0,15000.0,13.99,C,735.0,739.0,34.21,67000.0,8.0,27.0,0.0
1,1300.0,15.99,C,675.0,679.0,15.81,45000.0,6.0,15.0,1.0
0,12000.0,12.74,C,680.0,684.0,7.6,100000.0,10.0,13.0,1.0
0,6000.0,11.49,B,670.0,674.0,23.49,65000.0,13.0,20.0,0.0
1,12000.0,11.99,B,685.0,689.0,11.94,80000.0,5.0,6.0,0.0
1,4200.0,17.09,D,690.0,694.0,23.2,48008.0,7.0,7.0,0.0
0,21000.0,11.44,B,685.0,689.0,30.07,62000.0,11.0,27.0,0.0
0,31050.0,10.91,B,725.0,729.0,17.42,72000.0,28.0,41.0,1.0
1,15000.0,13.99,C,675.0,679.0,14.33,56000.0,7.0,23.0,0.0
1,20000.0,18.99,D,675.0,679.0,38.85,43000.0,9.0,13.0,0.0
0,7875.0,14.99,C,660.0,664.0,21.37,34000.0,17.0,41.0,1.0
0,7500.0,7.49,A,685.0,689.0,12.33,80676.0,34.0,43.0,1.0
0,6000.0,7.99,A,705.0,709.0,34.4,72000.0,13.0,23.0,0.0
0,4500.0,21.45,D,700.0,704.0,31.39,46000.0,11.0,24.0,2.0
1,35000.0,17.99,D,660.0,664.0,31.01,100000.0,21.0,37.0,1.0
0,7900.0,16.99,D,660.0,664.0,33.44,22000.0,4.0,15.0,0.0
0,10000.0,8.24,B,715.0,719.0,17.63,85000.0,22.0,31.0,0.0
0,6025.0,7.07,A,750.0,754.0,18.59,83400.0,19.0,42.0,1.0
1,10000.0,30.79,G,670.0,674.0,43.74,51600.0,10.0,17.0,3.0
0,30000.0,10.91,B,670.0,674.0,17.99,94000.0,12.0,20.0,0.0
0,15000.0,14.99,C,665.0,669.0,18.49,55000.0,17.0,19.0,0.0
0,8400.0,5.32,A,700.0,704.0,9.59,130000.0,16.0,33.0,1.0
0,4000.0,12.74,C,675.0,679.0,30.29,34000.0,10.0,15.0,0.0
0,9000.0,11.99,B,715.0,719.0,23.96,56000.0,8.0,15.0,0.0
0,5000.0,13.59,C,695.0,699.0,28.5,36000.0,9.0,12.0,1.0
0,7500.0,24.74,E,710.0,714.0,23.83,36000.0,10.0,11.0,1.0
0,5000.0,5.32,A,685.0,689.0,24.16,60000.0,6.0,14.0,0.0
1,16000.0,13.49,C,720.0,724.0,28.34,41000.0,11.0,24.0,0.0
0,5125.0,11.49,B,680.0,684.0,20.86,55000.0,13.0,20.0,1.0
0,5000.0,11.44,B,660.0,664.0,16.72,76000.0,14.0,29.0,1.0
1,12000.0,11.99,B,680.0,684.0,27.68,50000.0,7.0,15.0,0.0
0,5000.0,9.93,B,720.0,724.0,24.38,63000.0,11.0,22.0,0.0
0,10000.0,11.99,B,740.0,744.0,21.83,42500.0,6.0,10.0,0.0
1,23000.0,11.49,B,685.0,689.0,62.49,39000.0,11.0,23.0,0.0
0,35000.0,12.74,C,685.0,689.0,24.85,130000.0,19.0,36.0,1.0
0,14000.0,11.44,B,675.0,679.0,9.81,85000.0,4.0,13.0,1.0
0,7200.0,6.99,A,685.0,689.0,7.86,100000.0,7.0,19.0,1.0
0,17500.0,12.74,C,710.0,714.0,19.35,49500.0,8.0,18.0,0.0
0,35000.0,11.39,B,700.0,704.0,43.88,34000.0,8.0,19.0,0.0
1,36000.0,15.05,C,690.0,694.0,12.93,98000.0,12.0,41.0,0.0
1,4000.0,7.99,A,720.0,724.0,17.31,50000.0,5.0,13.0,0.0
0,12000.0,12.74,C,690.0,694.0,9.98,125000.0,12.0,20.0,1.0
0,6400.0,15.05,C,695.0,699.0,25.65,75044.0,12.0,40.0,1.0
0,25000.0,7.24,A,745.0,749.0,10.24,85000.0,6.0,12.0,0.0
0,20000.0,12.74,C,695.0,699.0,3.84,96000.0,9.0,26.0,1.0
0,10000.0,13.99,C,695.0,699.0,21.97,89588.0,14.0,39.0,1.0
0,6200.0,5.32,A,705.0,709.0,23.8,48000.0,9.0,20.0,1.0
1,12000.0,14.08,C,660.0,664.0,14.39,75000.0,9.0,17.0,0.0
1,16800.0,21.45,D,680.0,684.0,15.91,150000.0,7.0,26.0,1.0
0,25000.0,10.91,B,705.0,709.0,19.64,80000.0,15.0,24.0,0.0
0,5850.0,19.03,D,725.0,729.0,18.43,42000.0,5.0,7.0,1.0
0,28000.0,15.99,C,670.0,674.0,13.12,120000.0,14.0,18.0,0.0
1,8400.0,12.62,C,750.0,754.0,0.84,83000.0,6.0,8.0,1.0
0,6000.0,18.06,D,660.0,664.0,16.06,105000.0,16.0,42.0,3.0
0,14000.0,7.97,A,700.0,704.0,15.96,100000.0,7.0,19.0,0.0
0,14000.0,7.49,A,705.0,709.0,6.81,150000.0,5.0,17.0,0.0
1,10000.0,17.09,D,670.0,674.0,17.7,35000.0,12.0,23.0,1.0
0,6000.0,11.49,B,660.0,664.0,34.84,30000.0,10.0,38.0,0.0
0,6000.0,7.49,A,680.0,684.0,24.8,104000.0,15.0,33.0,0.0
0,2400.0,11.39,B,660.0,664.0,22.58,38000.0,10.0,20.0,0.0
0,15000.0,6.99,A,760.0,764.0,11.29,143000.0,18.0,41.0,0.0
0,10000.0,7.35,A,715.0,719.0,4.12,50000.0,13.0,35.0,0.0
0,4800.0,11.44,B,700.0,704.0,23.19,50000.0,11.0,20.0,1.0
0,20825.0,11.49,B,710.0,714.0,26.68,41694.0,3.0,10.0,0.0
0,20000.0,7.99,A,750.0,754.0,17.91,54000.0,6.0,8.0,0.0
0,8400.0,7.49,A,695.0,699.0,17.41,47000.0,12.0,17.0,0.0
1,9150.0,30.17,F,675.0,679.0,18.16,52000.0,11.0,18.0,0.0
0,9000.0,12.74,C,695.0,699.0,15.53,51000.0,8.0,12.0,0.0
0,7200.0,12.74,C,660.0,664.0,29.63,58000.0,9.0,29.0,0.0
0,10500.0,14.99,C,680.0,684.0,20.6,25000.0,7.0,21.0,0.0
1,15000.0,11.99,B,680.0,684.0,37.09,50000.0,10.0,30.0,0.0
0,10000.0,11.49,B,685.0,689.0,13.24,43412.0,12.0,16.0,0.0
0,40000.0,8.24,B,785.0,789.0,6.18,385000.0,13.0,30.0,0.0
0,15000.0,11.44,B,660.0,664.0,14.22,73000.0,14.0,26.0,0.0
0,36000.0,12.74,C,745.0,749.0,23.89,280000.0,10.0,23.0,1.0
0,35000.0,11.39,B,680.0,684.0,16.85,150000.0,13.0,40.0,0.0
1,6400.0,24.74,E,690.0,694.0,16.15,31500.0,9.0,14.0,0.0
0,7500.0,8.24,B,700.0,704.0,16.39,250000.0,10.0,27.0,0.0
1,15600.0,9.44,B,715.0,719.0,19.09,65000.0,14.0,30.0,1.0
0,5000.0,14.08,C,670.0,674.0,9.72,50000.0,8.0,12.0,1.0
0,9000.0,5.32,A,730.0,734.0,10.9,130000.0,11.0,20.0,0.0
0,8000.0,12.74,C,670.0,674.0,17.93,40550.0,10.0,11.0,1.0
0,40000.0,6.99,A,745.0,749.0,10.49,120000.0,8.0,28.0,1.0
0,35000.0,7.49,A,760.0,764.0,0.66,160000.0,8.0,18.0,0.0
0,8000.0,8.24,B,705.0,709.0,17.29,160000.0,15.0,19.0,0.0
0,8000.0,13.59,C,690.0,694.0,20.91,39600.0,7.0,12.0,0.0
0,6025.0,16.99,D,665.0,669.0,9.57,110000.0,14.0,24.0,0.0
0,24200.0,17.99,D,665.0,669.0,21.91,55000.0,14.0,21.0,0.0
0,15000.0,10.49,B,670.0,674.0,3.98,88000.0,5.0,14.0,0.0
0,7500.0,12.74,C,680.0,684.0,7.78,52000.0,9.0,14.0,0.0
0,32075.0,7.21,A,710.0,714.0,15.53,199000.0,33.0,64.0,2.0
0,15000.0,8.24,B,675.0,679.0,15.4,92000.0,11.0,24.0,1.0
1,6000.0,12.74,C,660.0,664.0,26.16,55000.0,8.0,15.0,0.0
0,7000.0,9.93,B,760.0,764.0,24.68,30000.0,6.0,7.0,0.0
0,9000.0,13.49,C,680.0,684.0,24.59,65000.0,18.0,32.0,1.0
0,10000.0,11.44,B,660.0,664.0,11.07,95000.0,6.0,29.0,1.0
0,15000.0,7.97,A,695.0,699.0,14.73,80000.0,11.0,12.0,0.0
0,5000.0,7.24,A,710.0,714.0,25.24,57000.0,13.0,20.0,0.0
1,8000.0,20.0,D,660.0,664.0,28.61,45000.0,6.0,6.0,0.0
1,4800.0,20.0,D,660.0,664.0,18.9,35000.0,9.0,11.0,1.0
0,13000.0,7.49,A,740.0,744.0,5.06,85000.0,3.0,18.0,0.0
1,5400.0,17.09,D,705.0,709.0,28.25,80000.0,6.0,13.0,0.0
0,6000.0,12.74,C,685.0,689.0,16.92,60000.0,11.0,20.0,2.0
1,35000.0,16.99,D,665.0,669.0,18.61,101941.0,8.0,19.0,0.0
0,15000.0,11.39,B,700.0,704.0,26.51,110000.0,15.0,28.0,1.0
0,5000.0,7.99,A,725.0,729.0,16.9,60000.0,12.0,36.0,1.0
0,10000.0,11.39,B,725.0,729.0,13.35,80000.0,7.0,9.0,0.0
0,10000.0,13.99,C,700.0,704.0,13.88,65000.0,11.0,14.0,1.0
0,35000.0,6.99,A,730.0,734.0,5.18,145000.0,3.0,23.0,0.0
0,2200.0,11.49,B,670.0,674.0,14.01,40000.0,5.0,8.0,0.0
1,15000.0,18.06,D,675.0,679.0,10.66,50000.0,4.0,5.0,1.0
0,2000.0,12.74,C,675.0,679.0,10.42,85000.0,7.0,24.0,1.0
0,8000.0,5.32,A,740.0,744.0,11.88,150000.0,9.0,12.0,1.0
0,10000.0,11.49,B,675.0,679.0,19.91,49000.0,10.0,21.0,0.0
0,29000.0,11.49,B,690.0,694.0,22.34,180000.0,21.0,48.0,2.0
0,16475.0,7.99,A,695.0,699.0,0.86,37489.0,3.0,26.0,1.0
0,24500.0,13.49,C,685.0,689.0,26.71,77000.0,20.0,39.0,1.0
0,14000.0,12.74,C,715.0,719.0,22.99,40000.0,9.0,10.0,0.0
0,10000.0,5.32,A,680.0,684.0,22.62,230000.0,11.0,40.0,0.0
0,9000.0,10.49,B,665.0,669.0,16.46,77500.0,11.0,27.0,0.0
0,10000.0,23.99,E,665.0,669.0,9.82,76000.0,9.0,14.0,4.0
0,25000.0,9.93,B,705.0,709.0,22.47,95000.0,14.0,43.0,1.0
0,18000.0,16.99,D,720.0,724.0,15.23,55000.0,9.0,35.0,1.0
0,20000.0,11.44,B,695.0,699.0,30.84,53000.0,7.0,19.0,0.0
0,8500.0,6.99,A,795.0,799.0,14.4,50400.0,6.0,11.0,0.0
0,6100.0,5.32,A,780.0,784.0,16.03,38400.0,8.0,15.0,0.0
1,8400.0,11.44,B,695.0,699.0,15.24,26000.0,16.0,17.0,0.0
0,15000.0,16.99,D,665.0,669.0,27.7,62873.0,7.0,11.0,0.0
0,5000.0,10.49,B,685.0,689.0,14.9,36000.0,14.0,27.0,0.0
0,12000.0,8.24,B,660.0,664.0,18.67,75000.0,8.0,41.0,1.0
1,8000.0,5.32,A,735.0,739.0,27.83,52000.0,15.0,35.0,1.0
0,18000.0,11.99,B,710.0,714.0,18.65,65000.0,16.0,27.0,1.0
0,13600.0,11.44,B,720.0,724.0,12.1,48000.0,6.0,17.0,1.0
1,5000.0,7.21,A,700.0,704.0,24.3,52000.0,9.0,17.0,0.0
0,5000.0,9.93,B,730.0,734.0,0.5,60000.0,7.0,13.0,0.0
0,15000.0,10.42,B,670.0,674.0,7.96,65000.0,5.0,7.0,0.0
1,10000.0,20.0,D,675.0,679.0,12.48,80400.0,18.0,25.0,1.0
0,20000.0,14.99,C,690.0,694.0,7.09,94000.0,5.0,20.0,0.0
0,9000.0,10.42,B,760.0,764.0,14.65,33000.0,4.0,11.0,0.0
0,20000.0,10.42,B,680.0,684.0,11.06,67000.0,9.0,22.0,0.0
0,20000.0,8.24,B,675.0,679.0,14.23,150000.0,8.0,27.0,0.0
1,2400.0,8.24,B,720.0,724.0,20.16,45000.0,7.0,12.0,0.0
0,24000.0,16.99,D,690.0,694.0,7.52,61000.0,18.0,30.0,1.0
1,5000.0,9.44,B,700.0,704.0,4.44,57000.0,11.0,18.0,0.0
1,5000.0,12.62,C,660.0,664.0,24.82,58564.0,8.0,28.0,1.0
0,10000.0,6.0,B,685.0,689.0,23.08,48000.0,14.0,15.0,0.0
1,14725.0,16.99,D,700.0,704.0,23.13,40000.0,8.0,12.0,0.0
1,33050.0,12.74,C,670.0,674.0,19.53,420000.0,12.0,31.0,1.0
0,36000.0,13.99,C,695.0,699.0,34.48,140000.0,13.0,36.0,0.0
1,8000.0,17.99,D,660.0,664.0,4.65,95000.0,7.0,14.0,1.0
0,4000.0,19.03,D,665.0,669.0,10.51,42000.0,10.0,13.0,3.0
0,15000.0,10.91,B,695.0,699.0,14.36,48000.0,15.0,25.0,0.0
0,9100.0,11.49,B,670.0,674.0,14.15,80000.0,8.0,21.0,1.0
1,5000.0,10.42,B,720.0,724.0,9.66,43967.0,11.0,47.0,0.0
0,7000.0,16.99,D,710.0,714.0,16.21,20000.0,6.0,17.0,0.0
0,4000.0,13.49,C,715.0,719.0,10.0,38000.0,11.0,31.0,3.0
0,4000.0,15.99,C,665.0,669.0,7.78,23150.62,5.0,7.0,0.0
1,6000.0,11.99,B,700.0,704.0,26.13,40000.0,13.0,15.0,0.0
0,12800.0,11.44,B,670.0,674.0,13.88,53000.0,18.0,38.0,1.0
1,10000.0,16.02,C,665.0,669.0,27.85,35000.0,18.0,20.0,3.0
0,6000.0,8.24,B,675.0,679.0,10.23,92000.0,12.0,23.0,1.0
1,8000.0,7.35,A,680.0,684.0,38.96,45000.0,16.0,36.0,0.0
1,4800.0,10.91,B,740.0,744.0,10.29,20000.0,1.0,6.0,0.0
0,1800.0,11.99,B,680.0,684.0,24.21,34000.0,23.0,36.0,1.0
1,3200.0,24.85,E,695.0,699.0,14.16,60000.0,16.0,16.0,1.0
0,5000.0,11.49,B,665.0,669.0,15.92,60000.0,9.0,17.0,0.0
0,22400.0,6.99,A,690.0,694.0,9.51,219000.0,8.0,29.0,1.0
0,7000.0,11.44,B,690.0,694.0,19.81,90000.0,10.0,21.0,0.0
0,6000.0,10.91,B,705.0,709.0,26.97,87000.0,14.0,30.0,0.0
0,12200.0,12.74,C,680.0,684.0,21.73,58000.0,8.0,18.0,0.0
0,8000.0,10.49,B,690.0,694.0,26.57,80000.0,9.0,19.0,0.0
0,1500.0,13.49,C,680.0,684.0,23.73,40000.0,7.0,8.0,0.0
0,20000.0,15.99,C,680.0,684.0,17.11,81000.0,11.0,15.0,0.0
0,5200.0,11.44,B,670.0,674.0,9.94,41400.0,5.0,18.0,0.0
1,8000.0,9.44,B,665.0,669.0,10.03,150000.0,16.0,19.0,0.0
0,6000.0,13.49,C,675.0,679.0,0.71,90000.0,3.0,11.0,0.0
1,28000.0,17.09,D,665.0,669.0,36.89,210000.0,16.0,28.0,0.0
0,6000.0,12.74,C,685.0,689.0,20.62,60000.0,8.0,16.0,0.0
0,13200.0,7.24,A,725.0,729.0,19.2,41000.0,11.0,30.0,0.0
0,5000.0,7.49,A,740.0,744.0,16.05,35000.0,7.0,12.0,0.0
0,9600.0,13.49,C,700.0,704.0,12.96,60000.0,8.0,8.0,1.0
0,26000.0,5.32,A,810.0,814.0,7.7,200000.0,10.0,18.0,0.0
0,19800.0,15.99,C,665.0,669.0,34.8,45000.0,25.0,30.0,0.0
0,10000.0,13.99,C,680.0,684.0,15.68,73000.0,16.0,27.0,1.0
0,7000.0,15.99,C,680.0,684.0,18.0,16000.0,15.0,28.0,0.0
0,4000.0,11.49,B,660.0,664.0,11.56,54000.0,6.0,18.0,0.0
0,23750.0,12.74,C,670.0,674.0,16.24,54000.0,13.0,25.0,1.0
0,25000.0,9.44,B,680.0,684.0,17.33,160000.0,32.0,51.0,0.0
0,16000.0,13.99,C,675.0,679.0,15.89,125000.0,11.0,18.0,1.0
0,10000.0,10.42,B,665.0,669.0,33.42,93000.0,17.0,61.0,0.0
0,3000.0,10.49,B,680.0,684.0,15.6,62000.0,6.0,10.0,1.0
1,10000.0,16.02,C,680.0,684.0,15.6,55000.0,9.0,9.0,1.0
0,20000.0,5.32,A,750.0,754.0,11.57,120000.0,11.0,14.0,0.0
0,9500.0,14.99,C,675.0,679.0,4.98,36400.0,4.0,11.0,1.0
0,5400.0,11.49,B,695.0,699.0,16.79,100000.0,7.0,13.0,2.0
1,30000.0,15.99,C,670.0,674.0,17.23,95000.0,13.0,26.0,0.0
1,5000.0,16.02,C,695.0,699.0,18.05,24000.0,9.0,10.0,0.0
0,15000.0,11.39,B,710.0,714.0,5.4,60000.0,7.0,15.0,0.0
1,40000.0,10.91,B,675.0,679.0,0.0,81000.0,5.0,25.0,0.0
1,25000.0,16.02,C,690.0,694.0,33.16,112770.0,15.0,23.0,0.0
0,20800.0,13.49,C,675.0,679.0,21.48,60000.0,9.0,16.0,1.0
0,6000.0,13.49,C,715.0,719.0,24.96,25000.0,8.0,8.0,0.0
0,23525.0,17.99,D,685.0,689.0,10.18,62000.0,6.0,20.0,0.0
1,28000.0,10.91,B,675.0,679.0,11.86,78000.0,6.0,12.0,0.0
0,4200.0,12.62,C,680.0,684.0,28.81,41000.0,6.0,21.0,0.0
0,17500.0,7.97,A,715.0,719.0,6.86,80000.0,7.0,11.0,0.0
0,4400.0,10.91,B,730.0,734.0,30.69,47000.0,14.0,31.0,1.0
0,25000.0,5.32,A,720.0,724.0,13.69,128000.0,23.0,77.0,0.0
0,1000.0,11.44,B,695.0,699.0,9.45,48000.0,5.0,13.0,1.0
0,6400.0,11.44,B,700.0,704.0,24.98,65000.0,9.0,11.0,0.0
0,19200.0,11.49,B,680.0,684.0,25.98,100000.0,13.0,26.0,0.0
0,5075.0,16.99,D,660.0,664.0,6.78,75000.0,13.0,29.0,2.0
0,24000.0,11.49,B,700.0,704.0,16.74,140000.0,15.0,44.0,0.0
1,5500.0,14.08,C,685.0,689.0,23.18,84996.0,16.0,42.0,1.0
1,14400.0,16.02,C,660.0,664.0,15.44,44000.0,5.0,23.0,0.0
0,15000.0,11.49,B,730.0,734.0,17.92,57000.0,15.0,29.0,0.0
0,12000.0,8.24,B,675.0,679.0,14.51,75000.0,19.0,36.0,0.0
1,3775.0,12.62,C,740.0,744.0,27.05,22585.0,13.0,19.0,0.0
0,2000.0,7.35,A,740.0,744.0,18.21,80000.0,11.0,33.0,0.0
1,25000.0,15.99,C,715.0,719.0,16.48,70000.0,6.0,10.0,0.0
0,10000.0,10.42,B,700.0,704.0,11.77,56000.0,10.0,12.0,1.0
0,5075.0,21.45,D,670.0,674.0,32.62,61000.0,15.0,26.0,1.0
0,14000.0,7.07,A,735.0,739.0,24.2,72500.0,17.0,25.0,0.0
0,8000.0,9.93,B,715.0,719.0,21.77,64000.0,9.0,13.0,0.0
1,2000.0,18.06,D,700.0,704.0,13.51,100000.0,11.0,18.0,2.0
0,8000.0,26.24,E,685.0,689.0,13.57,67900.0,15.0,42.0,0.0
0,1500.0,18.99,D,740.0,744.0,16.56,60000.0,4.0,11.0,3.0
0,30000.0,10.49,B,710.0,714.0,14.53,84060.91,4.0,18.0,0.0
1,20275.0,23.99,E,665.0,669.0,8.46,49631.0,10.0,12.0,0.0
0,4800.0,7.07,A,720.0,724.0,9.46,85000.0,8.0,11.0,0.0
1,8625.0,25.82,E,690.0,694.0,25.4,24000.0,13.0,23.0,1.0
0,4800.0,7.07,A,745.0,749.0,22.46,63000.0,6.0,7.0,0.0
0,8000.0,12.74,C,665.0,669.0,11.63,49000.0,8.0,11.0,0.0
1,20000.0,21.45,D,680.0,684.0,17.54,41000.0,5.0,9.0,0.0
0,6000.0,5.32,A,810.0,814.0,11.17,110000.0,9.0,17.0,1.0
0,4200.0,13.49,C,710.0,714.0,3.04,58000.0,3.0,4.0,1.0
0,35000.0,14.99,C,665.0,669.0,11.36,130000.0,9.0,18.0,0.0
1,22000.0,16.99,D,700.0,704.0,25.08,50000.0,8.0,12.0,1.0
0,40000.0,5.32,A,745.0,749.0,14.95,169900.0,11.0,23.0,0.0
1,29850.0,13.49,C,675.0,679.0,25.41,59700.0,21.0,39.0,0.0
1,20000.0,12.62,C,675.0,679.0,8.91,80000.0,5.0,20.0,0.0
0,3000.0,8.24,B,675.0,679.0,15.48,69776.0,15.0,44.0,0.0
1,20000.0,12.74,C,665.0,669.0,21.27,80000.0,14.0,27.0,1.0
1,9000.0,9.93,B,725.0,729.0,8.79,40000.0,2.0,4.0,0.0
1,20000.0,10.42,B,690.0,694.0,5.16,100000.0,6.0,7.0,0.0
0,9800.0,13.49,C,685.0,689.0,8.24,91000.0,8.0,11.0,1.0
0,4800.0,9.44,B,740.0,744.0,13.42,50000.0,11.0,17.0,0.0
1,15400.0,19.03,D,705.0,709.0,25.24,35000.0,12.0,23.0,2.0
0,10000.0,14.08,C,675.0,679.0,19.88,85280.0,23.0,32.0,2.0
1,36000.0,10.91,B,710.0,714.0,19.15,110000.0,9.0,19.0,0.0
1,11000.0,16.02,C,680.0,684.0,22.03,45000.0,10.0,15.0,1.0
0,4300.0,20.0,D,660.0,664.0,29.74,23400.0,9.0,13.0,0.0
0,4000.0,11.39,B,665.0,669.0,25.94,59000.0,10.0,20.0,0.0
0,15000.0,18.99,D,660.0,664.0,33.72,72000.0,14.0,27.0,1.0
0,18000.0,7.49,A,710.0,714.0,19.38,95000.0,5.0,8.0,0.0
1,10000.0,11.99,B,680.0,684.0,20.26,42000.0,10.0,14.0,0.0
1,14000.0,10.42,B,690.0,694.0,14.56,30000.0,7.0,13.0,0.0
0,25000.0,16.99,D,680.0,684.0,27.47,72000.0,12.0,34.0,0.0
0,5000.0,15.99,C,685.0,689.0,21.98,30846.0,4.0,8.0,0.0
0,14625.0,16.99,D,680.0,684.0,27.8,33280.0,16.0,32.0,0.0
1,20000.0,26.24,E,670.0,674.0,11.27,80000.0,7.0,12.0,1.0
1,35000.0,6.99,A,700.0,704.0,14.65,225000.0,9.0,23.0,0.0
0,4800.0,7.35,A,705.0,709.0,13.3,60000.0,8.0,12.0,0.0
1,10000.0,11.39,B,675.0,679.0,33.05,50000.0,17.0,30.0,0.0
0,5000.0,11.49,B,665.0,669.0,18.77,50000.0,9.0,11.0,2.0
0,10000.0,11.49,B,675.0,679.0,25.97,50000.0,10.0,26.0,0.0
1,40000.0,18.06,D,735.0,739.0,52.29,45000.0,19.0,30.0,1.0
1,2000.0,12.62,C,680.0,684.0,18.92,100000.0,17.0,26.0,0.0
0,27600.0,11.44,B,665.0,669.0,24.65,136000.0,7.0,21.0,0.0
0,7200.0,7.49,A,680.0,684.0,16.27,61500.0,21.0,36.0,3.0
0,15000.0,7.99,A,765.0,769.0,25.53,63000.0,14.0,34.0,0.0
1,12000.0,11.99,B,665.0,669.0,13.34,125000.0,11.0,21.0,1.0
0,12000.0,7.49,A,785.0,789.0,9.08,200000.0,7.0,50.0,0.0
1,6400.0,10.91,B,690.0,694.0,24.75,125000.0,18.0,33.0,3.0
0,14000.0,5.32,A,785.0,789.0,14.79,80000.0,8.0,17.0,0.0
0,6200.0,12.74,C,705.0,709.0,3.77,65000.0,4.0,6.0,0.0
0,32000.0,7.49,A,735.0,739.0,14.94,150000.0,10.0,24.0,0.0
0,8000.0,8.24,B,660.0,664.0,18.68,60000.0,8.0,29.0,0.0
0,6000.0,13.99,C,690.0,694.0,20.18,80000.0,5.0,23.0,0.0
0,28000.0,11.39,B,715.0,719.0,25.25,85000.0,16.0,34.0,0.0
0,3300.0,8.24,B,660.0,664.0,13.15,50000.0,7.0,40.0,1.0
1,7200.0,10.42,B,745.0,749.0,24.42,40000.0,12.0,36.0,2.0
0,7000.0,12.74,C,720.0,724.0,21.54,40000.0,13.0,47.0,0.0
0,15000.0,7.07,A,750.0,754.0,30.1,50000.0,16.0,29.0,0.0
0,9600.0,7.97,A,700.0,704.0,21.56,80000.0,29.0,36.0,0.0
1,20000.0,10.49,B,700.0,704.0,28.71,85000.0,21.0,49.0,1.0
0,5000.0,11.49,B,660.0,664.0,15.04,45000.0,5.0,9.0,0.0
0,18000.0,14.99,C,660.0,664.0,21.49,65300.0,15.0,29.0,0.0
1,8000.0,10.49,B,670.0,674.0,9.47,71000.0,16.0,22.0,0.0
1,5000.0,17.99,D,665.0,669.0,6.33,96000.0,8.0,10.0,4.0
0,10000.0,10.42,B,680.0,684.0,18.21,140000.0,9.0,26.0,0.0
0,18000.0,7.49,A,695.0,699.0,22.28,72000.0,12.0,18.0,1.0
0,25600.0,9.44,B,710.0,714.0,7.97,103000.0,17.0,42.0,0.0
1,6500.0,13.59,C,665.0,669.0,10.53,67600.0,7.0,12.0,0.0
1,16000.0,20.0,D,680.0,684.0,16.6,60000.0,6.0,6.0,1.0
1,12000.0,11.49,B,665.0,669.0,10.1,60000.0,9.0,19.0,0.0
0,20000.0,11.49,B,660.0,664.0,23.2,66000.0,18.0,54.0,3.0
0,20300.0,12.74,C,690.0,694.0,25.6,36000.0,5.0,22.0,1.0
0,29000.0,11.49,B,695.0,699.0,33.45,102000.0,9.0,27.0,0.0
0,7450.0,21.45,D,725.0,729.0,22.2,30000.0,5.0,9.0,0.0
0,4000.0,7.99,A,685.0,689.0,10.86,39000.0,8.0,28.0,1.0
1,5000.0,26.3,E,685.0,689.0,34.46,51400.0,19.0,23.0,0.0
0,5000.0,7.21,A,730.0,734.0,13.67,99996.0,21.0,40.0,0.0
0,9600.0,15.99,C,735.0,739.0,14.03,48000.0,8.0,25.0,1.0
0,8000.0,14.99,C,680.0,684.0,9.12,30000.0,11.0,17.0,0.0
0,30000.0,7.24,A,725.0,729.0,24.7,150000.0,15.0,33.0,0.0
1,10000.0,18.06,D,690.0,694.0,9.23,42000.0,7.0,14.0,0.0
0,30000.0,7.97,A,695.0,699.0,13.68,190000.0,14.0,24.0,1.0
0,10000.0,9.44,B,660.0,664.0,14.28,64000.0,25.0,33.0,1.0
0,18000.0,10.42,B,680.0,684.0,12.77,79720.0,20.0,27.0,2.0
1,3000.0,15.05,C,685.0,689.0,15.15,45000.0,17.0,21.0,0.0
0,6000.0,5.32,A,725.0,729.0,7.54,100000.0,4.0,9.0,0.0
0,10000.0,12.74,C,670.0,674.0,12.71,35500.0,11.0,12.0,0.0
0,30000.0,22.74,E,680.0,684.0,27.45,127000.0,25.0,49.0,2.0
0,16000.0,9.93,B,685.0,689.0,14.86,75000.0,8.0,10.0,1.0
0,6000.0,7.97,A,720.0,724.0,19.05,50000.0,9.0,42.0,0.0
0,9000.0,12.74,C,680.0,684.0,33.22,28000.0,13.0,21.0,0.0
0,28800.0,7.24,A,755.0,759.0,12.52,185000.0,11.0,19.0,0.0
0,13000.0,10.91,B,675.0,679.0,27.77,63000.0,13.0,26.0,1.0
0,5000.0,7.49,A,700.0,704.0,22.98,40000.0,7.0,19.0,1.0
0,7600.0,8.24,B,755.0,759.0,2.4,65000.0,5.0,8.0,0.0
0,8000.0,8.24,B,670.0,674.0,25.82,43000.0,8.0,14.0,0.0
0,2500.0,13.49,C,660.0,664.0,28.21,55000.0,8.0,15.0,0.0
0,18000.0,9.93,B,735.0,739.0,27.11,81000.0,16.0,23.0,1.0
0,3500.0,7.97,A,695.0,699.0,18.56,43000.0,7.0,31.0,1.0
0,4000.0,8.24,B,710.0,714.0,18.75,45000.0,12.0,21.0,0.0
0,1000.0,11.44,B,730.0,734.0,32.24,22000.0,10.0,37.0,0.0
1,8000.0,13.99,C,710.0,714.0,54.69,49000.0,6.0,17.0,1.0
0,7200.0,11.99,B,665.0,669.0,8.26,75000.0,9.0,11.0,1.0
0,2000.0,14.99,C,660.0,664.0,29.78,65000.0,16.0,36.0,0.0
0,28800.0,11.49,B,690.0,694.0,18.7,100000.0,11.0,19.0,0.0
1,33425.0,14.08,C,680.0,684.0,20.09,167000.0,14.0,31.0,0.0
0,10000.0,7.07,A,745.0,749.0,24.72,52000.0,10.0,18.0,0.0
1,35000.0,29.99,F,660.0,664.0,9.96,236000.0,12.0,45.0,3.0
0,16000.0,10.91,B,680.0,684.0,31.05,120000.0,23.0,56.0,0.0
0,32000.0,8.24,B,695.0,699.0,13.55,110000.0,11.0,23.0,0.0
0,12000.0,16.02,C,685.0,689.0,21.25,65000.0,14.0,16.0,0.0
1,15000.0,16.02,C,665.0,669.0,9.39,50000.0,12.0,19.0,0.0
1,4000.0,18.06,D,675.0,679.0,22.52,60000.0,5.0,19.0,1.0
0,14000.0,13.49,C,660.0,664.0,10.06,78000.0,11.0,35.0,1.0
1,7200.0,16.99,D,660.0,664.0,31.77,36000.0,14.0,31.0,0.0
1,8000.0,25.82,E,660.0,664.0,15.86,60000.0,13.0,20.0,3.0
0,3000.0,10.91,B,685.0,689.0,23.13,48000.0,11.0,19.0,0.0
1,2000.0,12.62,C,665.0,669.0,18.8,51000.0,12.0,23.0,1.0
0,8000.0,12.74,C,675.0,679.0,27.24,50000.0,10.0,10.0,2.0
0,15000.0,9.93,B,745.0,749.0,20.43,50000.0,6.0,14.0,0.0
0,15000.0,22.91,E,690.0,694.0,18.45,150000.0,11.0,23.0,1.0
0,5000.0,10.91,B,735.0,739.0,18.26,43000.0,11.0,12.0,1.0
0,5000.0,7.07,A,770.0,774.0,11.86,25000.0,10.0,16.0,0.0
0,2400.0,19.99,D,730.0,734.0,25.05,26496.0,19.0,19.0,3.0
0,6000.0,7.07,A,720.0,724.0,14.32,105000.0,13.0,29.0,0.0
0,2000.0,7.99,A,695.0,699.0,15.63,52000.0,5.0,43.0,2.0
0,5000.0,25.82,E,670.0,674.0,10.52,19200.0,6.0,7.0,1.0
0,13425.0,23.99,E,690.0,694.0,15.63,42000.0,10.0,18.0,0.0
1,9250.0,11.49,B,695.0,699.0,6.03,86000.0,7.0,18.0,3.0
0,9600.0,10.91,B,670.0,674.0,18.39,55000.0,11.0,13.0,0.0
0,24000.0,7.99,A,685.0,689.0,23.41,85000.0,20.0,40.0,0.0
0,3000.0,13.99,C,750.0,754.0,15.88,35000.0,5.0,9.0,0.0
0,5000.0,16.02,C,690.0,694.0,12.06,42000.0,10.0,15.0,1.0
0,6000.0,14.99,C,685.0,689.0,12.99,96000.0,8.0,45.0,0.0
0,3000.0,7.49,A,740.0,744.0,12.13,83500.0,7.0,16.0,0.0
0,10000.0,24.74,E,660.0,664.0,9.95,35100.0,6.0,8.0,0.0
0,5000.0,11.39,B,670.0,674.0,6.16,30000.0,10.0,12.0,2.0
0,3000.0,13.49,C,660.0,664.0,28.93,27000.0,7.0,8.0,0.0
0,26000.0,18.99,D,730.0,734.0,29.52,64000.0,15.0,27.0,0.0
0,15000.0,10.91,B,675.0,679.0,2.74,60000.0,2.0,10.0,0.0
0,1200.0,5.32,A,765.0,769.0,4.28,80150.0,18.0,22.0,0.0
0,24000.0,13.99,C,660.0,664.0,21.92,75000.0,12.0,22.0,1.0
0,15575.0,11.39,B,750.0,754.0,33.52,84865.36,11.0,33.0,0.0
0,5600.0,12.62,C,690.0,694.0,30.31,67700.0,21.0,46.0,0.0
0,18225.0,18.99,D,725.0,729.0,33.07,70000.0,14.0,28.0,1.0
0,6000.0,5.32,A,740.0,744.0,12.57,65000.0,16.0,34.0,0.0
0,4650.0,10.49,B,690.0,694.0,7.35,40000.0,5.0,10.0,1.0
0,12000.0,6.99,A,760.0,764.0,11.72,131000.0,9.0,19.0,0.0
0,21000.0,5.32,A,695.0,699.0,12.84,108000.0,9.0,13.0,0.0
1,35000.0,30.99,G,695.0,699.0,1.93,100000.0,14.0,16.0,1.0
1,8000.0,17.99,D,730.0,734.0,11.71,50000.0,18.0,24.0,5.0
0,8000.0,12.74,C,675.0,679.0,7.52,45000.0,8.0,10.0,1.0
0,12000.0,8.24,B,665.0,669.0,10.22,120000.0,18.0,35.0,0.0
0,4800.0,11.49,B,675.0,679.0,26.06,28000.0,8.0,13.0,0.0
0,5000.0,11.49,B,675.0,679.0,24.18,54400.0,6.0,9.0,1.0
0,12000.0,16.99,D,675.0,679.0,19.34,75000.0,8.0,15.0,0.0
0,15000.0,10.49,B,715.0,719.0,25.76,60000.0,11.0,22.0,0.0
1,2200.0,17.09,D,760.0,764.0,25.34,35000.0,3.0,5.0,0.0
0,8000.0,11.44,B,665.0,669.0,21.74,60940.0,18.0,34.0,0.0
1,15000.0,14.99,C,725.0,729.0,34.45,48000.0,18.0,36.0,1.0
0,5000.0,7.99,A,705.0,709.0,15.8,31000.0,9.0,20.0,0.0
1,9800.0,13.49,C,675.0,679.0,19.31,54464.0,17.0,25.0,1.0
0,8000.0,9.93,B,690.0,694.0,31.46,56000.0,19.0,28.0,1.0
0,18625.0,7.49,A,700.0,704.0,21.27,81000.0,19.0,54.0,0.0
1,16000.0,11.99,B,695.0,699.0,23.41,63000.0,10.0,17.0,0.0
0,15000.0,12.74,C,695.0,699.0,24.7,75000.0,9.0,40.0,0.0
0,15000.0,13.49,C,660.0,664.0,9.41,100000.0,14.0,33.0,2.0
0,20000.0,10.91,B,675.0,679.0,13.69,207000.0,21.0,39.0,1.0
0,8000.0,11.39,B,660.0,664.0,27.37,36483.0,9.0,22.0,1.0
0,10000.0,7.99,A,705.0,709.0,11.36,30000.0,14.0,30.0,0.0
0,6000.0,7.21,A,700.0,704.0,13.37,47500.0,7.0,25.0,0.0
0,4000.0,11.39,B,665.0,669.0,21.78,60000.0,16.0,20.0,0.0
0,40000.0,7.99,A,705.0,709.0,6.33,280000.0,20.0,31.0,1.0
1,25000.0,11.49,B,705.0,709.0,18.96,80000.0,10.0,23.0,0.0
0,10000.0,11.44,B,670.0,674.0,20.23,55000.0,22.0,35.0,0.0
0,7000.0,19.99,D,660.0,664.0,13.12,100000.0,5.0,17.0,2.0
0,12000.0,12.74,C,695.0,699.0,24.8,90000.0,12.0,20.0,0.0
0,9800.0,7.99,A,680.0,684.0,15.67,50000.0,9.0,19.0,0.0
0,21600.0,15.99,C,660.0,664.0,25.59,69585.0,10.0,40.0,0.0
1,32350.0,23.88,E,660.0,664.0,25.96,100000.0,18.0,20.0,3.0
1,12500.0,10.49,B,690.0,694.0,25.63,71504.0,13.0,25.0,0.0
0,4000.0,8.24,B,690.0,694.0,18.03,40000.0,6.0,13.0,0.0
0,9600.0,5.32,A,790.0,794.0,8.7,52000.0,16.0,40.0,0.0
0,13925.0,15.99,C,680.0,684.0,32.22,124000.0,29.0,48.0,1.0
0,15000.0,17.99,D,690.0,694.0,11.58,54000.0,11.0,18.0,0.0
1,20000.0,10.91,B,670.0,674.0,14.23,160000.0,19.0,22.0,1.0
0,6000.0,7.97,A,690.0,694.0,7.89,42000.0,7.0,12.0,0.0
0,35000.0,23.99,E,760.0,764.0,28.12,85000.0,14.0,32.0,0.0
0,11000.0,11.44,B,685.0,689.0,17.36,57932.0,5.0,14.0,0.0
0,6000.0,12.74,C,665.0,669.0,17.47,35712.0,7.0,9.0,0.0
0,9800.0,7.07,A,760.0,764.0,31.56,80000.0,19.0,34.0,1.0
1,6500.0,10.91,B,665.0,669.0,23.49,40000.0,21.0,29.0,0.0
0,11000.0,14.99,C,660.0,664.0,16.08,45000.0,10.0,25.0,2.0
1,11000.0,14.08,C,720.0,724.0,35.63,40000.0,11.0,19.0,0.0
0,5600.0,6.99,A,710.0,714.0,4.62,52000.0,9.0,13.0,1.0
0,22600.0,15.99,C,680.0,684.0,16.74,59000.0,5.0,11.0,1.0
0,30000.0,13.99,C,715.0,719.0,21.83,80325.0,21.0,28.0,0.0
0,11950.0,12.74,C,705.0,709.0,8.9,75000.0,11.0,22.0,1.0
1,5000.0,14.08,C,690.0,694.0,23.0,85000.0,13.0,20.0,1.0
0,9600.0,11.39,B,690.0,694.0,10.83,69000.0,12.0,30.0,0.0
0,10000.0,11.49,B,670.0,674.0,15.74,60000.0,8.0,17.0,0.0
0,14400.0,11.49,B,700.0,704.0,12.57,65000.0,8.0,26.0,0.0
1,25000.0,11.99,B,715.0,719.0,4.82,55000.0,7.0,27.0,1.0
0,40000.0,5.32,A,735.0,739.0,11.96,250000.0,12.0,24.0,0.0
1,20000.0,7.21,A,730.0,734.0,24.37,90000.0,7.0,38.0,0.0
0,13500.0,11.49,B,685.0,689.0,11.35,93000.0,14.0,24.0,2.0
1,10000.0,14.08,C,710.0,714.0,29.63,32000.0,14.0,19.0,2.0
0,5000.0,10.42,B,665.0,669.0,11.81,75000.0,13.0,33.0,0.0
0,16000.0,11.49,B,705.0,709.0,18.08,52500.0,18.0,28.0,0.0
0,10800.0,7.49,A,695.0,699.0,10.95,65000.0,9.0,21.0,0.0
0,21000.0,5.32,A,740.0,744.0,13.47,120000.0,17.0,42.0,0.0
0,4000.0,8.24,B,670.0,674.0,16.74,44800.0,11.0,16.0,0.0
0,8500.0,19.03,D,685.0,689.0,13.72,55000.0,5.0,15.0,0.0
0,8400.0,6.99,A,770.0,774.0,18.25,78500.0,7.0,24.0,0.0
0,5500.0,7.21,A,760.0,764.0,24.12,30000.0,10.0,24.0,0.0
1,15000.0,11.99,B,660.0,664.0,16.73,65000.0,20.0,27.0,1.0
0,22000.0,12.74,C,715.0,719.0,17.65,47000.0,13.0,25.0,0.0
1,6000.0,12.74,C,660.0,664.0,19.92,31200.0,4.0,5.0,0.0
1,20000.0,11.99,B,695.0,699.0,28.2,120000.0,17.0,27.0,2.0
0,5200.0,16.02,C,660.0,664.0,30.69,21000.0,6.0,8.0,1.0
0,12500.0,7.21,A,705.0,709.0,10.36,150000.0,11.0,33.0,1.0
0,8000.0,10.91,B,660.0,664.0,14.31,40000.0,4.0,12.0,2.0
1,3800.0,8.24,B,670.0,674.0,24.66,68291.0,9.0,26.0,0.0
0,10000.0,15.99,C,700.0,704.0,7.02,33000.0,3.0,4.0,0.0
0,10000.0,11.49,B,665.0,669.0,25.31,85000.0,11.0,24.0,2.0
0,1000.0,13.49,C,740.0,744.0,3.95,31000.0,6.0,6.0,2.0
0,6500.0,5.32,A,760.0,764.0,15.28,130000.0,15.0,25.0,0.0
0,9850.0,11.44,B,680.0,684.0,13.75,76000.0,10.0,24.0,1.0
0,8000.0,11.44,B,665.0,669.0,26.92,35000.0,13.0,17.0,1.0
1,8000.0,16.02,C,675.0,679.0,2.23,85000.0,7.0,30.0,0.0
0,11400.0,12.74,C,720.0,724.0,30.25,60000.0,9.0,14.0,1.0
0,9600.0,18.06,D,665.0,669.0,14.11,50000.0,7.0,22.0,0.0
0,9000.0,11.39,B,670.0,674.0,119.22,8000.0,7.0,9.0,0.0
0,3500.0,11.49,B,705.0,709.0,26.69,42000.0,11.0,19.0,0.0
0,30000.0,7.49,A,765.0,769.0,17.59,140900.0,14.0,33.0,0.0
0,6500.0,12.74,C,660.0,664.0,9.64,139000.0,7.0,15.0,0.0
0,12000.0,11.49,B,695.0,699.0,22.42,70000.0,8.0,18.0,0.0
1,35000.0,14.08,C,690.0,694.0,20.8,108000.0,20.0,28.0,1.0
1,15000.0,21.45,D,715.0,719.0,7.1,80000.0,5.0,7.0,0.0
0,5000.0,16.02,C,660.0,664.0,11.16,87000.0,10.0,14.0,0.0
0,32000.0,10.49,B,725.0,729.0,13.69,170000.0,4.0,9.0,0.0
0,8000.0,12.74,C,685.0,689.0,30.12,40000.0,13.0,35.0,0.0
0,6000.0,11.99,B,675.0,679.0,24.5,57500.0,7.0,17.0,0.0
0,3300.0,12.62,C,680.0,684.0,12.44,81000.0,12.0,16.0,0.0
1,33775.0,16.02,C,690.0,694.0,50.34,49000.0,9.0,26.0,0.0
0,30000.0,11.99,B,675.0,679.0,24.12,75000.0,11.0,23.0,0.0
0,8000.0,14.08,C,675.0,679.0,12.39,43000.0,15.0,16.0,1.0
0,2400.0,7.99,A,730.0,734.0,20.93,48000.0,9.0,27.0,0.0
0,12000.0,13.59,C,705.0,709.0,26.02,25000.0,6.0,10.0,0.0
0,8000.0,16.02,C,675.0,679.0,25.39,45000.0,6.0,18.0,0.0
1,12000.0,18.99,D,670.0,674.0,14.19,40000.0,9.0,20.0,0.0
0,4800.0,8.24,B,665.0,669.0,10.9,36000.0,9.0,18.0,0.0
0,13000.0,8.24,B,695.0,699.0,19.97,55000.0,27.0,44.0,1.0
0,4000.0,7.49,A,740.0,744.0,8.46,51900.0,8.0,10.0,0.0
0,10800.0,11.99,B,710.0,714.0,34.02,63000.0,10.0,16.0,0.0
0,4800.0,11.49,B,685.0,689.0,17.94,35000.0,21.0,26.0,0.0
0,24000.0,17.99,D,810.0,814.0,15.66,80000.0,13.0,30.0,0.0
0,8000.0,12.62,C,710.0,714.0,11.71,70000.0,14.0,23.0,1.0
0,28000.0,12.74,C,675.0,679.0,30.07,36400.0,8.0,20.0,1.0
0,5000.0,11.49,B,670.0,674.0,23.58,40000.0,6.0,12.0,0.0
0,8400.0,13.99,C,690.0,694.0,34.16,28000.0,7.0,17.0,0.0
1,21250.0,16.02,C,670.0,674.0,7.94,112000.0,18.0,37.0,0.0
0,8000.0,7.97,A,690.0,694.0,12.12,153000.0,18.0,33.0,0.0
0,4000.0,11.44,B,670.0,674.0,9.76,85000.0,13.0,20.0,1.0
0,1000.0,11.49,B,690.0,694.0,18.63,50000.0,7.0,8.0,0.0
1,5000.0,10.42,B,745.0,749.0,24.82,28000.0,13.0,23.0,0.0
0,25000.0,10.91,B,670.0,674.0,14.42,80000.0,10.0,20.0,1.0
0,10000.0,13.99,C,690.0,694.0,25.61,87500.0,11.0,21.0,1.0
0,6000.0,11.99,B,660.0,664.0,5.81,140000.0,6.0,18.0,0.0
0,6825.0,13.59,C,715.0,719.0,24.67,18000.0,3.0,5.0,0.0
1,5700.0,11.44,B,710.0,714.0,32.16,60000.0,9.0,20.0,0.0
0,35000.0,7.24,A,735.0,739.0,9.04,130000.0,6.0,32.0,0.0
0,3000.0,14.99,C,675.0,679.0,18.6,60000.0,8.0,19.0,0.0
0,16600.0,22.91,E,735.0,739.0,2.61,76000.0,9.0,15.0,1.0
0,12000.0,7.99,A,680.0,684.0,11.08,70000.0,12.0,42.0,1.0
0,35000.0,15.05,C,660.0,664.0,25.08,113000.0,17.0,27.0,0.0
0,7000.0,11.99,B,685.0,689.0,27.65,81600.0,15.0,28.0,1.0
0,7800.0,11.44,B,665.0,669.0,6.73,55850.0,27.0,29.0,1.0
1,5500.0,9.44,B,675.0,679.0,21.01,75000.0,13.0,34.0,0.0
0,21000.0,11.39,B,680.0,684.0,23.59,125000.0,11.0,29.0,4.0
0,4800.0,11.49,B,745.0,749.0,12.9,16000.0,4.0,5.0,0.0
1,7000.0,12.74,C,675.0,679.0,18.39,33280.0,7.0,7.0,0.0
0,30000.0,17.99,D,675.0,679.0,17.82,110000.0,10.0,13.0,0.0
0,1800.0,16.02,C,675.0,679.0,31.48,52000.0,11.0,26.0,2.0
0,1000.0,12.74,C,675.0,679.0,30.29,42000.0,6.0,16.0,1.0
0,9000.0,10.42,B,670.0,674.0,19.89,47000.0,12.0,26.0,1.0
0,8000.0,12.74,C,705.0,709.0,11.38,72000.0,10.0,19.0,2.0
1,5700.0,24.85,E,660.0,664.0,6.57,16800.0,7.0,15.0,0.0
0,7200.0,12.74,C,675.0,679.0,12.05,73000.0,7.0,24.0,0.0
0,5600.0,5.32,A,795.0,799.0,15.81,64000.0,10.0,19.0,0.0
0,4000.0,12.74,C,660.0,664.0,20.83,26500.0,13.0,14.0,1.0
0,35000.0,11.39,B,670.0,674.0,17.72,150000.0,14.0,15.0,0.0
0,25000.0,8.24,B,665.0,669.0,21.45,300000.0,41.0,63.0,0.0
0,40000.0,8.24,B,690.0,694.0,15.99,140000.0,8.0,22.0,0.0
0,14000.0,8.24,B,675.0,679.0,22.54,65000.0,11.0,17.0,2.0
0,12000.0,14.08,C,665.0,669.0,14.22,33000.0,19.0,22.0,1.0
0,3500.0,12.74,C,695.0,699.0,30.17,22000.0,11.0,14.0,0.0
0,6025.0,7.21,A,680.0,684.0,5.7,88000.0,6.0,15.0,0.0
0,5000.0,19.03,D,690.0,694.0,7.28,30000.0,4.0,4.0,0.0
0,2400.0,8.24,B,760.0,764.0,12.96,45000.0,13.0,31.0,1.0
0,35000.0,10.49,B,675.0,679.0,14.45,150000.0,19.0,37.0,1.0
1,12000.0,9.93,B,705.0,709.0,15.26,80000.0,16.0,26.0,1.0
1,8000.0,13.49,C,660.0,664.0,25.32,37638.94,6.0,19.0,0.0
0,25000.0,8.24,B,710.0,714.0,17.69,120000.0,18.0,23.0,0.0
0,8000.0,5.32,A,800.0,804.0,22.64,67000.0,17.0,38.0,0.0
1,12000.0,8.24,B,665.0,669.0,5.53,95000.0,9.0,24.0,0.0
1,10000.0,11.99,B,730.0,734.0,17.49,33000.0,8.0,15.0,3.0
0,9600.0,9.93,B,675.0,679.0,7.81,96000.0,10.0,29.0,0.0
0,4275.0,13.49,C,670.0,674.0,32.9,32000.0,10.0,14.0,1.0
0,24000.0,11.49,B,670.0,674.0,16.25,74500.0,8.0,14.0,0.0
1,3000.0,15.99,C,675.0,679.0,22.8,30000.0,6.0,10.0,2.0
0,9700.0,13.59,C,700.0,704.0,16.82,52000.0,7.0,30.0,0.0
0,8400.0,11.39,B,665.0,669.0,14.02,85000.0,9.0,15.0,0.0
0,6500.0,30.74,F,675.0,679.0,26.67,72000.0,12.0,29.0,4.0
0,5000.0,15.05,C,660.0,664.0,23.86,60000.0,12.0,33.0,1.0
0,5000.0,11.44,B,675.0,679.0,20.67,50000.0,8.0,13.0,0.0
0,15000.0,12.74,C,675.0,679.0,4.84,81984.0,9.0,23.0,2.0
1,12500.0,17.09,D,745.0,749.0,22.25,45900.0,14.0,19.0,1.0
1,4800.0,10.42,B,720.0,724.0,16.6,48000.0,5.0,9.0,0.0
0,8000.0,7.49,A,720.0,724.0,10.17,80000.0,14.0,29.0,0.0
0,11000.0,10.49,B,675.0,679.0,15.26,60000.0,12.0,13.0,0.0
0,4000.0,13.99,C,670.0,674.0,28.64,65000.0,18.0,25.0,0.0
1,12000.0,10.42,B,730.0,734.0,18.81,65000.0,21.0,41.0,0.0
0,10000.0,15.05,C,660.0,664.0,18.68,74000.0,9.0,11.0,0.0
0,35000.0,17.09,D,705.0,709.0,8.46,200000.0,9.0,12.0,0.0
0,15000.0,11.44,B,710.0,714.0,30.93,40000.0,19.0,28.0,0.0
0,10000.0,8.24,B,700.0,704.0,29.45,67000.0,18.0,36.0,0.0
0,18000.0,10.42,B,700.0,704.0,20.93,120000.0,21.0,32.0,1.0
0,6050.0,12.74,C,755.0,759.0,27.97,20000.0,6.0,13.0,0.0
0,20000.0,15.05,C,665.0,669.0,4.43,160000.0,17.0,26.0,2.0
1,5000.0,12.62,C,710.0,714.0,21.9,24000.0,14.0,17.0,2.0
0,35000.0,6.99,A,730.0,734.0,14.18,100000.0,10.0,25.0,0.0
1,15000.0,19.99,D,680.0,684.0,32.68,48000.0,19.0,33.0,2.0
1,14400.0,13.59,C,715.0,719.0,25.64,80000.0,11.0,20.0,1.0
1,30000.0,9.44,B,660.0,664.0,1.78,120000.0,4.0,5.0,1.0
0,10000.0,5.32,A,720.0,724.0,14.35,176000.0,25.0,38.0,0.0
0,15000.0,12.62,C,675.0,679.0,21.44,45000.0,7.0,31.0,0.0
1,10550.0,20.0,D,665.0,669.0,20.38,72000.0,10.0,22.0,4.0
1,12000.0,19.03,D,695.0,699.0,13.57,51216.0,5.0,12.0,0.0
0,10000.0,23.99,E,665.0,669.0,4.29,90000.0,10.0,20.0,4.0
0,9600.0,15.99,C,660.0,664.0,20.16,36200.0,8.0,16.0,1.0
0,6500.0,6.99,A,750.0,754.0,10.96,57500.0,7.0,21.0,1.0
1,7000.0,10.91,B,720.0,724.0,31.4,72000.0,13.0,25.0,0.0
0,10000.0,8.24,B,705.0,709.0,10.83,78104.0,8.0,13.0,0.0
0,1000.0,8.24,B,675.0,679.0,26.94,77000.0,14.0,27.0,0.0
1,2000.0,18.99,D,660.0,664.0,22.93,28000.0,8.0,23.0,2.0
1,8000.0,15.05,C,695.0,699.0,23.06,70000.0,16.0,20.0,2.0
0,3500.0,8.24,B,660.0,664.0,26.78,26000.0,8.0,23.0,0.0
0,4000.0,11.44,B,660.0,664.0,3.48,29000.0,4.0,9.0,0.0
0,3600.0,22.74,E,690.0,694.0,27.73,10000.0,7.0,8.0,0.0
0,4650.0,10.42,B,690.0,694.0,23.16,29893.0,12.0,27.0,1.0
0,15000.0,9.44,B,720.0,724.0,16.75,65000.0,6.0,28.0,0.0
0,9000.0,10.49,B,660.0,664.0,20.2,36000.0,9.0,14.0,0.0
0,15000.0,10.91,B,705.0,709.0,13.96,65000.0,11.0,17.0,0.0
0,10000.0,11.44,B,680.0,684.0,28.26,35000.0,8.0,15.0,0.0
1,5500.0,11.99,B,665.0,669.0,14.63,67000.0,13.0,15.0,2.0
1,15000.0,16.99,D,675.0,679.0,20.29,42000.0,6.0,8.0,0.0
0,2800.0,10.91,B,685.0,689.0,23.87,65000.0,12.0,24.0,1.0
0,6950.0,9.44,B,730.0,734.0,12.53,80000.0,16.0,39.0,2.0
0,8000.0,11.49,B,695.0,699.0,12.65,50000.0,25.0,28.0,2.0
0,9600.0,11.44,B,680.0,684.0,5.65,52000.0,5.0,13.0,0.0
0,23000.0,11.49,B,705.0,709.0,22.03,72000.0,9.0,31.0,1.0
0,12000.0,9.93,B,725.0,729.0,24.77,50000.0,8.0,11.0,1.0
1,33275.0,12.62,C,680.0,684.0,18.93,255000.0,24.0,34.0,1.0
0,18000.0,11.49,B,690.0,694.0,28.13,47946.36,30.0,47.0,2.0
0,8000.0,7.99,A,725.0,729.0,23.91,49900.0,5.0,22.0,0.0
0,15000.0,11.44,B,710.0,714.0,11.9,300000.0,8.0,16.0,0.0
0,40000.0,6.99,A,690.0,694.0,32.88,95000.0,12.0,29.0,0.0
0,6000.0,11.44,B,720.0,724.0,20.73,65000.0,15.0,42.0,3.0
0,11900.0,17.99,D,690.0,694.0,20.49,28000.0,6.0,12.0,1.0
1,18000.0,9.44,B,705.0,709.0,20.82,75000.0,14.0,26.0,3.0
0,10000.0,5.32,A,725.0,729.0,8.86,100000.0,22.0,36.0,0.0
0,26825.0,14.99,C,700.0,704.0,5.44,155000.0,3.0,8.0,1.0
1,16000.0,13.49,C,665.0,669.0,32.61,77000.0,20.0,24.0,0.0
1,22400.0,5.32,A,735.0,739.0,32.63,176000.0,12.0,25.0,0.0
0,12600.0,7.49,A,680.0,684.0,21.27,66400.0,7.0,16.0,0.0
0,6400.0,7.97,A,740.0,744.0,28.8,52650.0,11.0,15.0,0.0
1,6000.0,16.02,C,710.0,714.0,18.66,44000.0,7.0,13.0,0.0
0,3200.0,28.69,F,685.0,689.0,34.53,54226.0,14.0,41.0,2.0
0,12000.0,7.24,A,750.0,754.0,22.1,55000.0,13.0,22.0,0.0
1,14000.0,23.99,E,660.0,664.0,27.49,52000.0,17.0,27.0,3.0
0,11000.0,7.49,A,685.0,689.0,17.9,96000.0,15.0,28.0,0.0
0,15000.0,5.32,A,790.0,794.0,18.9,71000.0,9.0,24.0,0.0
1,14125.0,23.88,E,705.0,709.0,14.93,39300.0,5.0,5.0,0.0
0,9600.0,12.74,C,695.0,699.0,27.51,67000.0,27.0,38.0,0.0
1,3175.0,17.99,D,675.0,679.0,33.26,21000.0,11.0,15.0,0.0
1,6000.0,23.88,E,680.0,684.0,30.55,24000.0,10.0,13.0,1.0
0,5000.0,11.39,B,670.0,674.0,16.73,49000.0,23.0,29.0,2.0
1,24475.0,13.49,C,685.0,689.0,19.93,51000.0,11.0,21.0,0.0
0,35000.0,23.99,E,665.0,669.0,24.78,105000.0,18.0,35.0,0.0
0,4000.0,11.49,B,715.0,719.0,26.26,52000.0,11.0,12.0,0.0
1,40000.0,7.07,A,775.0,779.0,19.21,225000.0,5.0,16.0,2.0
0,1200.0,16.99,D,670.0,674.0,22.67,72000.0,17.0,25.0,2.0
1,9150.0,30.84,G,670.0,674.0,17.25,38000.0,10.0,37.0,2.0
1,14400.0,18.06,D,670.0,674.0,28.75,44000.0,9.0,32.0,1.0
0,9525.0,7.99,A,740.0,744.0,25.29,51000.0,13.0,22.0,0.0
1,24000.0,14.99,C,680.0,684.0,12.23,165000.0,15.0,23.0,1.0
0,10000.0,10.42,B,680.0,684.0,8.69,38000.0,7.0,9.0,0.0
0,24000.0,12.74,C,710.0,714.0,14.8,350000.0,18.0,43.0,2.0
1,24600.0,21.45,D,665.0,669.0,27.31,55944.0,12.0,32.0,0.0
0,35000.0,7.97,A,745.0,749.0,17.08,135000.0,11.0,19.0,0.0
0,6000.0,10.91,B,685.0,689.0,13.02,65000.0,12.0,70.0,1.0
0,8400.0,5.32,A,815.0,819.0,16.71,52000.0,13.0,31.0,0.0
1,7200.0,16.02,C,660.0,664.0,17.12,34000.0,11.0,32.0,3.0
1,20000.0,13.59,C,685.0,689.0,19.91,78000.0,7.0,23.0,0.0
0,5850.0,8.24,B,670.0,674.0,10.39,148000.0,10.0,23.0,0.0
0,28000.0,12.74,C,670.0,674.0,21.39,75000.0,7.0,34.0,0.0
0,4000.0,16.02,C,670.0,674.0,19.32,150000.0,20.0,44.0,0.0
1,10000.0,13.99,C,680.0,684.0,30.63,36000.0,9.0,21.0,0.0
0,5000.0,14.08,C,715.0,719.0,22.92,170000.0,20.0,38.0,0.0
0,6000.0,11.39,B,690.0,694.0,12.65,70000.0,17.0,34.0,3.0
0,5600.0,15.99,C,665.0,669.0,7.44,89000.0,15.0,25.0,2.0
0,1800.0,11.44,B,760.0,764.0,24.7,34500.0,12.0,23.0,1.0
0,10000.0,12.62,C,705.0,709.0,23.74,28000.0,6.0,10.0,0.0
0,7000.0,11.99,B,705.0,709.0,11.95,75000.0,13.0,22.0,1.0
1,12000.0,11.99,B,675.0,679.0,14.83,45000.0,10.0,13.0,2.0
1,16000.0,7.99,A,710.0,714.0,7.75,100000.0,5.0,25.0,0.0
0,3000.0,15.99,C,660.0,664.0,5.11,23000.0,4.0,6.0,0.0
0,15000.0,6.99,A,740.0,744.0,23.16,63000.0,20.0,32.0,0.0
0,8000.0,7.99,A,765.0,769.0,5.44,110000.0,14.0,31.0,0.0
0,10000.0,12.74,C,675.0,679.0,28.2,50000.0,13.0,17.0,0.0
0,32350.0,7.24,A,755.0,759.0,14.82,145000.0,12.0,22.0,0.0
1,5000.0,7.24,A,725.0,729.0,25.74,71000.0,12.0,37.0,1.0
0,16800.0,15.99,C,680.0,684.0,20.75,90500.0,14.0,17.0,1.0
0,8000.0,7.99,A,700.0,704.0,10.96,101000.0,11.0,17.0,0.0
0,16000.0,11.49,B,680.0,684.0,9.7,115000.0,6.0,11.0,0.0
0,14000.0,11.99,B,675.0,679.0,28.3,60000.0,23.0,60.0,1.0
1,20000.0,11.49,B,700.0,704.0,11.77,100000.0,14.0,27.0,1.0
0,1200.0,9.93,B,665.0,669.0,10.28,69000.0,4.0,15.0,0.0
0,9600.0,15.99,C,675.0,679.0,21.39,58000.0,6.0,7.0,0.0
0,9600.0,11.99,B,675.0,679.0,22.81,93000.0,14.0,25.0,0.0
0,10000.0,8.24,B,670.0,674.0,12.92,68000.0,20.0,40.0,1.0
0,4200.0,13.49,C,690.0,694.0,16.27,47000.0,9.0,15.0,0.0
0,5000.0,10.42,B,680.0,684.0,4.76,65000.0,6.0,18.0,0.0
0,9600.0,13.49,C,695.0,699.0,25.44,65000.0,9.0,23.0,1.0
0,11200.0,11.99,B,665.0,669.0,13.26,61000.0,9.0,12.0,0.0
0,6000.0,12.74,C,665.0,669.0,14.45,75000.0,19.0,24.0,2.0
1,8000.0,16.02,C,735.0,739.0,14.94,40000.0,4.0,4.0,0.0
1,10000.0,11.49,B,710.0,714.0,6.55,55000.0,5.0,10.0,1.0
1,20000.0,12.74,C,675.0,679.0,15.81,70000.0,9.0,22.0,0.0
1,4000.0,8.24,B,700.0,704.0,20.59,84000.0,16.0,23.0,0.0
1,14400.0,23.88,E,665.0,669.0,15.17,50000.0,9.0,21.0,0.0
0,6025.0,12.62,C,665.0,669.0,28.0,60000.0,20.0,38.0,2.0
1,4800.0,13.59,C,695.0,699.0,28.09,43161.0,8.0,11.0,0.0
0,14000.0,12.74,C,705.0,709.0,29.39,100000.0,11.0,27.0,0.0
0,14400.0,12.74,C,735.0,739.0,20.71,113105.0,10.0,22.0,0.0
0,7000.0,13.99,C,665.0,669.0,8.85,35000.0,12.0,15.0,1.0
1,20000.0,13.99,C,700.0,704.0,29.96,90000.0,11.0,52.0,0.0
0,3000.0,9.44,B,730.0,734.0,2.37,190000.0,6.0,8.0,0.0
0,2000.0,15.99,C,670.0,674.0,14.58,50960.0,8.0,15.0,0.0
0,17625.0,11.49,B,745.0,749.0,29.45,65000.0,9.0,18.0,0.0
0,12000.0,9.93,B,665.0,669.0,15.7,100000.0,15.0,21.0,0.0
0,4000.0,5.32,A,795.0,799.0,15.6,32000.0,11.0,24.0,0.0
0,12000.0,11.49,B,675.0,679.0,10.68,120000.0,17.0,37.0,1.0
1,32200.0,18.06,D,660.0,664.0,20.98,70000.0,19.0,55.0,0.0
0,11000.0,7.35,A,710.0,714.0,12.85,65000.0,7.0,19.0,0.0
1,6625.0,17.09,D,695.0,699.0,13.18,51000.0,6.0,11.0,2.0
1,6050.0,19.99,D,680.0,684.0,32.15,36400.0,17.0,21.0,2.0
0,30000.0,7.21,A,695.0,699.0,13.58,225000.0,21.0,45.0,0.0
0,11000.0,12.74,C,695.0,699.0,7.58,124000.0,11.0,19.0,1.0
1,22000.0,10.91,B,695.0,699.0,8.61,93269.0,31.0,64.0,2.0
0,40000.0,9.93,B,705.0,709.0,6.23,150000.0,10.0,11.0,1.0
0,24825.0,15.99,C,730.0,734.0,27.89,54000.0,13.0,22.0,0.0
1,22400.0,12.74,C,670.0,674.0,18.74,123000.0,15.0,24.0,2.0
0,20000.0,11.49,B,725.0,729.0,30.25,55000.0,5.0,9.0,0.0
0,6200.0,5.32,A,780.0,784.0,6.12,70000.0,17.0,27.0,0.0
0,6000.0,13.49,C,660.0,664.0,12.87,28900.0,8.0,24.0,3.0
0,3000.0,11.49,B,685.0,689.0,31.29,85000.0,13.0,31.0,0.0
1,20000.0,18.06,D,690.0,694.0,38.96,70000.0,12.0,22.0,0.0
0,10000.0,7.24,A,840.0,844.0,7.62,150000.0,11.0,25.0,0.0
0,5000.0,5.32,A,740.0,744.0,8.59,127000.0,12.0,36.0,1.0
1,6100.0,24.74,E,665.0,669.0,29.73,18000.0,8.0,8.0,1.0
0,16700.0,11.49,B,700.0,704.0,26.0,50000.0,13.0,36.0,1.0
0,5000.0,5.32,A,730.0,734.0,11.69,150000.0,6.0,18.0,0.0
0,4800.0,7.21,A,740.0,744.0,10.97,23400.0,4.0,4.0,0.0
0,35000.0,10.91,B,720.0,724.0,22.74,82000.0,6.0,22.0,0.0
0,12000.0,11.99,B,665.0,669.0,19.46,65000.0,6.0,12.0,1.0
0,13200.0,10.91,B,670.0,674.0,27.03,43680.0,9.0,14.0,1.0
1,4000.0,7.21,A,685.0,689.0,23.55,71000.0,16.0,32.0,0.0
0,9000.0,12.74,C,665.0,669.0,4.13,50000.0,5.0,8.0,1.0
0,3500.0,12.74,C,725.0,729.0,22.54,84000.0,14.0,21.0,1.0
0,15000.0,17.99,D,660.0,664.0,14.33,49000.0,6.0,10.0,0.0
0,4000.0,11.44,B,705.0,709.0,29.43,55000.0,10.0,33.0,1.0
1,5600.0,16.99,D,705.0,709.0,22.45,118560.0,9.0,19.0,0.0
0,14000.0,20.0,D,665.0,669.0,23.65,55000.0,8.0,18.0,0.0
0,24000.0,8.24,B,660.0,664.0,14.67,119000.0,5.0,13.0,0.0
0,9600.0,9.44,B,670.0,674.0,12.35,61000.0,5.0,16.0,0.0
1,35000.0,23.99,E,665.0,669.0,33.1,150000.0,26.0,42.0,0.0
0,14000.0,6.99,A,740.0,744.0,3.31,245000.0,9.0,20.0,0.0
1,28000.0,9.44,B,775.0,779.0,24.52,28000.0,11.0,22.0,0.0
0,30000.0,7.21,A,770.0,774.0,14.65,95000.0,13.0,24.0,0.0
1,10000.0,25.82,E,715.0,719.0,22.63,85000.0,8.0,9.0,1.0
0,11100.0,8.24,B,660.0,664.0,7.73,80000.0,12.0,40.0,1.0
1,40000.0,7.35,A,710.0,714.0,6.19,100000.0,14.0,29.0,0.0
0,32000.0,19.03,D,670.0,674.0,53.46,55000.0,19.0,33.0,0.0
0,16300.0,7.24,A,725.0,729.0,18.13,100000.0,11.0,34.0,1.0
0,15000.0,13.49,C,670.0,674.0,22.67,37900.0,11.0,22.0,0.0
0,12000.0,11.44,B,730.0,734.0,1.66,63000.0,10.0,20.0,0.0
0,12000.0,11.99,B,685.0,689.0,12.69,98000.0,11.0,20.0,0.0
0,15000.0,11.49,B,705.0,709.0,10.18,150000.0,11.0,24.0,0.0
0,8000.0,11.99,B,680.0,684.0,16.88,58000.0,12.0,33.0,1.0
1,6000.0,12.74,C,685.0,689.0,13.71,50000.0,4.0,6.0,1.0
0,28000.0,19.99,D,665.0,669.0,26.73,56000.0,16.0,24.0,0.0
1,10000.0,11.99,B,725.0,729.0,18.03,42000.0,19.0,37.0,1.0
0,16650.0,14.08,C,720.0,724.0,33.33,52500.0,9.0,30.0,0.0
1,4800.0,20.0,D,660.0,664.0,16.69,150000.0,23.0,39.0,0.0
1,10650.0,15.05,C,675.0,679.0,19.36,29600.0,7.0,11.0,1.0
0,8000.0,12.62,C,665.0,669.0,18.33,155000.0,12.0,50.0,1.0
0,6000.0,17.99,D,665.0,669.0,32.72,52600.0,20.0,32.0,1.0
1,16000.0,16.99,D,680.0,684.0,17.77,180000.0,14.0,48.0,2.0
0,5000.0,11.39,B,695.0,699.0,16.04,55000.0,9.0,26.0,1.0
0,25000.0,6.99,A,755.0,759.0,17.94,250000.0,21.0,39.0,2.0
1,18000.0,23.99,E,680.0,684.0,25.83,40000.0,12.0,22.0,1.0
0,15000.0,12.62,C,685.0,689.0,29.83,90000.0,21.0,31.0,2.0
0,30000.0,5.32,A,705.0,709.0,23.86,185000.0,10.0,18.0,1.0
0,8400.0,7.49,A,715.0,719.0,15.6,40000.0,9.0,25.0,0.0
0,5600.0,8.24,B,670.0,674.0,17.05,44000.0,4.0,7.0,0.0
0,12000.0,11.49,B,725.0,729.0,23.07,45000.0,5.0,12.0,0.0
0,1000.0,8.24,B,685.0,689.0,13.05,119500.0,7.0,18.0,0.0
0,8400.0,12.74,C,680.0,684.0,32.54,52000.0,13.0,23.0,1.0
1,15000.0,16.02,C,685.0,689.0,43.39,57000.0,11.0,30.0,0.0
0,7200.0,18.99,D,660.0,664.0,27.87,50000.0,8.0,38.0,1.0
0,5000.0,21.49,D,665.0,669.0,19.77,38000.0,5.0,34.0,1.0
0,10000.0,18.99,D,665.0,669.0,13.81,55000.0,8.0,12.0,4.0
0,15000.0,10.49,B,690.0,694.0,9.57,71000.0,8.0,23.0,1.0
0,6000.0,8.24,B,670.0,674.0,13.77,30500.0,6.0,9.0,0.0
0,7000.0,13.99,C,660.0,664.0,18.52,92170.0,21.0,29.0,1.0
0,9100.0,19.99,D,680.0,684.0,11.22,26000.0,10.0,35.0,0.0
0,3200.0,18.06,D,665.0,669.0,17.63,32000.0,5.0,7.0,0.0
0,7500.0,10.42,B,680.0,684.0,13.4,65000.0,13.0,17.0,1.0
0,10000.0,10.42,B,675.0,679.0,22.01,90000.0,16.0,20.0,0.0
0,35000.0,15.99,C,695.0,699.0,10.53,85000.0,8.0,11.0,0.0
0,3000.0,10.49,B,685.0,689.0,14.26,33500.0,15.0,24.0,0.0
0,19550.0,12.74,C,665.0,669.0,3.47,102025.0,7.0,25.0,0.0
0,35000.0,17.09,D,700.0,704.0,32.14,100000.0,20.0,36.0,0.0
0,15000.0,5.32,A,730.0,734.0,17.98,150000.0,21.0,30.0,1.0
0,14400.0,14.99,C,680.0,684.0,19.03,56000.0,12.0,34.0,0.0
0,9500.0,8.24,B,705.0,709.0,32.31,85000.0,7.0,13.0,0.0
1,12000.0,11.44,B,660.0,664.0,25.25,41200.0,11.0,15.0,0.0
0,35000.0,11.49,B,700.0,704.0,13.7,150000.0,34.0,41.0,1.0
1,7000.0,12.62,C,685.0,689.0,13.72,60885.0,17.0,30.0,1.0
0,25000.0,9.93,B,700.0,704.0,18.53,100000.0,11.0,22.0,1.0
1,1200.0,24.85,E,685.0,689.0,6.58,70000.0,8.0,24.0,1.0
1,3600.0,7.97,A,730.0,734.0,18.51,62000.0,9.0,11.0,0.0
0,10000.0,9.93,B,675.0,679.0,7.65,77000.0,8.0,10.0,1.0
0,9600.0,10.49,B,665.0,669.0,13.0,47000.0,10.0,23.0,0.0
0,21000.0,24.74,E,675.0,679.0,19.47,102000.0,25.0,51.0,1.0
1,33000.0,10.91,B,680.0,684.0,42.22,47500.0,8.0,18.0,1.0
1,37000.0,9.44,B,720.0,724.0,21.33,122000.0,20.0,30.0,0.0
0,18000.0,6.99,A,735.0,739.0,12.23,84000.0,6.0,19.0,0.0
0,4000.0,11.49,B,710.0,714.0,19.91,59000.0,18.0,47.0,2.0
1,3075.0,19.99,D,680.0,684.0,34.57,35000.0,13.0,18.0,0.0
0,12000.0,11.39,B,670.0,674.0,8.4,49000.0,5.0,13.0,0.0
0,5500.0,12.74,C,660.0,664.0,22.1,96000.0,9.0,19.0,1.0
1,14400.0,13.99,C,705.0,709.0,33.91,44000.0,11.0,16.0,0.0
0,35000.0,15.05,C,660.0,664.0,10.29,165000.0,18.0,20.0,0.0
0,19200.0,11.44,B,720.0,724.0,22.57,58000.0,19.0,26.0,0.0
1,10000.0,19.99,D,675.0,679.0,17.08,46800.0,7.0,10.0,1.0
0,8000.0,14.99,C,665.0,669.0,13.85,104000.0,12.0,22.0,1.0
0,5000.0,15.05,C,665.0,669.0,3.7,75000.0,13.0,23.0,2.0
1,20000.0,19.03,D,680.0,684.0,33.5,52000.0,8.0,15.0,0.0
0,14600.0,5.32,A,745.0,749.0,17.38,105000.0,14.0,50.0,0.0
0,31200.0,7.24,A,785.0,789.0,18.71,78000.0,13.0,27.0,1.0
0,11200.0,5.32,A,800.0,804.0,6.96,150000.0,10.0,22.0,0.0
0,3000.0,9.44,B,730.0,734.0,11.92,43000.0,13.0,15.0,0.0
0,8000.0,10.49,B,675.0,679.0,21.63,44500.0,6.0,34.0,0.0
0,4000.0,11.99,B,685.0,689.0,20.71,62000.0,22.0,63.0,1.0
0,15000.0,5.32,A,770.0,774.0,12.66,75000.0,15.0,37.0,0.0
0,7000.0,11.44,B,710.0,714.0,14.12,65000.0,14.0,14.0,0.0
0,5000.0,8.24,B,740.0,744.0,26.5,26000.0,10.0,10.0,0.0
0,24000.0,6.99,A,730.0,734.0,20.63,81500.0,12.0,37.0,2.0
0,6000.0,7.99,A,780.0,784.0,18.07,38000.0,10.0,22.0,0.0
1,31550.0,16.99,D,710.0,714.0,43.52,30000.0,5.0,16.0,0.0
1,18000.0,15.99,C,660.0,664.0,11.31,82000.0,8.0,13.0,1.0
0,30425.0,14.08,C,690.0,694.0,32.75,96000.0,10.0,27.0,1.0
0,5000.0,16.02,C,685.0,689.0,26.14,35000.0,8.0,9.0,0.0
1,2400.0,14.99,C,690.0,694.0,10.15,33200.0,20.0,28.0,1.0
0,35000.0,12.74,C,660.0,664.0,21.68,65890.0,12.0,28.0,0.0
0,14400.0,11.49,B,680.0,684.0,17.25,45000.0,15.0,24.0,0.0
1,15000.0,19.99,D,665.0,669.0,18.16,62000.0,9.0,16.0,1.0
0,7200.0,10.49,B,675.0,679.0,14.96,60000.0,8.0,25.0,0.0
0,35000.0,11.49,B,720.0,724.0,17.93,140000.0,6.0,10.0,2.0
0,8900.0,14.08,C,670.0,674.0,9.61,120000.0,4.0,18.0,1.0
0,20000.0,7.24,A,695.0,699.0,11.71,190000.0,21.0,33.0,0.0
0,24000.0,10.49,B,665.0,669.0,30.57,80000.0,18.0,25.0,2.0
1,7450.0,17.99,D,685.0,689.0,28.25,35006.4,11.0,19.0,1.0
0,4000.0,13.99,C,685.0,689.0,6.52,80000.0,16.0,21.0,0.0
1,35000.0,12.62,C,690.0,694.0,7.07,300000.0,7.0,26.0,0.0
1,2400.0,18.06,D,685.0,689.0,6.15,62400.0,3.0,3.0,1.0
0,9000.0,12.74,C,680.0,684.0,28.87,41531.0,7.0,19.0,0.0
1,8000.0,12.62,C,785.0,789.0,7.93,75996.0,7.0,22.0,0.0
0,18000.0,5.32,A,795.0,799.0,28.05,150000.0,15.0,27.0,0.0
0,6750.0,13.59,C,740.0,744.0,33.92,50000.0,11.0,20.0,0.0
0,11200.0,13.59,C,670.0,674.0,14.37,71000.0,11.0,45.0,0.0
1,9000.0,9.44,B,700.0,704.0,21.45,49000.0,8.0,10.0,0.0
1,28000.0,12.62,C,705.0,709.0,22.13,45000.0,18.0,20.0,0.0
0,5000.0,7.49,A,720.0,724.0,31.88,85000.0,17.0,27.0,1.0
0,8000.0,13.49,C,680.0,684.0,11.93,73000.0,7.0,17.0,0.0
0,10000.0,7.21,A,730.0,734.0,17.86,57000.0,13.0,37.0,1.0
1,10000.0,7.99,A,680.0,684.0,14.79,93600.0,13.0,30.0,0.0
0,12000.0,12.62,C,690.0,694.0,8.12,51000.0,6.0,7.0,0.0
1,10000.0,15.99,C,685.0,689.0,23.47,79000.0,10.0,13.0,0.0
1,2000.0,7.99,A,700.0,704.0,32.72,30000.0,5.0,9.0,0.0
0,5000.0,7.99,A,725.0,729.0,11.71,75000.0,4.0,14.0,0.0
1,12000.0,7.97,A,700.0,704.0,21.31,77000.0,10.0,28.0,1.0
0,10000.0,7.24,A,750.0,754.0,11.28,30000.0,16.0,32.0,0.0
0,16000.0,17.99,D,695.0,699.0,31.46,250000.0,18.0,26.0,0.0
0,5000.0,11.44,B,685.0,689.0,16.11,26000.0,26.0,43.0,1.0
1,24000.0,12.62,C,705.0,709.0,39.74,48500.0,9.0,25.0,0.0
0,20000.0,7.49,A,715.0,719.0,19.43,87000.0,13.0,16.0,0.0
1,10000.0,15.99,C,660.0,664.0,15.3,40000.0,6.0,6.0,0.0
0,4000.0,13.49,C,675.0,679.0,25.71,75000.0,14.0,24.0,3.0
0,28000.0,13.99,C,730.0,734.0,31.45,92000.0,10.0,22.0,1.0
0,9600.0,8.24,B,665.0,669.0,16.15,50000.0,6.0,11.0,0.0
0,15000.0,6.99,A,725.0,729.0,20.59,70000.0,16.0,36.0,0.0
0,12100.0,11.49,B,735.0,739.0,30.15,40000.0,10.0,21.0,0.0
0,6000.0,11.39,B,695.0,699.0,19.05,32000.0,7.0,8.0,0.0
0,2550.0,24.74,E,675.0,679.0,11.37,17000.0,5.0,7.0,0.0
0,12000.0,14.08,C,705.0,709.0,21.85,64000.0,11.0,23.0,0.0
0,6000.0,13.49,C,670.0,674.0,32.42,55000.0,8.0,22.0,1.0
0,35000.0,5.32,A,765.0,769.0,3.53,180000.0,6.0,25.0,0.0
0,1500.0,15.99,C,680.0,684.0,12.0,37500.0,6.0,7.0,2.0
1,7200.0,5.32,A,720.0,724.0,9.31,50000.0,15.0,35.0,0.0
1,1400.0,15.05,C,680.0,684.0,21.75,92000.0,11.0,37.0,0.0
0,26100.0,13.99,C,665.0,669.0,24.93,58000.0,9.0,17.0,1.0
0,17000.0,5.32,A,750.0,754.0,9.66,150000.0,18.0,33.0,1.0
0,10000.0,9.93,B,720.0,724.0,18.69,45476.0,10.0,12.0,3.0
0,6500.0,10.49,B,685.0,689.0,13.47,38500.0,7.0,15.0,0.0
0,8000.0,8.24,B,665.0,669.0,8.74,105000.0,4.0,8.0,0.0
0,10000.0,11.99,B,705.0,709.0,16.31,42000.0,9.0,10.0,0.0
0,4200.0,11.49,B,685.0,689.0,27.48,60000.0,9.0,18.0,0.0
1,8000.0,15.05,C,680.0,684.0,29.19,98000.0,39.0,57.0,2.0
0,4000.0,7.99,A,700.0,704.0,6.3,136000.0,13.0,20.0,1.0
0,14500.0,10.49,B,720.0,724.0,26.78,29000.0,6.0,12.0,0.0
0,23725.0,14.08,C,710.0,714.0,31.29,47476.0,13.0,28.0,0.0
1,10000.0,13.59,C,665.0,669.0,19.14,104000.0,10.0,21.0,2.0
0,25000.0,7.49,A,730.0,734.0,19.23,77000.0,15.0,36.0,0.0
0,10000.0,7.99,A,705.0,709.0,21.02,35000.0,17.0,24.0,0.0
0,32000.0,12.62,C,700.0,704.0,20.06,120000.0,8.0,31.0,0.0
0,10000.0,18.06,D,690.0,694.0,30.46,39000.0,17.0,28.0,0.0
0,35000.0,15.99,C,680.0,684.0,23.15,180000.0,24.0,39.0,0.0
0,1500.0,11.39,B,660.0,664.0,18.18,85600.0,9.0,17.0,0.0
0,19000.0,6.99,A,730.0,734.0,22.87,64170.0,11.0,30.0,0.0
0,35000.0,16.99,D,675.0,679.0,20.4,89000.0,23.0,40.0,1.0
0,35200.0,8.24,B,810.0,814.0,20.79,152000.0,16.0,36.0,2.0
1,10000.0,15.05,C,670.0,674.0,13.33,75000.0,5.0,5.0,1.0
0,12000.0,12.62,C,665.0,669.0,12.0,66917.0,12.0,36.0,1.0
0,10000.0,8.24,B,675.0,679.0,15.55,50000.0,9.0,30.0,0.0
0,5000.0,8.24,B,660.0,664.0,7.28,46000.0,9.0,11.0,0.0
0,5200.0,10.42,B,720.0,724.0,7.25,40000.0,13.0,16.0,0.0
0,2500.0,5.32,A,780.0,784.0,4.01,58000.0,5.0,10.0,0.0
0,8000.0,11.49,B,690.0,694.0,14.45,50000.0,8.0,17.0,1.0
0,10000.0,10.49,B,665.0,669.0,13.65,245000.0,11.0,43.0,0.0
0,6000.0,13.99,C,670.0,674.0,22.9,118000.0,13.0,23.0,0.0
0,5000.0,18.06,D,665.0,669.0,23.67,55000.0,19.0,51.0,3.0
0,14000.0,11.99,B,675.0,679.0,76.95,34000.0,9.0,10.0,0.0
0,40000.0,7.24,A,735.0,739.0,9.8,160000.0,7.0,32.0,0.0
0,5000.0,7.49,A,690.0,694.0,9.81,110000.0,14.0,27.0,0.0
0,35000.0,16.99,D,705.0,709.0,9.76,45000.0,4.0,7.0,0.0
0,15000.0,10.49,B,725.0,729.0,14.92,78000.0,11.0,27.0,1.0
1,3500.0,16.02,C,680.0,684.0,28.47,55000.0,18.0,33.0,1.0
0,3000.0,11.49,B,720.0,724.0,28.95,40000.0,13.0,36.0,0.0
0,10000.0,11.39,B,695.0,699.0,6.38,80000.0,14.0,25.0,1.0
1,4800.0,14.08,C,670.0,674.0,19.94,39000.0,8.0,22.0,1.0
0,9600.0,10.49,B,715.0,719.0,23.3,45000.0,8.0,16.0,0.0
0,15000.0,11.49,B,685.0,689.0,14.62,110000.0,16.0,26.0,0.0
1,1000.0,14.99,C,665.0,669.0,21.79,45000.0,14.0,27.0,0.0
0,7500.0,12.74,C,700.0,704.0,20.16,40000.0,9.0,19.0,0.0
0,19325.0,13.99,C,720.0,724.0,18.49,73028.0,12.0,23.0,0.0
0,3600.0,21.45,D,700.0,704.0,31.9,14000.0,10.0,12.0,0.0
1,12000.0,29.49,F,680.0,684.0,16.32,46700.0,8.0,20.0,2.0
0,6000.0,7.35,A,745.0,749.0,24.44,25000.0,8.0,13.0,0.0
0,30000.0,12.74,C,705.0,709.0,25.75,120000.0,10.0,29.0,3.0
0,20000.0,17.99,D,685.0,689.0,9.7,155000.0,11.0,18.0,0.0
0,29675.0,5.32,A,815.0,819.0,9.32,213908.0,8.0,17.0,0.0
1,35000.0,11.99,B,665.0,669.0,10.8,100000.0,13.0,25.0,1.0
1,19800.0,18.06,D,740.0,744.0,9.84,45000.0,17.0,22.0,1.0
0,6000.0,5.32,A,740.0,744.0,22.09,42000.0,12.0,21.0,0.0
0,6000.0,7.99,A,695.0,699.0,5.4,44000.0,10.0,17.0,0.0
0,15000.0,10.49,B,710.0,714.0,10.87,100000.0,13.0,31.0,0.0
1,12000.0,11.99,B,660.0,664.0,11.56,60000.0,12.0,32.0,0.0
0,6025.0,12.74,C,750.0,754.0,25.85,28000.0,9.0,53.0,0.0
0,8000.0,10.91,B,670.0,674.0,11.4,62000.0,18.0,23.0,0.0
0,10000.0,17.99,D,705.0,709.0,13.15,51000.0,7.0,10.0,1.0
0,28000.0,12.74,C,705.0,709.0,14.94,76000.0,11.0,24.0,2.0
0,5000.0,5.32,A,705.0,709.0,12.41,35000.0,16.0,23.0,0.0
1,30000.0,7.97,A,700.0,704.0,29.63,147000.0,22.0,37.0,0.0
0,24000.0,15.99,C,675.0,679.0,3.34,130000.0,6.0,13.0,1.0
0,20000.0,15.99,C,685.0,689.0,20.1,62000.0,23.0,34.0,1.0
1,5000.0,19.03,D,680.0,684.0,3.72,98000.0,8.0,12.0,1.0
0,12000.0,11.49,B,695.0,699.0,6.4,75000.0,10.0,13.0,1.0
0,16000.0,7.97,A,665.0,669.0,3.86,130000.0,9.0,14.0,0.0
0,3400.0,11.49,B,710.0,714.0,16.58,61000.0,6.0,20.0,1.0
0,4000.0,11.49,B,670.0,674.0,11.45,100000.0,14.0,22.0,0.0
0,15400.0,10.42,B,680.0,684.0,4.55,45000.0,7.0,10.0,0.0
0,10250.0,7.99,A,725.0,729.0,14.84,52000.0,11.0,21.0,0.0
0,8000.0,5.32,A,705.0,709.0,12.47,36000.0,11.0,17.0,0.0
0,8500.0,7.24,A,770.0,774.0,7.89,153000.0,8.0,27.0,0.0
0,11000.0,15.99,C,660.0,664.0,33.01,34000.0,11.0,20.0,1.0
0,35000.0,26.3,E,695.0,699.0,31.92,100000.0,37.0,50.0,0.0
0,15000.0,11.49,B,660.0,664.0,19.58,78000.0,5.0,17.0,1.0
0,4200.0,11.44,B,660.0,664.0,4.27,52000.0,7.0,12.0,0.0
0,22000.0,7.35,A,780.0,784.0,20.43,96000.0,7.0,17.0,0.0
0,15000.0,16.99,D,705.0,709.0,29.84,58000.0,12.0,30.0,0.0
0,20000.0,7.07,A,755.0,759.0,8.78,165000.0,16.0,29.0,0.0
1,14000.0,14.08,C,670.0,674.0,19.35,40000.0,6.0,11.0,0.0
1,8400.0,21.45,D,670.0,674.0,11.97,130000.0,10.0,17.0,1.0
0,2400.0,12.74,C,670.0,674.0,22.61,53085.0,5.0,16.0,0.0
1,5000.0,15.05,C,665.0,669.0,11.73,71700.0,6.0,22.0,0.0
0,40000.0,7.07,A,765.0,769.0,3.19,660000.0,8.0,26.0,1.0
0,20000.0,10.49,B,685.0,689.0,24.84,100000.0,11.0,31.0,0.0
0,12000.0,13.59,C,660.0,664.0,8.8,65000.0,17.0,39.0,0.0
0,15000.0,9.44,B,725.0,729.0,18.28,59500.0,20.0,24.0,0.0
0,30000.0,7.49,A,700.0,704.0,15.93,660000.0,16.0,38.0,0.0
0,2000.0,8.24,B,690.0,694.0,25.68,100000.0,11.0,21.0,0.0
1,16000.0,15.99,C,680.0,684.0,13.27,72000.0,10.0,23.0,0.0
0,6000.0,6.99,A,720.0,724.0,7.34,51000.0,10.0,16.0,1.0
0,30000.0,14.99,C,680.0,684.0,11.52,67000.0,7.0,9.0,0.0
0,7500.0,10.91,B,665.0,669.0,26.76,95000.0,18.0,26.0,1.0
0,5000.0,10.91,B,665.0,669.0,15.65,45000.0,7.0,14.0,0.0
0,25000.0,5.32,A,790.0,794.0,16.88,135000.0,14.0,31.0,0.0
0,40000.0,13.49,C,700.0,704.0,27.09,106000.0,20.0,38.0,0.0
0,12000.0,5.32,A,700.0,704.0,20.38,95000.0,14.0,37.0,0.0
1,35000.0,13.49,C,690.0,694.0,23.34,78000.0,15.0,20.0,0.0
0,24000.0,11.39,B,690.0,694.0,14.09,99860.0,13.0,18.0,0.0
0,8000.0,11.39,B,675.0,679.0,13.27,68000.0,9.0,17.0,0.0
0,5000.0,12.62,C,660.0,664.0,21.15,50000.0,9.0,21.0,0.0
0,10000.0,11.49,B,670.0,674.0,30.57,55000.0,24.0,47.0,1.0
0,20000.0,14.99,C,680.0,684.0,18.68,60000.0,7.0,10.0,0.0
1,10000.0,10.91,B,690.0,694.0,15.01,45000.0,10.0,28.0,0.0
0,10000.0,11.49,B,690.0,694.0,9.21,102000.0,12.0,21.0,0.0
1,4800.0,7.07,A,765.0,769.0,7.0,191000.0,14.0,17.0,0.0
0,9000.0,11.49,B,680.0,684.0,18.26,90000.0,13.0,18.0,0.0
0,16650.0,12.74,C,680.0,684.0,39.84,60000.0,15.0,28.0,0.0
0,5600.0,17.99,D,725.0,729.0,29.44,30000.0,14.0,29.0,0.0
0,9700.0,18.99,D,670.0,674.0,12.27,27000.0,6.0,9.0,0.0
0,5000.0,11.44,B,765.0,769.0,4.15,62000.0,8.0,14.0,1.0
0,14725.0,11.39,B,725.0,729.0,29.3,103000.0,16.0,33.0,0.0
0,6000.0,7.99,A,695.0,699.0,22.35,56000.0,12.0,16.0,1.0
1,24000.0,11.99,B,725.0,729.0,71.76,32000.0,15.0,20.0,0.0
0,35000.0,23.99,E,680.0,684.0,8.93,115000.0,6.0,9.0,0.0
0,32000.0,9.44,B,735.0,739.0,21.94,110000.0,19.0,33.0,0.0
1,17000.0,10.91,B,660.0,664.0,22.32,108000.0,24.0,35.0,0.0
0,13000.0,5.32,A,760.0,764.0,7.67,86000.0,18.0,31.0,2.0
0,8000.0,15.99,C,685.0,689.0,26.61,70000.0,10.0,16.0,2.0
0,2000.0,7.97,A,685.0,689.0,8.14,51500.0,19.0,20.0,0.0
0,40000.0,5.32,A,735.0,739.0,17.84,247000.0,17.0,31.0,0.0
1,20000.0,15.99,C,710.0,714.0,21.96,57720.0,11.0,13.0,1.0
0,12000.0,10.91,B,690.0,694.0,16.97,152000.0,8.0,16.0,0.0
0,18000.0,11.44,B,660.0,664.0,14.42,80000.0,11.0,29.0,0.0
0,7500.0,16.99,D,730.0,734.0,29.52,30000.0,8.0,16.0,0.0
0,5600.0,10.49,B,670.0,674.0,17.76,60000.0,6.0,11.0,0.0
0,35000.0,15.99,C,680.0,684.0,28.4,200000.0,20.0,30.0,1.0
1,8000.0,10.91,B,740.0,744.0,16.26,53000.0,5.0,12.0,0.0
1,11000.0,8.24,B,670.0,674.0,32.53,65000.0,8.0,27.0,1.0
0,15000.0,10.91,B,675.0,679.0,28.85,39600.0,6.0,21.0,0.0
0,6000.0,9.44,B,670.0,674.0,14.4,40000.0,10.0,12.0,1.0
0,15000.0,11.39,B,755.0,759.0,21.25,118000.0,17.0,27.0,1.0
0,12550.0,11.49,B,690.0,694.0,15.67,43000.0,21.0,38.0,1.0
0,10000.0,12.62,C,680.0,684.0,8.23,55000.0,13.0,19.0,0.0
1,20000.0,7.97,A,730.0,734.0,23.18,75000.0,6.0,35.0,1.0
0,9800.0,8.24,B,715.0,719.0,15.12,130000.0,15.0,30.0,1.0
0,6000.0,12.62,C,710.0,714.0,30.05,75000.0,16.0,27.0,0.0
0,18400.0,11.39,B,670.0,674.0,21.08,60000.0,13.0,14.0,0.0
0,17675.0,16.02,C,760.0,764.0,23.27,79000.0,11.0,20.0,0.0
1,2200.0,11.44,B,675.0,679.0,31.22,40000.0,6.0,13.0,0.0
0,4800.0,13.59,C,820.0,824.0,0.43,70000.0,4.0,4.0,0.0
1,15000.0,7.97,A,765.0,769.0,6.07,50000.0,4.0,5.0,0.0
0,6900.0,7.24,A,745.0,749.0,16.0,150000.0,18.0,38.0,0.0
0,3000.0,18.99,D,670.0,674.0,24.26,210000.0,12.0,21.0,0.0
0,5000.0,15.99,C,660.0,664.0,14.56,62000.0,8.0,12.0,0.0
0,5600.0,11.49,B,725.0,729.0,5.92,75000.0,7.0,8.0,0.0
0,5000.0,19.99,D,675.0,679.0,0.0,25000.0,11.0,70.0,2.0
0,11400.0,12.62,C,670.0,674.0,19.13,68000.0,10.0,11.0,0.0
0,6500.0,13.49,C,670.0,674.0,20.98,62000.0,10.0,18.0,0.0
0,5000.0,7.07,A,745.0,749.0,26.85,56000.0,15.0,20.0,0.0
0,14000.0,8.24,B,715.0,719.0,24.55,95000.0,26.0,37.0,1.0
0,8000.0,16.02,C,665.0,669.0,30.09,110000.0,19.0,34.0,1.0
0,3000.0,14.99,C,660.0,664.0,25.29,40000.0,15.0,18.0,1.0
0,8250.0,19.99,D,690.0,694.0,22.37,59239.0,15.0,37.0,0.0
0,30000.0,16.99,D,725.0,729.0,16.71,150000.0,11.0,37.0,1.0
1,20000.0,21.45,D,685.0,689.0,14.56,68000.0,9.0,12.0,0.0
0,24500.0,10.49,B,725.0,729.0,12.45,122000.0,15.0,24.0,3.0
1,14000.0,7.97,A,680.0,684.0,16.17,68000.0,13.0,30.0,1.0
0,9575.0,11.39,B,675.0,679.0,11.26,39000.0,5.0,12.0,0.0
0,9000.0,11.44,B,695.0,699.0,5.13,40000.0,3.0,7.0,1.0
0,14000.0,19.03,D,680.0,684.0,21.47,55000.0,7.0,39.0,1.0
0,35000.0,11.39,B,665.0,669.0,12.21,140000.0,12.0,22.0,0.0
0,6000.0,11.49,B,680.0,684.0,26.39,93000.0,22.0,53.0,0.0
0,25000.0,9.44,B,720.0,724.0,20.99,81516.0,16.0,25.0,0.0
1,20000.0,8.24,B,720.0,724.0,14.75,160000.0,10.0,14.0,0.0
1,15000.0,24.85,E,675.0,679.0,28.42,100000.0,12.0,37.0,1.0
0,6000.0,5.32,A,825.0,829.0,13.72,120000.0,18.0,34.0,0.0
0,10200.0,8.24,B,700.0,704.0,32.92,72000.0,18.0,35.0,0.0
0,20000.0,7.49,A,780.0,784.0,13.6,75000.0,6.0,14.0,0.0
1,20000.0,23.88,E,665.0,669.0,28.09,64000.0,13.0,15.0,1.0
0,10200.0,17.99,D,695.0,699.0,15.42,26000.0,8.0,8.0,0.0
0,9600.0,7.07,A,800.0,804.0,13.68,40000.0,8.0,19.0,0.0
0,32200.0,14.99,C,685.0,689.0,13.25,70000.0,10.0,16.0,1.0
0,15400.0,25.82,E,690.0,694.0,30.87,35000.0,18.0,29.0,0.0
0,4000.0,10.91,B,690.0,694.0,4.29,61000.0,4.0,17.0,1.0
1,4000.0,29.69,F,660.0,664.0,17.9,70000.0,6.0,22.0,0.0
0,13500.0,11.49,B,660.0,664.0,7.94,70000.0,5.0,10.0,0.0
0,11000.0,11.49,B,665.0,669.0,14.25,55000.0,6.0,15.0,0.0
1,12000.0,11.99,B,670.0,674.0,24.19,45000.0,11.0,15.0,0.0
0,16800.0,10.42,B,660.0,664.0,10.43,160000.0,13.0,22.0,0.0
0,13200.0,30.79,G,670.0,674.0,15.99,107000.0,18.0,18.0,3.0
0,12000.0,5.32,A,765.0,769.0,3.99,240000.0,9.0,13.0,0.0
0,3000.0,11.49,B,695.0,699.0,29.48,69000.0,12.0,30.0,2.0
0,7025.0,30.65,F,690.0,694.0,34.79,50000.0,9.0,28.0,1.0
0,34650.0,21.45,D,680.0,684.0,26.52,80000.0,13.0,26.0,0.0
0,11000.0,6.99,A,770.0,774.0,29.98,99000.0,19.0,56.0,1.0
1,10000.0,11.99,B,665.0,669.0,10.91,49500.0,7.0,17.0,0.0
0,15000.0,11.39,B,690.0,694.0,29.85,80000.0,19.0,41.0,0.0
1,28000.0,15.05,C,705.0,709.0,11.04,70000.0,3.0,8.0,1.0
0,8400.0,7.99,A,780.0,784.0,18.21,30000.0,10.0,13.0,1.0
1,12000.0,11.39,B,690.0,694.0,30.93,52000.0,17.0,21.0,0.0
1,12000.0,16.02,C,695.0,699.0,26.37,32000.0,5.0,12.0,0.0
0,10000.0,7.07,A,720.0,724.0,33.75,50000.0,11.0,28.0,1.0
0,12000.0,7.99,A,685.0,689.0,20.7,91000.0,19.0,27.0,0.0
0,19200.0,18.06,D,670.0,674.0,21.25,65000.0,8.0,18.0,1.0
1,32000.0,7.49,A,705.0,709.0,15.11,140000.0,13.0,19.0,0.0
0,5500.0,6.99,A,715.0,719.0,11.89,165000.0,6.0,32.0,0.0
1,10000.0,10.91,B,670.0,674.0,21.44,37000.0,4.0,9.0,0.0
0,23000.0,7.35,A,720.0,724.0,15.74,85000.0,16.0,35.0,0.0
0,4000.0,14.99,C,670.0,674.0,15.77,70000.0,7.0,10.0,2.0
1,35000.0,9.93,B,660.0,664.0,6.11,198050.0,12.0,22.0,0.0
1,6650.0,16.02,C,700.0,704.0,7.29,36215.0,13.0,22.0,0.0
0,20000.0,5.32,A,740.0,744.0,12.54,130000.0,13.0,20.0,1.0
0,40000.0,5.32,A,770.0,774.0,0.41,250000.0,7.0,24.0,0.0
0,35000.0,11.99,B,665.0,669.0,8.09,232000.0,14.0,30.0,0.0
0,9000.0,30.74,F,665.0,669.0,21.14,52000.0,8.0,27.0,0.0
1,30000.0,16.02,C,695.0,699.0,23.76,115000.0,8.0,17.0,0.0
0,3500.0,11.39,B,665.0,669.0,13.04,89000.0,11.0,26.0,0.0
1,7000.0,10.91,B,695.0,699.0,14.46,80000.0,10.0,12.0,1.0
0,9000.0,17.99,D,665.0,669.0,22.5,57000.0,11.0,20.0,1.0
0,6000.0,7.99,A,755.0,759.0,21.02,35000.0,9.0,22.0,0.0
0,10000.0,15.05,C,685.0,689.0,15.62,128000.0,13.0,34.0,1.0
0,18000.0,10.91,B,670.0,674.0,11.12,63000.0,10.0,24.0,2.0
0,9000.0,11.39,B,680.0,684.0,21.89,80000.0,11.0,28.0,1.0
0,6000.0,24.74,E,665.0,669.0,18.65,100000.0,23.0,51.0,2.0
0,20000.0,13.59,C,680.0,684.0,25.33,105000.0,24.0,40.0,2.0
0,25000.0,8.24,B,680.0,684.0,16.37,70000.0,7.0,19.0,0.0
0,5000.0,13.99,C,660.0,664.0,12.52,35000.0,9.0,16.0,1.0
0,20000.0,11.49,B,660.0,664.0,12.36,90000.0,10.0,14.0,1.0
0,16000.0,9.44,B,730.0,734.0,28.72,60000.0,15.0,28.0,0.0
0,7000.0,14.99,C,680.0,684.0,0.93,45000.0,5.0,6.0,0.0
0,23650.0,17.99,D,700.0,704.0,32.87,98000.0,22.0,34.0,0.0
0,6000.0,8.24,B,695.0,699.0,9.93,79400.0,16.0,16.0,0.0
0,17000.0,8.24,B,720.0,724.0,22.61,155000.0,12.0,24.0,0.0
0,12000.0,12.74,C,690.0,694.0,35.84,30000.0,6.0,13.0,0.0
0,16000.0,11.44,B,695.0,699.0,17.61,88000.0,10.0,10.0,0.0
1,16800.0,20.0,D,665.0,669.0,50.15,27300.0,10.0,12.0,0.0
0,5000.0,13.49,C,670.0,674.0,19.97,125000.0,20.0,33.0,1.0
0,12000.0,9.93,B,665.0,669.0,3.71,68000.0,8.0,25.0,0.0
0,9600.0,14.99,C,665.0,669.0,18.27,50000.0,6.0,17.0,0.0
0,10000.0,8.24,B,680.0,684.0,24.87,41600.0,16.0,29.0,0.0
0,15100.0,17.99,D,685.0,689.0,42.28,90000.0,27.0,42.0,3.0
0,16500.0,9.44,B,705.0,709.0,17.6,62000.0,7.0,12.0,0.0
0,4000.0,11.44,B,795.0,799.0,22.34,75000.0,11.0,20.0,1.0
1,20000.0,12.62,C,710.0,714.0,17.28,60060.0,10.0,23.0,1.0
0,6300.0,16.02,C,660.0,664.0,34.72,57000.0,10.0,14.0,0.0
1,9000.0,16.99,D,665.0,669.0,20.56,44235.0,8.0,12.0,1.0
0,10000.0,16.02,C,670.0,674.0,14.54,130000.0,23.0,41.0,1.0
0,7500.0,13.99,C,685.0,689.0,27.38,55000.0,9.0,13.0,0.0
0,16500.0,11.44,B,705.0,709.0,24.68,114000.0,14.0,26.0,0.0
0,12000.0,14.99,C,700.0,704.0,26.02,70000.0,13.0,19.0,2.0
0,12000.0,8.24,B,675.0,679.0,11.46,167000.0,18.0,56.0,1.0
1,15000.0,9.44,B,680.0,684.0,12.72,43700.0,6.0,10.0,0.0
1,14200.0,12.74,C,665.0,669.0,17.03,118000.0,8.0,10.0,1.0
0,5000.0,7.99,A,695.0,699.0,6.96,45000.0,3.0,12.0,0.0
0,15000.0,7.49,A,710.0,714.0,19.54,43000.0,8.0,26.0,0.0
0,15000.0,7.99,A,700.0,704.0,11.61,84000.0,12.0,15.0,0.0
0,1000.0,18.99,D,690.0,694.0,11.19,34000.0,9.0,12.0,0.0
0,12850.0,11.49,B,725.0,729.0,18.68,50000.0,13.0,27.0,0.0
0,15800.0,15.99,C,700.0,704.0,30.02,51000.0,25.0,49.0,0.0
0,16000.0,22.91,E,695.0,699.0,8.06,64500.0,7.0,21.0,1.0
1,17900.0,22.91,E,675.0,679.0,16.95,106000.0,9.0,21.0,3.0
1,10000.0,10.91,B,680.0,684.0,5.7,49920.0,8.0,17.0,1.0
0,11200.0,14.99,C,660.0,664.0,31.01,58240.0,14.0,45.0,1.0
1,15000.0,16.02,C,725.0,729.0,25.73,50000.0,6.0,10.0,0.0
1,19200.0,8.24,B,675.0,679.0,28.92,94000.0,10.0,27.0,0.0
0,25000.0,12.62,C,660.0,664.0,12.0,60000.0,5.0,11.0,0.0
0,10000.0,15.05,C,665.0,669.0,12.7,53000.0,15.0,29.0,0.0
0,17000.0,9.44,B,795.0,799.0,1.78,40400.0,6.0,18.0,2.0
1,4200.0,7.21,A,720.0,724.0,20.52,90000.0,11.0,21.0,0.0
0,31125.0,12.74,C,685.0,689.0,7.85,180000.0,11.0,20.0,1.0
0,4800.0,15.05,C,700.0,704.0,22.55,54400.0,36.0,51.0,2.0
0,4000.0,10.49,B,675.0,679.0,6.42,62400.0,10.0,21.0,1.0
0,5400.0,10.91,B,680.0,684.0,32.49,40000.0,12.0,31.0,0.0
0,10000.0,12.74,C,695.0,699.0,7.48,41500.0,15.0,22.0,0.0
1,30000.0,19.03,D,670.0,674.0,28.84,88000.0,12.0,23.0,1.0
0,3000.0,13.49,C,725.0,729.0,12.09,119000.0,24.0,62.0,0.0
1,8000.0,23.88,E,660.0,664.0,23.28,30000.0,8.0,14.0,1.0
0,2500.0,7.97,A,710.0,714.0,21.3,64000.0,4.0,14.0,0.0
0,17500.0,12.74,C,680.0,684.0,39.18,34000.0,21.0,33.0,0.0
0,9600.0,10.49,B,705.0,709.0,10.56,50000.0,6.0,12.0,0.0
1,11000.0,15.99,C,670.0,674.0,18.76,60000.0,5.0,6.0,0.0
0,2000.0,13.59,C,700.0,704.0,18.63,19200.0,7.0,7.0,1.0
1,4000.0,16.02,C,685.0,689.0,23.47,90000.0,16.0,33.0,1.0
0,6400.0,13.59,C,680.0,684.0,26.61,65000.0,8.0,22.0,1.0
1,4350.0,23.88,E,675.0,679.0,12.23,32000.0,8.0,8.0,3.0
0,7000.0,7.49,A,680.0,684.0,31.92,40000.0,8.0,14.0,1.0
1,10000.0,12.62,C,670.0,674.0,15.67,100000.0,15.0,27.0,0.0
0,2800.0,7.07,A,765.0,769.0,18.45,26400.0,5.0,11.0,0.0
1,5000.0,21.45,D,695.0,699.0,15.96,75000.0,21.0,25.0,2.0
0,15000.0,17.99,D,690.0,694.0,12.47,90000.0,11.0,29.0,3.0
0,9000.0,15.99,C,680.0,684.0,21.48,40000.0,12.0,29.0,0.0
1,8000.0,25.49,E,660.0,664.0,21.87,90000.0,14.0,27.0,1.0
0,26400.0,8.24,B,735.0,739.0,10.32,55000.0,19.0,42.0,1.0
1,3125.0,19.03,D,670.0,674.0,0.6,114000.0,2.0,16.0,0.0
0,8000.0,13.59,C,660.0,664.0,27.65,45000.0,17.0,26.0,0.0
0,7000.0,12.74,C,695.0,699.0,19.54,69218.0,12.0,21.0,0.0
0,3000.0,13.99,C,660.0,664.0,17.8,60000.0,11.0,25.0,0.0
1,6400.0,13.49,C,695.0,699.0,26.23,70000.0,11.0,26.0,2.0
1,16000.0,16.02,C,670.0,674.0,6.36,50000.0,8.0,10.0,1.0
0,10000.0,7.99,A,680.0,684.0,6.55,48000.0,6.0,10.0,0.0
0,8000.0,13.99,C,660.0,664.0,23.07,35800.0,13.0,17.0,0.0
1,19650.0,14.08,C,680.0,684.0,10.04,90000.0,8.0,17.0,1.0
0,8500.0,6.99,A,695.0,699.0,21.18,145000.0,21.0,51.0,1.0
0,3000.0,11.44,B,675.0,679.0,18.78,70000.0,12.0,22.0,0.0
1,18000.0,19.03,D,660.0,664.0,12.17,70500.0,14.0,37.0,4.0
0,32000.0,12.74,C,680.0,684.0,17.49,130000.0,10.0,17.0,1.0
0,12000.0,9.93,B,720.0,724.0,25.11,42000.0,19.0,24.0,0.0
1,6000.0,16.02,C,755.0,759.0,5.37,41760.0,3.0,13.0,1.0
0,30400.0,11.49,B,680.0,684.0,19.65,120000.0,9.0,21.0,0.0
0,25000.0,7.99,A,715.0,719.0,10.88,225000.0,15.0,27.0,1.0
0,2000.0,12.62,C,700.0,704.0,25.66,57000.0,7.0,22.0,0.0
0,14400.0,7.99,A,700.0,704.0,16.02,120000.0,6.0,7.0,0.0
0,7800.0,7.21,A,705.0,709.0,22.91,100000.0,14.0,32.0,0.0
0,10000.0,5.32,A,705.0,709.0,16.91,75000.0,11.0,16.0,0.0
0,14000.0,15.99,C,685.0,689.0,12.54,235000.0,14.0,29.0,0.0
1,25000.0,13.99,C,665.0,669.0,23.38,62000.0,16.0,37.0,0.0
0,25000.0,6.99,A,715.0,719.0,20.57,150000.0,18.0,26.0,0.0
0,8000.0,8.24,B,725.0,729.0,21.64,58240.0,8.0,25.0,0.0
0,7000.0,5.32,A,740.0,744.0,18.92,60000.0,12.0,18.0,1.0
0,35000.0,12.74,C,680.0,684.0,11.96,155000.0,10.0,25.0,0.0
0,8000.0,16.02,C,695.0,699.0,10.99,52000.0,9.0,26.0,2.0
0,9500.0,10.91,B,670.0,674.0,9.61,35000.0,10.0,20.0,0.0
0,14900.0,18.06,D,665.0,669.0,21.36,85000.0,15.0,23.0,1.0
1,17500.0,11.99,B,660.0,664.0,21.53,80000.0,7.0,11.0,0.0
0,14000.0,8.24,B,725.0,729.0,22.02,115000.0,8.0,18.0,1.0
0,30000.0,11.39,B,775.0,779.0,11.7,108000.0,12.0,23.0,0.0
0,10000.0,9.44,B,710.0,714.0,15.22,75000.0,9.0,17.0,0.0
0,24000.0,7.07,A,725.0,729.0,14.76,250000.0,13.0,24.0,0.0
0,9600.0,11.39,B,670.0,674.0,11.17,80770.0,9.0,11.0,1.0
0,10000.0,19.03,D,685.0,689.0,25.65,30000.0,12.0,34.0,0.0
0,10000.0,13.49,C,670.0,674.0,20.11,65000.0,4.0,12.0,0.0
0,10000.0,13.49,C,685.0,689.0,25.5,38500.0,7.0,17.0,2.0
0,15600.0,25.49,E,660.0,664.0,30.89,73000.0,35.0,48.0,3.0
1,10000.0,9.93,B,735.0,739.0,5.09,45000.0,8.0,26.0,1.0
0,12000.0,14.99,C,670.0,674.0,18.24,130000.0,17.0,28.0,1.0
0,8000.0,16.02,C,700.0,704.0,30.5,45000.0,19.0,36.0,0.0
0,9000.0,16.99,D,660.0,664.0,21.6,31000.0,11.0,12.0,0.0
0,9600.0,8.24,B,675.0,679.0,15.65,53000.0,13.0,24.0,0.0
0,6000.0,11.44,B,675.0,679.0,16.72,28000.0,6.0,20.0,0.0
0,9600.0,10.49,B,690.0,694.0,21.82,65000.0,10.0,32.0,0.0
0,24000.0,9.44,B,715.0,719.0,8.35,129500.0,12.0,27.0,0.0
0,9000.0,14.99,C,675.0,679.0,18.96,45000.0,24.0,26.0,0.0
0,16000.0,14.99,C,690.0,694.0,8.88,110000.0,8.0,21.0,2.0
1,28000.0,14.08,C,670.0,674.0,18.04,120000.0,25.0,35.0,1.0
0,6600.0,11.49,B,675.0,679.0,23.87,37000.0,11.0,54.0,0.0
0,16000.0,11.39,B,660.0,664.0,26.81,120000.0,22.0,38.0,0.0
0,1800.0,16.02,C,660.0,664.0,24.22,55000.0,9.0,15.0,0.0
0,1800.0,7.97,A,800.0,804.0,24.93,18000.0,4.0,19.0,0.0
0,20000.0,6.99,A,730.0,734.0,13.57,158000.0,6.0,12.0,0.0
0,7200.0,11.49,B,675.0,679.0,3.07,89000.0,4.0,10.0,0.0
0,9000.0,10.49,B,680.0,684.0,22.87,72000.0,15.0,31.0,1.0
1,4800.0,18.06,D,665.0,669.0,9.27,40000.0,3.0,13.0,1.0
0,3000.0,11.99,B,665.0,669.0,25.32,74000.0,15.0,80.0,0.0
0,4000.0,7.24,A,810.0,814.0,32.06,60000.0,14.0,29.0,0.0
0,22000.0,18.06,D,660.0,664.0,7.77,53000.0,7.0,26.0,1.0
0,1400.0,11.99,B,685.0,689.0,29.47,39500.0,11.0,17.0,0.0
0,6000.0,8.24,B,690.0,694.0,29.58,50000.0,14.0,22.0,1.0
1,5000.0,13.59,C,660.0,664.0,16.0,70000.0,23.0,33.0,0.0
0,8450.0,30.17,F,670.0,674.0,26.1,55000.0,9.0,29.0,0.0
0,4500.0,9.93,B,670.0,674.0,21.35,41600.0,9.0,23.0,0.0
0,6000.0,14.08,C,695.0,699.0,19.37,76000.0,21.0,37.0,0.0
0,11500.0,9.44,B,730.0,734.0,14.06,39600.0,11.0,24.0,1.0
0,24000.0,7.49,A,685.0,689.0,34.11,120000.0,22.0,37.0,0.0
0,24000.0,11.99,B,715.0,719.0,27.12,85000.0,13.0,20.0,0.0
0,9000.0,13.99,C,665.0,669.0,33.79,76000.0,26.0,63.0,0.0
0,1000.0,12.74,C,675.0,679.0,18.59,65000.0,11.0,19.0,0.0
1,35000.0,7.97,A,745.0,749.0,19.81,79000.0,11.0,24.0,0.0
0,4800.0,11.99,B,690.0,694.0,2.38,68888.0,7.0,15.0,1.0
1,9600.0,12.74,C,675.0,679.0,14.29,56500.0,6.0,11.0,1.0
0,15000.0,5.32,A,740.0,744.0,24.22,65000.0,28.0,41.0,1.0
0,12000.0,5.32,A,725.0,729.0,10.42,56000.0,10.0,19.0,0.0
0,7200.0,12.74,C,725.0,729.0,22.93,29000.0,7.0,12.0,1.0
0,8000.0,7.49,A,745.0,749.0,20.55,65000.0,8.0,28.0,1.0
0,3600.0,11.44,B,680.0,684.0,16.45,66000.0,9.0,29.0,1.0
0,9000.0,19.99,D,675.0,679.0,22.58,27000.0,14.0,14.0,2.0
0,8500.0,5.32,A,780.0,784.0,4.3,130000.0,11.0,46.0,0.0
0,3500.0,10.49,B,670.0,674.0,16.1,65000.0,18.0,38.0,1.0
1,35000.0,10.91,B,705.0,709.0,26.34,105000.0,15.0,31.0,0.0
0,5000.0,11.44,B,665.0,669.0,28.3,149000.0,18.0,47.0,0.0
0,5475.0,13.49,C,685.0,689.0,14.6,36000.0,7.0,13.0,0.0
0,16000.0,11.44,B,665.0,669.0,15.92,93000.0,16.0,27.0,0.0
0,7500.0,12.62,C,740.0,744.0,32.62,67500.0,24.0,34.0,1.0
0,2000.0,11.49,B,690.0,694.0,20.43,175000.0,13.0,21.0,0.0
0,1000.0,12.62,C,690.0,694.0,12.77,42000.0,7.0,16.0,0.0
0,12800.0,7.07,A,760.0,764.0,12.39,150000.0,6.0,7.0,0.0
0,8000.0,19.03,D,660.0,664.0,16.77,45000.0,7.0,23.0,1.0
0,3025.0,11.39,B,680.0,684.0,13.96,97321.26,8.0,26.0,0.0
0,4500.0,7.35,A,695.0,699.0,7.66,80400.0,6.0,26.0,0.0
1,35000.0,9.93,B,695.0,699.0,11.88,330000.0,14.0,32.0,1.0
0,35000.0,10.49,B,675.0,679.0,25.76,110000.0,15.0,35.0,0.0
1,9600.0,15.99,C,680.0,684.0,26.06,124000.0,16.0,25.0,2.0
0,10000.0,7.21,A,705.0,709.0,3.8,120000.0,7.0,34.0,0.0
0,6000.0,5.32,A,760.0,764.0,18.07,101000.0,15.0,32.0,0.0
1,15000.0,7.49,A,695.0,699.0,21.22,75000.0,11.0,20.0,0.0
0,16000.0,11.44,B,680.0,684.0,12.96,70000.0,18.0,21.0,1.0
0,35000.0,16.99,D,695.0,699.0,16.19,106325.0,8.0,23.0,0.0
0,3500.0,10.91,B,680.0,684.0,29.64,85000.0,10.0,33.0,0.0
0,5000.0,6.99,A,710.0,714.0,11.05,77000.0,8.0,15.0,1.0
0,15000.0,5.32,A,825.0,829.0,18.35,100000.0,9.0,18.0,0.0
0,8050.0,13.49,C,670.0,674.0,18.13,200000.0,15.0,23.0,1.0
1,5000.0,11.44,B,715.0,719.0,30.23,35000.0,14.0,19.0,0.0
0,12000.0,19.99,D,690.0,694.0,12.29,160000.0,8.0,22.0,0.0
0,6000.0,7.21,A,740.0,744.0,27.0,48880.0,11.0,25.0,0.0
0,24000.0,11.49,B,690.0,694.0,29.91,80000.0,11.0,30.0,1.0
0,14400.0,5.32,A,720.0,724.0,21.71,110000.0,14.0,22.0,0.0
0,13000.0,11.39,B,715.0,719.0,14.18,65000.0,8.0,11.0,1.0
0,32000.0,13.49,C,690.0,694.0,7.67,129000.0,14.0,29.0,0.0
0,19375.0,16.99,D,685.0,689.0,7.6,145000.0,9.0,16.0,0.0
1,8500.0,9.44,B,665.0,669.0,28.6,63500.0,13.0,21.0,0.0
1,12000.0,26.3,E,740.0,744.0,22.87,94000.0,31.0,53.0,2.0
1,2000.0,10.42,B,670.0,674.0,21.59,90000.0,8.0,19.0,0.0
0,12000.0,11.44,B,665.0,669.0,10.13,130000.0,17.0,25.0,0.0
0,6000.0,7.49,A,700.0,704.0,14.54,79315.0,13.0,30.0,0.0
0,8400.0,14.08,C,670.0,674.0,32.08,60000.0,10.0,32.0,1.0
0,10000.0,12.74,C,720.0,724.0,5.94,77142.0,8.0,14.0,0.0
0,7775.0,11.39,B,665.0,669.0,30.02,32222.0,6.0,21.0,0.0
1,19000.0,8.24,B,665.0,669.0,21.94,145000.0,7.0,17.0,0.0
0,9800.0,11.49,B,670.0,674.0,14.0,95000.0,23.0,40.0,0.0
0,1000.0,15.99,C,690.0,694.0,4.32,94704.0,6.0,15.0,1.0
0,15000.0,5.32,A,795.0,799.0,24.68,70000.0,20.0,28.0,0.0
0,5600.0,9.44,B,735.0,739.0,31.9,34500.0,13.0,20.0,0.0
0,16000.0,14.08,C,660.0,664.0,0.66,106000.0,4.0,13.0,0.0
1,16825.0,11.99,B,660.0,664.0,25.42,70000.0,7.0,16.0,1.0
1,18900.0,18.99,D,720.0,724.0,19.9,46195.0,12.0,16.0,1.0
0,11200.0,11.39,B,685.0,689.0,21.71,65000.0,12.0,15.0,0.0
0,5000.0,10.42,B,745.0,749.0,3.85,85000.0,11.0,37.0,0.0
1,12000.0,14.99,C,665.0,669.0,18.52,72000.0,8.0,22.0,1.0
0,24000.0,7.49,A,695.0,699.0,20.73,149000.0,14.0,32.0,0.0
0,24000.0,7.07,A,745.0,749.0,17.53,103000.0,9.0,29.0,0.0
1,28000.0,13.59,C,690.0,694.0,15.78,190000.0,19.0,26.0,0.0
0,30000.0,7.99,A,710.0,714.0,12.75,90000.0,15.0,35.0,0.0
0,6400.0,19.99,D,665.0,669.0,34.86,42000.0,8.0,17.0,2.0
1,5000.0,15.99,C,675.0,679.0,31.92,45000.0,14.0,39.0,2.0
1,18000.0,13.59,C,665.0,669.0,23.58,85000.0,11.0,17.0,1.0
0,15000.0,5.32,A,765.0,769.0,11.25,140000.0,15.0,28.0,0.0
0,7000.0,9.44,B,680.0,684.0,27.53,44000.0,9.0,19.0,0.0
0,14400.0,12.74,C,690.0,694.0,26.89,49000.0,16.0,24.0,1.0
1,10000.0,18.99,D,695.0,699.0,20.84,62000.0,8.0,11.0,2.0
1,8400.0,25.49,E,685.0,689.0,20.27,73000.0,15.0,18.0,1.0
0,12000.0,14.99,C,685.0,689.0,19.0,120000.0,15.0,28.0,2.0
1,2000.0,14.08,C,685.0,689.0,4.33,7200.0,6.0,7.0,0.0
0,2875.0,17.99,D,660.0,664.0,15.28,45000.0,7.0,10.0,0.0
0,16000.0,10.91,B,715.0,719.0,27.44,70100.0,15.0,25.0,2.0
0,10000.0,10.49,B,670.0,674.0,7.27,90000.0,10.0,27.0,0.0
1,15000.0,9.44,B,670.0,674.0,22.6,235000.0,33.0,43.0,1.0
0,22000.0,11.49,B,680.0,684.0,14.06,130000.0,9.0,19.0,0.0
0,9000.0,8.24,B,675.0,679.0,13.02,60000.0,14.0,31.0,0.0
0,15000.0,7.24,A,710.0,714.0,30.98,65000.0,15.0,27.0,0.0
0,5000.0,7.24,A,750.0,754.0,5.66,80000.0,9.0,23.0,1.0
0,6025.0,10.42,B,705.0,709.0,29.63,38000.0,6.0,8.0,0.0
0,12000.0,13.49,C,675.0,679.0,10.91,148000.0,9.0,16.0,2.0
1,8000.0,12.62,C,710.0,714.0,15.65,50000.0,13.0,20.0,0.0
0,3000.0,18.06,D,660.0,664.0,22.38,37000.0,16.0,50.0,1.0
0,24000.0,7.97,A,665.0,669.0,8.17,180000.0,11.0,26.0,0.0
0,28925.0,7.49,A,700.0,704.0,13.6,250000.0,7.0,22.0,1.0
0,8000.0,13.99,C,730.0,734.0,7.88,35656.0,11.0,19.0,1.0
0,13000.0,14.99,C,720.0,724.0,31.02,40000.0,11.0,17.0,0.0
0,12000.0,11.49,B,680.0,684.0,12.23,140000.0,8.0,17.0,0.0
0,28000.0,15.05,C,675.0,679.0,21.98,90000.0,11.0,12.0,0.0
0,16000.0,12.62,C,690.0,694.0,23.04,80000.0,13.0,20.0,0.0
0,3600.0,10.49,B,685.0,689.0,30.54,57600.0,23.0,32.0,0.0
0,8000.0,10.91,B,660.0,664.0,8.29,100000.0,16.0,16.0,0.0
1,10000.0,14.08,C,675.0,679.0,12.51,70000.0,7.0,8.0,0.0
0,18000.0,11.44,B,685.0,689.0,24.5,95800.0,11.0,23.0,2.0
0,1000.0,16.99,D,665.0,669.0,16.18,56000.0,8.0,30.0,0.0
0,10000.0,7.35,A,690.0,694.0,25.83,35360.0,7.0,36.0,1.0
0,35000.0,15.99,C,710.0,714.0,32.7,101000.0,18.0,31.0,1.0
0,5000.0,11.44,B,735.0,739.0,10.31,34000.0,3.0,4.0,0.0
0,4225.0,8.24,B,660.0,664.0,27.26,35000.0,6.0,7.0,0.0
0,3500.0,5.32,A,730.0,734.0,18.24,60000.0,7.0,19.0,0.0
0,3600.0,13.99,C,665.0,669.0,13.95,59950.0,6.0,8.0,1.0
1,40000.0,7.35,A,805.0,809.0,8.96,90000.0,17.0,23.0,2.0
0,3025.0,14.08,C,690.0,694.0,17.32,72000.0,16.0,30.0,1.0
1,5500.0,8.24,B,675.0,679.0,7.18,51000.0,7.0,9.0,0.0
0,12000.0,19.03,D,750.0,754.0,25.33,54000.0,7.0,20.0,0.0
0,8000.0,16.99,D,660.0,664.0,8.29,97300.0,7.0,8.0,2.0
0,6000.0,9.93,B,675.0,679.0,13.05,70000.0,8.0,19.0,0.0
0,14000.0,16.02,C,680.0,684.0,30.65,50000.0,26.0,44.0,0.0
0,12000.0,10.49,B,685.0,689.0,16.76,80000.0,8.0,11.0,0.0
0,32000.0,8.24,B,710.0,714.0,20.53,160000.0,17.0,25.0,0.0
0,15000.0,11.99,B,665.0,669.0,6.62,60000.0,6.0,23.0,1.0
0,35000.0,11.49,B,700.0,704.0,13.39,124000.0,7.0,23.0,0.0
0,15975.0,15.05,C,665.0,669.0,11.15,113656.0,4.0,25.0,0.0
0,21000.0,10.49,B,675.0,679.0,20.84,71568.0,23.0,34.0,2.0
0,15000.0,13.49,C,715.0,719.0,21.02,80000.0,7.0,11.0,0.0
0,5900.0,23.99,E,665.0,669.0,15.27,36000.0,9.0,27.0,1.0
0,4000.0,12.74,C,685.0,689.0,2.6,72000.0,9.0,24.0,0.0
0,2750.0,11.44,B,670.0,674.0,13.67,62000.0,6.0,8.0,0.0
0,6025.0,12.74,C,660.0,664.0,18.26,52000.0,9.0,23.0,1.0
1,8400.0,14.08,C,665.0,669.0,24.53,25000.0,3.0,6.0,0.0
0,6000.0,11.39,B,665.0,669.0,17.24,30000.0,12.0,13.0,1.0
0,30000.0,9.44,B,715.0,719.0,29.78,137000.0,17.0,20.0,0.0
1,10000.0,22.91,E,675.0,679.0,29.44,55000.0,13.0,13.0,2.0
0,10000.0,11.99,B,710.0,714.0,19.24,38000.0,15.0,29.0,0.0
0,15000.0,7.49,A,740.0,744.0,4.44,70000.0,15.0,23.0,0.0
0,24000.0,11.49,B,715.0,719.0,22.64,82000.0,8.0,21.0,0.0
0,10400.0,12.62,C,685.0,689.0,9.28,52000.0,9.0,10.0,0.0
0,15000.0,10.91,B,700.0,704.0,17.54,39000.0,8.0,13.0,0.0
0,7200.0,13.49,C,675.0,679.0,27.28,38500.0,11.0,51.0,2.0
0,5000.0,13.49,C,695.0,699.0,19.43,50000.0,22.0,39.0,1.0
1,11200.0,14.99,C,695.0,699.0,33.91,32000.0,13.0,20.0,0.0
0,12450.0,15.99,C,680.0,684.0,26.68,30000.0,8.0,11.0,1.0
0,9000.0,16.99,D,675.0,679.0,10.94,35000.0,7.0,22.0,0.0
0,4800.0,12.74,C,685.0,689.0,29.46,35000.0,12.0,14.0,0.0
0,10000.0,6.99,A,685.0,689.0,24.92,50000.0,12.0,28.0,0.0
0,35000.0,11.49,B,685.0,689.0,64.02,53747.2,21.0,50.0,0.0
0,24000.0,14.99,C,670.0,674.0,14.77,71000.0,7.0,11.0,0.0
0,14000.0,14.99,C,700.0,704.0,14.74,84200.0,9.0,20.0,3.0
0,17000.0,6.99,A,715.0,719.0,16.31,120000.0,10.0,38.0,0.0
0,23000.0,10.42,B,685.0,689.0,12.72,95000.0,18.0,23.0,1.0
0,18400.0,18.99,D,660.0,664.0,26.09,68000.0,19.0,24.0,1.0
0,39000.0,14.99,C,700.0,704.0,24.72,80000.0,14.0,39.0,0.0
0,8000.0,11.49,B,680.0,684.0,19.67,65000.0,12.0,17.0,0.0
1,3700.0,12.74,C,690.0,694.0,10.53,45000.0,7.0,23.0,1.0
1,1500.0,22.91,E,695.0,699.0,10.36,35000.0,7.0,9.0,0.0
0,27650.0,10.49,B,740.0,744.0,18.96,250000.0,17.0,33.0,0.0
0,10000.0,13.99,C,685.0,689.0,17.47,49600.0,12.0,21.0,0.0
1,18000.0,15.05,C,665.0,669.0,10.38,75000.0,12.0,17.0,1.0
1,20000.0,11.99,B,675.0,679.0,25.61,85000.0,9.0,49.0,4.0
0,10000.0,7.49,A,685.0,689.0,6.7,127000.0,6.0,16.0,0.0
0,5000.0,12.62,C,665.0,669.0,8.45,25000.0,8.0,15.0,1.0
0,2000.0,23.88,E,670.0,674.0,21.35,95000.0,15.0,22.0,0.0
0,4000.0,11.99,B,705.0,709.0,23.87,28000.0,11.0,14.0,0.0
1,16000.0,7.35,A,750.0,754.0,20.55,50000.0,8.0,10.0,0.0
1,10000.0,11.49,B,665.0,669.0,3.25,62000.0,4.0,14.0,1.0
0,9600.0,13.49,C,665.0,669.0,22.29,107000.0,10.0,32.0,1.0
0,12000.0,8.24,B,675.0,679.0,15.07,135000.0,11.0,20.0,0.0
0,21600.0,12.62,C,665.0,669.0,26.77,75000.0,16.0,31.0,0.0
0,5000.0,10.49,B,690.0,694.0,10.23,73000.0,8.0,18.0,0.0
1,16000.0,13.99,C,690.0,694.0,17.83,73000.0,23.0,35.0,1.0
0,32000.0,13.99,C,690.0,694.0,20.87,145000.0,18.0,40.0,0.0
0,24000.0,5.32,A,795.0,799.0,10.93,120000.0,12.0,26.0,2.0
1,28000.0,8.24,B,775.0,779.0,20.21,83000.0,19.0,43.0,0.0
0,20000.0,13.49,C,785.0,789.0,15.6,50000.0,19.0,30.0,1.0
0,25000.0,13.99,C,675.0,679.0,22.56,75000.0,12.0,36.0,0.0
1,35000.0,18.06,D,680.0,684.0,17.84,49000.0,8.0,14.0,1.0
0,13250.0,12.62,C,700.0,704.0,21.52,36400.0,9.0,21.0,0.0
0,9550.0,15.99,C,660.0,664.0,11.44,28000.0,8.0,12.0,1.0
0,10000.0,7.99,A,715.0,719.0,17.84,45000.0,15.0,24.0,1.0
0,5000.0,5.32,A,795.0,799.0,7.1,99000.0,6.0,20.0,0.0
0,30000.0,7.24,A,710.0,714.0,17.18,185000.0,18.0,29.0,0.0
0,35000.0,7.99,A,680.0,684.0,20.89,140000.0,8.0,28.0,0.0
0,36000.0,7.21,A,725.0,729.0,10.06,150000.0,11.0,18.0,2.0
0,17325.0,19.99,D,675.0,679.0,27.07,59000.0,12.0,29.0,0.0
0,7000.0,7.99,A,690.0,694.0,18.6,95000.0,7.0,17.0,0.0
0,3000.0,7.21,A,690.0,694.0,21.65,29000.0,12.0,23.0,0.0
0,20000.0,10.91,B,680.0,684.0,19.74,101000.0,12.0,17.0,0.0
0,9000.0,16.99,D,675.0,679.0,9.4,30000.0,14.0,33.0,1.0
1,35000.0,15.99,C,670.0,674.0,24.32,91000.0,12.0,17.0,0.0
1,3200.0,23.88,E,665.0,669.0,19.0,18000.0,4.0,5.0,2.0
1,4500.0,10.42,B,685.0,689.0,8.08,30600.0,10.0,12.0,0.0
1,6000.0,10.91,B,670.0,674.0,22.47,117000.0,20.0,29.0,0.0
1,15000.0,19.99,D,670.0,674.0,27.15,57200.0,12.0,21.0,0.0
1,10000.0,14.08,C,685.0,689.0,9.17,100000.0,8.0,24.0,1.0
0,8000.0,9.44,B,680.0,684.0,16.75,123000.0,12.0,24.0,0.0
0,12000.0,11.44,B,705.0,709.0,9.83,101000.0,6.0,12.0,0.0
0,15700.0,14.99,C,685.0,689.0,23.49,46600.0,10.0,18.0,0.0
0,16000.0,11.39,B,685.0,689.0,17.04,75000.0,10.0,26.0,1.0
0,10000.0,13.59,C,715.0,719.0,13.95,50000.0,4.0,8.0,0.0
0,25000.0,13.49,C,705.0,709.0,75.4,12000.0,10.0,11.0,1.0
0,5475.0,9.93,B,670.0,674.0,11.67,58000.0,7.0,18.0,0.0
0,21600.0,7.35,A,685.0,689.0,8.7,125000.0,9.0,12.0,3.0
0,6000.0,12.74,C,675.0,679.0,12.69,60320.0,5.0,13.0,1.0
0,2000.0,14.99,C,695.0,699.0,17.35,63000.0,10.0,24.0,0.0
0,9000.0,12.74,C,700.0,704.0,21.27,25000.0,11.0,18.0,0.0
1,3000.0,9.44,B,660.0,664.0,34.15,98353.0,32.0,52.0,0.0
1,25000.0,7.49,A,725.0,729.0,17.14,85000.0,13.0,28.0,0.0
1,3000.0,18.06,D,695.0,699.0,11.08,60000.0,7.0,21.0,0.0
0,10000.0,17.99,D,660.0,664.0,14.99,67000.0,18.0,28.0,1.0
0,13600.0,5.32,A,755.0,759.0,17.03,77100.0,23.0,42.0,0.0
0,20000.0,11.39,B,665.0,669.0,8.74,120000.0,6.0,23.0,1.0
0,7000.0,9.44,B,675.0,679.0,25.07,37000.0,16.0,19.0,1.0
1,2600.0,20.0,D,685.0,689.0,18.42,35000.0,13.0,14.0,0.0
0,16000.0,5.32,A,750.0,754.0,16.03,105000.0,8.0,22.0,0.0
1,16000.0,20.0,D,660.0,664.0,15.97,89000.0,22.0,32.0,0.0
1,30000.0,23.88,E,670.0,674.0,18.29,82000.0,13.0,30.0,3.0
0,5000.0,11.49,B,695.0,699.0,16.72,77000.0,11.0,13.0,0.0
1,18000.0,6.99,A,695.0,699.0,11.33,79290.0,17.0,37.0,0.0
1,9000.0,26.3,E,660.0,664.0,27.89,25000.0,8.0,22.0,1.0
0,12000.0,7.24,A,710.0,714.0,13.63,90000.0,12.0,25.0,0.0
1,4800.0,14.99,C,670.0,674.0,18.67,38000.0,5.0,15.0,0.0
0,12000.0,7.99,A,745.0,749.0,14.11,117000.0,6.0,14.0,0.0
0,8600.0,11.49,B,720.0,724.0,24.22,27000.0,10.0,19.0,0.0
0,10000.0,10.91,B,680.0,684.0,44.26,50000.0,13.0,35.0,0.0
1,12000.0,12.62,C,660.0,664.0,5.97,35000.0,6.0,14.0,0.0
0,6400.0,15.05,C,675.0,679.0,16.92,97000.0,16.0,31.0,1.0
1,8400.0,17.99,D,660.0,664.0,7.11,26000.0,17.0,27.0,1.0
1,40000.0,7.99,A,730.0,734.0,22.35,130000.0,23.0,34.0,1.0
0,15000.0,13.99,C,695.0,699.0,22.83,50000.0,13.0,17.0,2.0
1,35000.0,15.99,C,680.0,684.0,4.52,80000.0,20.0,33.0,0.0
0,13400.0,8.24,B,685.0,689.0,5.38,108000.0,10.0,15.0,0.0
0,21000.0,11.39,B,740.0,744.0,23.45,63000.0,15.0,25.0,0.0
0,5000.0,13.99,C,695.0,699.0,19.43,43000.0,5.0,10.0,0.0
1,5525.0,9.44,B,660.0,664.0,10.47,43000.0,9.0,20.0,0.0
0,8000.0,18.06,D,695.0,699.0,16.62,49500.0,4.0,11.0,0.0
0,16000.0,17.99,D,670.0,674.0,21.99,120000.0,15.0,21.0,0.0
1,6400.0,12.62,C,675.0,679.0,25.34,34000.0,5.0,26.0,3.0
1,25000.0,10.49,B,755.0,759.0,27.13,77866.0,26.0,37.0,0.0
0,6000.0,18.06,D,710.0,714.0,18.88,87008.0,8.0,16.0,0.0
0,7200.0,28.69,F,675.0,679.0,22.59,91500.0,13.0,29.0,0.0
1,7000.0,7.35,A,745.0,749.0,5.82,40000.0,10.0,15.0,0.0
0,17000.0,7.07,A,730.0,734.0,19.43,95000.0,18.0,43.0,0.0
1,15000.0,19.99,D,680.0,684.0,4.09,430000.0,16.0,22.0,0.0
0,30000.0,11.49,B,675.0,679.0,13.19,95000.0,14.0,31.0,0.0
0,8400.0,19.03,D,685.0,689.0,17.97,40000.0,7.0,25.0,0.0
0,4925.0,24.85,E,660.0,664.0,5.66,35000.0,6.0,8.0,0.0
1,7550.0,11.49,B,680.0,684.0,24.42,35000.0,8.0,15.0,0.0
0,12000.0,9.93,B,660.0,664.0,17.86,87000.0,14.0,20.0,0.0
1,10000.0,7.21,A,780.0,784.0,23.58,60000.0,5.0,9.0,0.0
0,2525.0,25.82,E,700.0,704.0,24.51,31000.0,7.0,21.0,2.0
0,30000.0,10.49,B,730.0,734.0,7.22,70000.0,11.0,25.0,0.0
0,12775.0,18.99,D,670.0,674.0,21.44,65000.0,11.0,23.0,0.0
0,10000.0,7.99,A,700.0,704.0,16.44,60000.0,7.0,17.0,0.0
1,5000.0,11.99,B,680.0,684.0,10.38,83800.0,6.0,8.0,0.0
0,6600.0,9.93,B,675.0,679.0,29.62,58000.0,19.0,50.0,1.0
1,7600.0,7.97,A,710.0,714.0,14.47,36000.0,7.0,33.0,3.0
0,4500.0,17.99,D,670.0,674.0,15.86,140000.0,14.0,37.0,1.0
0,4000.0,7.07,A,720.0,724.0,28.31,43576.0,11.0,23.0,0.0
1,35000.0,13.49,C,715.0,719.0,28.27,109000.0,9.0,26.0,2.0
1,3000.0,7.07,A,730.0,734.0,11.93,35000.0,12.0,19.0,0.0
0,6000.0,5.32,A,685.0,689.0,14.97,130000.0,18.0,31.0,1.0
1,8700.0,11.99,B,665.0,669.0,11.92,31000.0,4.0,9.0,1.0
0,9000.0,9.44,B,750.0,754.0,27.12,42661.0,7.0,19.0,1.0
0,2550.0,18.06,D,720.0,724.0,11.16,98649.0,11.0,23.0,0.0
0,5600.0,7.97,A,700.0,704.0,10.33,39500.0,3.0,9.0,0.0
1,20000.0,15.05,C,660.0,664.0,6.6,68000.0,12.0,24.0,1.0
0,3000.0,16.02,C,665.0,669.0,23.29,64000.0,17.0,30.0,1.0
0,15000.0,14.99,C,665.0,669.0,27.4,60000.0,13.0,24.0,0.0
0,14000.0,7.35,A,715.0,719.0,15.01,95000.0,11.0,22.0,0.0
0,6500.0,7.24,A,705.0,709.0,15.95,52000.0,5.0,6.0,0.0
0,7000.0,10.42,B,700.0,704.0,17.01,40000.0,9.0,18.0,2.0
0,6000.0,28.69,F,660.0,664.0,11.94,60000.0,3.0,16.0,0.0
0,23125.0,8.24,B,780.0,784.0,25.76,46298.0,17.0,31.0,0.0
1,25000.0,18.06,D,665.0,669.0,17.89,63000.0,13.0,16.0,1.0
0,4000.0,13.99,C,685.0,689.0,17.04,47818.0,3.0,5.0,0.0
0,15000.0,11.49,B,720.0,724.0,20.44,67000.0,15.0,27.0,0.0
0,15000.0,11.99,B,695.0,699.0,9.53,50000.0,6.0,30.0,1.0
1,5500.0,20.0,D,715.0,719.0,45.2,18000.0,6.0,21.0,0.0
0,13000.0,10.91,B,665.0,669.0,19.81,65000.0,11.0,19.0,0.0
0,30000.0,16.99,D,665.0,669.0,17.95,82683.0,10.0,23.0,1.0
0,9600.0,11.49,B,670.0,674.0,15.12,71000.0,35.0,79.0,1.0
1,20000.0,16.02,C,670.0,674.0,25.13,65000.0,10.0,13.0,0.0
0,10000.0,7.99,A,780.0,784.0,12.74,191000.0,8.0,13.0,1.0
0,2500.0,14.08,C,665.0,669.0,12.61,33000.0,8.0,9.0,1.0
0,2000.0,13.59,C,670.0,674.0,8.75,71700.0,8.0,28.0,0.0
0,9600.0,5.32,A,820.0,824.0,7.28,89000.0,6.0,17.0,0.0
0,25000.0,7.99,A,700.0,704.0,27.73,180000.0,17.0,40.0,0.0
0,13700.0,18.99,D,665.0,669.0,26.4,73500.0,10.0,14.0,1.0
0,40000.0,6.99,A,745.0,749.0,20.3,160000.0,13.0,26.0,0.0
0,7000.0,6.99,A,730.0,734.0,15.66,250000.0,21.0,39.0,1.0
0,15000.0,5.32,A,720.0,724.0,21.0,100000.0,11.0,32.0,0.0
0,11000.0,7.49,A,695.0,699.0,18.49,64000.0,11.0,13.0,0.0
1,3600.0,11.49,B,665.0,669.0,30.15,105000.0,22.0,44.0,0.0
0,7000.0,16.99,D,670.0,674.0,25.48,43000.0,13.0,27.0,0.0
0,12600.0,17.99,D,665.0,669.0,9.92,90000.0,18.0,35.0,4.0
0,8000.0,7.07,A,735.0,739.0,34.42,104000.0,17.0,43.0,2.0
0,14400.0,11.99,B,660.0,664.0,26.94,60000.0,9.0,10.0,1.0
0,15000.0,10.42,B,675.0,679.0,26.93,80000.0,19.0,39.0,0.0
0,6000.0,8.24,B,685.0,689.0,21.53,165000.0,25.0,41.0,3.0
0,6000.0,14.99,C,670.0,674.0,16.08,65000.0,4.0,5.0,0.0
0,6000.0,5.32,A,825.0,829.0,8.73,66000.0,9.0,20.0,0.0
0,8000.0,13.49,C,660.0,664.0,11.96,64500.0,23.0,35.0,0.0
1,35000.0,16.99,D,695.0,699.0,27.3,92000.0,12.0,31.0,0.0
1,8550.0,25.82,E,675.0,679.0,16.55,62000.0,11.0,14.0,2.0
0,3000.0,11.39,B,740.0,744.0,22.44,100000.0,8.0,10.0,0.0
1,15000.0,20.0,D,740.0,744.0,11.99,95000.0,11.0,20.0,4.0
1,19200.0,23.99,E,740.0,744.0,15.9,40000.0,10.0,12.0,0.0
1,7000.0,16.02,C,690.0,694.0,25.28,55000.0,8.0,11.0,1.0
0,10000.0,11.44,B,660.0,664.0,13.53,55000.0,9.0,9.0,0.0
0,8500.0,11.39,B,665.0,669.0,9.04,60000.0,5.0,18.0,1.0
0,4800.0,13.49,C,725.0,729.0,9.07,65000.0,4.0,18.0,2.0
0,10000.0,11.39,B,760.0,764.0,6.01,170000.0,12.0,30.0,0.0
0,7000.0,7.07,A,740.0,744.0,20.51,72000.0,19.0,38.0,2.0
0,18900.0,17.99,D,715.0,719.0,23.95,31000.0,6.0,9.0,0.0
0,8000.0,10.42,B,695.0,699.0,12.49,52740.0,5.0,21.0,0.0
0,15000.0,11.39,B,695.0,699.0,24.89,65000.0,10.0,16.0,0.0
0,2575.0,13.99,C,685.0,689.0,14.05,61000.0,9.0,19.0,1.0
1,13000.0,14.08,C,665.0,669.0,14.93,52000.0,8.0,22.0,0.0
0,6000.0,7.99,A,700.0,704.0,13.78,60000.0,4.0,16.0,1.0
0,10000.0,11.49,B,660.0,664.0,1.59,70000.0,4.0,17.0,0.0
0,12800.0,7.21,A,710.0,714.0,29.55,72000.0,12.0,20.0,1.0
0,30000.0,11.49,B,665.0,669.0,12.0,110826.94,13.0,26.0,0.0
1,8000.0,13.99,C,680.0,684.0,25.87,72000.0,13.0,22.0,0.0
0,24000.0,8.24,B,705.0,709.0,11.8,120000.0,12.0,22.0,0.0
1,18000.0,13.99,C,680.0,684.0,6.52,90000.0,6.0,10.0,1.0
1,8400.0,11.99,B,705.0,709.0,14.94,51000.0,11.0,14.0,1.0
0,20000.0,6.99,A,795.0,799.0,9.02,125000.0,6.0,17.0,0.0
0,6000.0,7.49,A,715.0,719.0,21.97,65000.0,7.0,14.0,0.0
0,8000.0,16.99,D,705.0,709.0,23.23,38600.0,6.0,11.0,0.0
0,25000.0,11.44,B,665.0,669.0,4.01,170000.0,7.0,23.0,0.0
0,15100.0,16.02,C,670.0,674.0,21.04,65474.21,11.0,22.0,0.0
0,6200.0,13.99,C,685.0,689.0,22.14,40000.0,16.0,22.0,0.0
1,31000.0,10.42,B,675.0,679.0,12.49,90000.0,7.0,15.0,1.0
0,19200.0,9.44,B,675.0,679.0,16.98,96000.0,14.0,31.0,1.0
0,15000.0,8.24,B,680.0,684.0,26.26,60000.0,15.0,25.0,0.0
0,3600.0,11.44,B,660.0,664.0,9.01,90000.0,12.0,42.0,3.0
1,9600.0,10.42,B,670.0,674.0,20.89,105000.0,9.0,20.0,2.0
1,10000.0,10.91,B,700.0,704.0,11.87,75000.0,13.0,29.0,0.0
0,3000.0,7.97,A,660.0,664.0,26.4,53000.0,9.0,19.0,0.0
1,22950.0,12.74,C,690.0,694.0,19.54,47840.0,6.0,40.0,0.0
0,15000.0,12.62,C,670.0,674.0,13.14,78000.0,5.0,16.0,0.0
0,1600.0,13.59,C,665.0,669.0,10.76,33600.0,16.0,28.0,0.0
0,4000.0,11.49,B,720.0,724.0,23.7,43000.0,6.0,10.0,1.0
0,35000.0,11.49,B,680.0,684.0,11.9,125000.0,3.0,33.0,0.0
1,20000.0,11.99,B,725.0,729.0,35.65,65000.0,11.0,18.0,1.0
0,15000.0,8.24,B,760.0,764.0,26.41,117000.0,19.0,41.0,2.0
1,4000.0,12.74,C,670.0,674.0,33.39,58500.0,17.0,26.0,0.0
0,18000.0,6.99,A,730.0,734.0,10.52,120000.0,11.0,16.0,0.0
0,9500.0,16.02,C,675.0,679.0,23.07,32000.0,5.0,36.0,1.0
0,25000.0,7.99,A,705.0,709.0,23.56,40000.0,9.0,12.0,0.0
0,19200.0,5.32,A,710.0,714.0,13.28,155000.0,11.0,25.0,0.0
1,16000.0,26.3,E,660.0,664.0,20.05,56276.0,6.0,31.0,2.0
1,5000.0,16.02,C,660.0,664.0,18.18,60000.0,10.0,14.0,1.0
0,10800.0,13.49,C,665.0,669.0,19.63,108000.0,9.0,39.0,3.0
0,3625.0,15.99,C,675.0,679.0,13.82,85000.0,11.0,29.0,1.0
1,4000.0,9.93,B,685.0,689.0,24.98,75000.0,15.0,16.0,0.0
0,14000.0,7.97,A,720.0,724.0,21.12,52000.0,17.0,69.0,0.0
0,6000.0,10.91,B,745.0,749.0,25.6,75000.0,16.0,22.0,4.0
0,16500.0,11.49,B,660.0,664.0,17.99,54585.0,27.0,39.0,0.0
0,3000.0,12.74,C,685.0,689.0,3.19,41000.0,12.0,23.0,2.0
0,10000.0,10.91,B,680.0,684.0,14.31,55000.0,11.0,21.0,0.0
0,12000.0,12.62,C,670.0,674.0,20.56,161524.0,14.0,26.0,1.0
0,5000.0,12.74,C,670.0,674.0,25.4,27000.0,6.0,8.0,0.0
1,28000.0,9.93,B,685.0,689.0,20.86,50000.0,14.0,20.0,0.0
0,3000.0,5.32,A,750.0,754.0,15.47,36000.0,13.0,33.0,0.0
1,18000.0,17.99,D,660.0,664.0,17.71,50000.0,5.0,7.0,1.0
1,8000.0,20.0,D,665.0,669.0,22.49,31000.0,12.0,21.0,1.0
0,6000.0,12.74,C,760.0,764.0,7.0,60000.0,8.0,12.0,0.0
1,20500.0,23.88,E,675.0,679.0,17.53,54000.0,12.0,21.0,1.0
1,10000.0,7.97,A,710.0,714.0,9.84,98000.0,6.0,18.0,0.0
0,2000.0,9.44,B,710.0,714.0,12.77,45000.0,20.0,34.0,0.0
0,8600.0,12.62,C,660.0,664.0,21.39,46500.0,9.0,16.0,1.0
0,20000.0,8.24,B,705.0,709.0,16.28,76402.0,16.0,28.0,2.0
1,12000.0,16.02,C,675.0,679.0,12.86,73000.0,5.0,12.0,1.0
1,15000.0,16.02,C,660.0,664.0,16.03,50000.0,6.0,18.0,0.0
0,10000.0,7.49,A,765.0,769.0,10.44,77000.0,7.0,13.0,1.0
0,24000.0,8.24,B,690.0,694.0,20.43,80000.0,20.0,31.0,0.0
0,12000.0,15.99,C,700.0,704.0,24.97,73000.0,15.0,23.0,0.0
0,5000.0,7.99,A,770.0,774.0,2.82,40000.0,3.0,13.0,0.0
0,10550.0,9.44,B,675.0,679.0,5.76,50000.0,6.0,18.0,1.0
1,13200.0,11.44,B,665.0,669.0,29.67,45000.0,15.0,40.0,1.0
0,4000.0,19.03,D,670.0,674.0,5.78,22000.0,17.0,19.0,0.0
0,5000.0,7.24,A,690.0,694.0,20.33,67000.0,14.0,26.0,0.0
0,14000.0,7.49,A,725.0,729.0,20.34,58000.0,13.0,19.0,1.0
1,24000.0,13.99,C,685.0,689.0,14.03,130000.0,16.0,25.0,0.0
0,3000.0,22.74,E,705.0,709.0,25.36,66000.0,21.0,28.0,2.0
0,10000.0,11.44,B,700.0,704.0,20.71,51336.58,10.0,23.0,0.0
0,12000.0,12.74,C,695.0,699.0,21.71,85000.0,19.0,25.0,1.0
1,32500.0,20.0,D,730.0,734.0,0.0,88900.0,4.0,6.0,2.0
0,4000.0,11.99,B,700.0,704.0,31.89,21000.0,7.0,11.0,0.0
1,16725.0,12.62,C,815.0,819.0,26.82,26000.0,12.0,21.0,2.0
0,4500.0,7.97,A,700.0,704.0,10.2,100000.0,7.0,13.0,1.0
0,25000.0,12.74,C,695.0,699.0,13.59,82000.0,10.0,22.0,0.0
0,6000.0,12.62,C,675.0,679.0,18.12,53000.0,7.0,13.0,0.0
0,20000.0,17.99,D,680.0,684.0,14.58,95000.0,11.0,15.0,0.0
0,6000.0,5.32,A,730.0,734.0,19.37,70000.0,17.0,62.0,0.0
0,1000.0,13.49,C,715.0,719.0,23.39,65000.0,13.0,35.0,1.0
0,3025.0,8.24,B,660.0,664.0,11.17,55000.0,11.0,33.0,0.0
0,15000.0,12.74,C,665.0,669.0,13.78,60000.0,12.0,13.0,0.0
0,13000.0,11.44,B,680.0,684.0,10.92,51000.0,22.0,22.0,1.0
0,16000.0,5.32,A,765.0,769.0,9.04,97000.0,10.0,25.0,1.0
0,10000.0,5.32,A,800.0,804.0,17.92,100000.0,24.0,59.0,0.0
1,7000.0,12.74,C,685.0,689.0,22.92,120088.0,26.0,34.0,0.0
0,7200.0,13.59,C,665.0,669.0,19.64,30000.0,5.0,11.0,1.0
0,9000.0,5.32,A,760.0,764.0,18.31,102000.0,14.0,45.0,1.0
1,4000.0,14.08,C,720.0,724.0,18.48,60000.0,10.0,14.0,3.0
1,6500.0,12.74,C,680.0,684.0,16.08,70000.0,11.0,16.0,1.0
0,7000.0,13.49,C,665.0,669.0,17.79,56000.0,7.0,16.0,0.0
0,18000.0,11.39,B,705.0,709.0,20.47,86000.0,14.0,35.0,1.0
0,9600.0,14.99,C,670.0,674.0,12.4,45000.0,7.0,18.0,0.0
1,7000.0,11.39,B,680.0,684.0,2.56,85000.0,8.0,20.0,2.0
1,35000.0,9.93,B,720.0,724.0,8.87,84000.0,3.0,20.0,0.0
0,10000.0,17.99,D,670.0,674.0,27.33,45000.0,8.0,23.0,1.0
1,20000.0,12.62,C,715.0,719.0,17.61,110000.0,11.0,26.0,2.0
0,10000.0,12.74,C,730.0,734.0,13.35,40000.0,4.0,5.0,0.0
0,5000.0,11.49,B,675.0,679.0,3.99,34840.0,6.0,24.0,2.0
1,12000.0,11.49,B,670.0,674.0,19.08,71000.0,17.0,33.0,0.0
0,8000.0,12.74,C,660.0,664.0,24.66,63550.0,7.0,19.0,0.0
0,12000.0,14.99,C,690.0,694.0,19.8,125000.0,17.0,59.0,0.0
0,1450.0,14.08,C,670.0,674.0,18.62,56214.0,12.0,27.0,2.0
0,3625.0,12.62,C,690.0,694.0,19.76,50000.0,16.0,18.0,1.0
0,6000.0,11.39,B,745.0,749.0,15.61,34320.0,16.0,24.0,0.0
1,26675.0,13.49,C,680.0,684.0,14.5,58000.0,8.0,18.0,0.0
0,4200.0,6.99,A,685.0,689.0,28.69,126800.0,17.0,23.0,0.0
0,17000.0,5.32,A,755.0,759.0,13.32,70000.0,18.0,47.0,0.0
0,9800.0,8.24,B,660.0,664.0,12.22,50000.0,8.0,10.0,1.0
0,5000.0,7.07,A,720.0,724.0,13.89,40000.0,10.0,17.0,0.0
0,10000.0,10.91,B,680.0,684.0,14.82,54000.0,7.0,11.0,0.0
0,9600.0,11.39,B,670.0,674.0,18.3,85000.0,9.0,15.0,0.0
1,19200.0,23.99,E,670.0,674.0,19.32,61630.0,23.0,51.0,4.0
0,6000.0,15.05,C,690.0,694.0,6.86,75000.0,5.0,13.0,0.0
0,3900.0,12.62,C,680.0,684.0,12.4,51000.0,6.0,8.0,0.0
0,2500.0,6.99,A,745.0,749.0,34.9,50000.0,29.0,35.0,0.0
0,1500.0,15.05,C,705.0,709.0,14.19,50000.0,4.0,8.0,1.0
0,13100.0,5.32,A,805.0,809.0,15.41,75000.0,12.0,41.0,0.0
0,40000.0,9.93,B,720.0,724.0,13.87,187000.0,14.0,26.0,1.0
0,10000.0,15.99,C,660.0,664.0,32.33,52000.0,13.0,25.0,0.0
0,7200.0,15.99,C,675.0,679.0,19.7,73000.0,18.0,54.0,3.0
0,40000.0,5.32,A,795.0,799.0,6.94,180000.0,9.0,39.0,0.0
1,18500.0,9.44,B,720.0,724.0,17.33,97200.0,17.0,26.0,2.0
1,35000.0,15.05,C,695.0,699.0,14.34,106000.0,9.0,26.0,0.0
0,15000.0,10.49,B,660.0,664.0,14.66,60000.0,6.0,16.0,0.0
0,15000.0,10.42,B,660.0,664.0,4.53,108000.0,5.0,13.0,0.0
1,26400.0,5.32,A,765.0,769.0,20.57,120000.0,9.0,27.0,0.0
0,18000.0,11.49,B,695.0,699.0,11.27,85000.0,12.0,15.0,1.0
1,25025.0,15.05,C,675.0,679.0,17.34,120000.0,18.0,36.0,0.0
1,6700.0,11.49,B,695.0,699.0,17.95,65000.0,9.0,16.0,1.0
1,16000.0,12.62,C,680.0,684.0,24.83,90000.0,24.0,54.0,1.0
1,24000.0,20.0,D,665.0,669.0,45.24,65000.0,26.0,39.0,0.0
0,12000.0,10.49,B,735.0,739.0,29.98,58000.0,13.0,30.0,0.0
0,14000.0,16.99,D,700.0,704.0,32.39,50000.0,15.0,37.0,0.0
0,5000.0,10.49,B,765.0,769.0,7.65,24000.0,5.0,16.0,0.0
0,6400.0,11.49,B,660.0,664.0,11.3,96000.0,16.0,33.0,0.0
1,8000.0,11.49,B,700.0,704.0,11.43,72000.0,8.0,33.0,0.0
0,7500.0,14.99,C,670.0,674.0,20.71,31000.0,5.0,19.0,0.0
1,9800.0,10.91,B,690.0,694.0,2.33,120000.0,7.0,14.0,1.0
0,35000.0,8.24,B,690.0,694.0,11.09,125000.0,12.0,16.0,0.0
0,4000.0,8.24,B,670.0,674.0,10.63,78000.0,11.0,36.0,0.0
1,12000.0,9.93,B,695.0,699.0,6.82,120000.0,9.0,12.0,0.0
0,9000.0,12.74,C,760.0,764.0,17.27,95000.0,4.0,8.0,0.0
0,5000.0,13.59,C,700.0,704.0,27.75,25000.0,13.0,28.0,0.0
1,35000.0,11.44,B,695.0,699.0,20.49,480000.0,12.0,48.0,0.0
0,10125.0,13.49,C,680.0,684.0,10.19,100000.0,7.0,12.0,2.0
0,3400.0,5.32,A,715.0,719.0,14.84,60000.0,17.0,36.0,0.0
0,2000.0,16.02,C,705.0,709.0,19.87,95000.0,5.0,14.0,0.0
0,14000.0,8.24,B,720.0,724.0,24.8,100000.0,15.0,20.0,0.0
0,40000.0,9.93,B,715.0,719.0,22.52,350000.0,19.0,29.0,0.0
0,18475.0,24.74,E,670.0,674.0,27.95,42000.0,7.0,10.0,0.0
0,21000.0,16.99,D,675.0,679.0,25.81,65000.0,16.0,21.0,0.0
0,6000.0,11.49,B,705.0,709.0,16.38,80000.0,11.0,15.0,1.0
0,40000.0,7.35,A,725.0,729.0,19.07,107000.0,13.0,21.0,0.0
0,24200.0,18.99,D,660.0,664.0,18.95,55000.0,22.0,37.0,2.0
0,4000.0,15.99,C,670.0,674.0,11.52,60000.0,14.0,47.0,2.0
0,15500.0,8.24,B,765.0,769.0,12.05,66516.0,6.0,12.0,0.0
0,30000.0,11.44,B,735.0,739.0,8.97,108000.0,24.0,40.0,2.0
0,7000.0,7.24,A,755.0,759.0,14.83,160000.0,11.0,28.0,0.0
0,6800.0,11.49,B,670.0,674.0,15.09,42000.0,9.0,12.0,0.0
0,20000.0,11.49,B,720.0,724.0,7.51,82163.0,3.0,4.0,0.0
1,20000.0,15.99,C,720.0,724.0,12.53,140000.0,8.0,12.0,0.0
0,2000.0,12.62,C,670.0,674.0,10.68,50000.0,5.0,25.0,0.0
0,20000.0,11.44,B,700.0,704.0,10.52,95000.0,7.0,14.0,0.0
1,8000.0,11.49,B,665.0,669.0,22.04,82000.0,12.0,34.0,1.0
0,10000.0,28.69,F,665.0,669.0,18.67,38000.0,6.0,6.0,1.0
0,15000.0,15.05,C,670.0,674.0,26.85,75000.0,35.0,83.0,0.0
1,7000.0,21.45,D,710.0,714.0,24.99,34000.0,6.0,24.0,0.0
0,7000.0,13.49,C,660.0,664.0,25.09,37360.0,9.0,11.0,1.0
0,14000.0,12.74,C,685.0,689.0,19.46,55000.0,6.0,13.0,0.0
0,1000.0,6.99,A,700.0,704.0,10.24,40000.0,6.0,18.0,1.0
0,6000.0,12.74,C,690.0,694.0,13.92,35000.0,13.0,24.0,1.0
1,20000.0,7.35,A,715.0,719.0,17.71,74000.0,13.0,23.0,0.0
0,9800.0,8.24,B,690.0,694.0,21.47,55000.0,7.0,8.0,1.0
0,12000.0,13.59,C,665.0,669.0,17.44,68000.0,5.0,13.0,0.0
0,15000.0,7.21,A,720.0,724.0,15.08,84500.0,14.0,23.0,0.0
0,3500.0,10.91,B,665.0,669.0,1.42,104000.0,4.0,6.0,0.0
1,9000.0,11.99,B,680.0,684.0,11.24,68000.0,9.0,14.0,0.0
0,6750.0,6.99,A,710.0,714.0,4.87,100000.0,12.0,29.0,1.0
1,16000.0,9.93,B,675.0,679.0,10.25,210000.0,9.0,36.0,0.0
0,6000.0,18.99,D,665.0,669.0,22.78,155000.0,34.0,54.0,4.0
1,20000.0,11.49,B,685.0,689.0,22.61,110000.0,14.0,33.0,1.0
0,8000.0,10.91,B,680.0,684.0,22.23,52000.0,8.0,11.0,0.0
0,20000.0,11.49,B,690.0,694.0,25.93,67500.0,7.0,22.0,0.0
1,20000.0,10.49,B,675.0,679.0,11.59,82000.0,7.0,22.0,0.0
0,20000.0,10.49,B,675.0,679.0,19.63,82000.0,6.0,21.0,0.0
0,2000.0,11.39,B,710.0,714.0,20.7,72000.0,13.0,18.0,1.0
0,7000.0,7.35,A,725.0,729.0,21.16,60000.0,14.0,36.0,0.0
0,36000.0,7.24,A,690.0,694.0,22.27,125000.0,11.0,25.0,0.0
0,33000.0,11.39,B,700.0,704.0,11.92,155000.0,16.0,23.0,1.0
1,10000.0,21.45,D,680.0,684.0,18.59,39000.0,8.0,14.0,0.0
0,10000.0,10.49,B,710.0,714.0,27.48,25000.0,4.0,6.0,0.0
1,15000.0,18.06,D,660.0,664.0,26.54,60000.0,20.0,24.0,0.0
1,10000.0,9.93,B,685.0,689.0,31.08,180000.0,20.0,30.0,0.0
0,9000.0,26.24,E,665.0,669.0,28.28,25000.0,12.0,14.0,0.0
1,2000.0,13.99,C,670.0,674.0,8.77,27500.0,8.0,12.0,2.0
0,18000.0,13.59,C,670.0,674.0,20.3,48660.0,15.0,23.0,0.0
1,9000.0,11.49,B,660.0,664.0,6.21,62036.0,12.0,24.0,0.0
0,2500.0,11.44,B,735.0,739.0,24.35,84760.0,16.0,31.0,1.0
0,30400.0,13.99,C,685.0,689.0,15.31,99000.0,21.0,21.0,0.0
0,5000.0,11.49,B,685.0,689.0,13.09,100000.0,11.0,15.0,0.0
0,7000.0,7.35,A,760.0,764.0,62.58,33000.0,11.0,29.0,0.0
0,7200.0,7.49,A,680.0,684.0,5.4,66500.0,8.0,26.0,0.0
0,15200.0,11.49,B,660.0,664.0,15.21,50000.0,11.0,28.0,0.0
0,7000.0,9.93,B,670.0,674.0,18.66,40000.0,14.0,18.0,1.0
0,12000.0,11.44,B,765.0,769.0,19.13,62000.0,13.0,30.0,2.0
1,1400.0,12.62,C,675.0,679.0,28.19,45000.0,10.0,24.0,0.0
1,2000.0,16.02,C,660.0,664.0,23.36,52000.0,9.0,26.0,1.0
1,8000.0,8.24,B,660.0,664.0,17.73,65000.0,7.0,19.0,1.0
0,10000.0,7.99,A,705.0,709.0,20.96,50000.0,13.0,30.0,0.0
0,16000.0,12.62,C,705.0,709.0,9.25,65000.0,9.0,25.0,0.0
0,20000.0,7.49,A,715.0,719.0,9.6,113000.0,7.0,11.0,0.0
0,5000.0,18.99,D,660.0,664.0,14.36,50000.0,10.0,32.0,4.0
1,5000.0,21.45,D,690.0,694.0,38.16,45000.0,11.0,12.0,0.0
0,5000.0,12.74,C,665.0,669.0,32.58,35000.0,6.0,17.0,0.0
0,14400.0,8.24,B,710.0,714.0,17.66,75000.0,19.0,32.0,0.0
0,4500.0,10.49,B,660.0,664.0,30.96,25000.0,6.0,14.0,0.0
0,16000.0,9.93,B,685.0,689.0,3.74,52000.0,6.0,8.0,2.0
0,25000.0,10.91,B,670.0,674.0,18.76,63000.0,17.0,32.0,0.0
0,18000.0,10.49,B,685.0,689.0,20.06,102000.0,11.0,40.0,1.0
0,10000.0,10.91,B,685.0,689.0,26.9,175000.0,13.0,25.0,0.0
0,12000.0,5.32,A,730.0,734.0,18.81,80000.0,11.0,31.0,1.0
0,36000.0,7.49,A,735.0,739.0,16.61,350000.0,19.0,39.0,1.0
1,12000.0,9.44,B,685.0,689.0,13.3,110000.0,7.0,22.0,2.0
0,21650.0,9.44,B,755.0,759.0,34.49,50000.0,17.0,23.0,1.0
1,4000.0,11.99,B,705.0,709.0,35.4,36000.0,14.0,31.0,0.0
0,35000.0,13.49,C,690.0,694.0,23.22,99000.0,10.0,18.0,0.0
1,10000.0,15.99,C,670.0,674.0,34.04,30000.0,10.0,20.0,0.0
0,15000.0,7.99,A,720.0,724.0,17.93,85000.0,10.0,16.0,0.0
0,10000.0,15.99,C,695.0,699.0,27.05,59000.0,18.0,28.0,0.0
1,25000.0,14.99,C,685.0,689.0,11.03,90000.0,9.0,26.0,0.0
0,8000.0,13.49,C,670.0,674.0,25.73,45000.0,7.0,8.0,0.0
0,5000.0,6.99,A,805.0,809.0,14.68,70000.0,5.0,14.0,0.0
0,2400.0,11.39,B,695.0,699.0,30.72,75000.0,12.0,18.0,0.0
0,12800.0,5.32,A,695.0,699.0,12.03,75000.0,5.0,22.0,1.0
1,15000.0,16.02,C,725.0,729.0,20.06,75000.0,13.0,21.0,3.0
0,6500.0,12.74,C,660.0,664.0,15.75,55000.0,13.0,28.0,2.0
0,20000.0,6.99,A,715.0,719.0,22.73,120000.0,18.0,41.0,0.0
0,10000.0,6.99,A,780.0,784.0,17.61,70000.0,18.0,29.0,0.0
0,24000.0,14.99,C,685.0,689.0,12.75,105000.0,6.0,38.0,0.0
0,12000.0,15.99,C,700.0,704.0,22.41,43000.0,9.0,11.0,1.0
1,35000.0,11.99,B,670.0,674.0,19.78,128000.0,12.0,19.0,0.0
0,14000.0,5.32,A,745.0,749.0,9.48,160000.0,7.0,19.0,0.0
0,1200.0,13.99,C,715.0,719.0,24.59,69000.0,14.0,24.0,1.0
0,7000.0,5.32,A,810.0,814.0,22.0,36000.0,11.0,21.0,0.0
1,4800.0,12.74,C,675.0,679.0,19.26,75000.0,9.0,28.0,2.0
0,9000.0,7.07,A,765.0,769.0,12.03,45000.0,11.0,18.0,0.0
0,3000.0,7.99,A,725.0,729.0,5.86,93000.0,12.0,26.0,2.0
0,7000.0,11.99,B,660.0,664.0,22.46,73700.0,10.0,12.0,0.0
0,6000.0,9.93,B,690.0,694.0,21.18,116000.0,17.0,32.0,1.0
0,19200.0,10.91,B,670.0,674.0,4.32,181000.0,4.0,10.0,0.0
0,7000.0,12.74,C,660.0,664.0,9.33,150000.0,8.0,20.0,1.0
0,7000.0,8.24,B,710.0,714.0,25.1,35000.0,13.0,20.0,0.0
0,8400.0,7.97,A,715.0,719.0,24.04,60000.0,10.0,23.0,0.0
0,2500.0,11.39,B,665.0,669.0,31.6,95200.0,23.0,40.0,0.0
0,9900.0,16.99,D,660.0,664.0,32.87,31000.0,29.0,48.0,1.0
0,12800.0,13.99,C,660.0,664.0,23.48,60000.0,10.0,30.0,1.0
0,4000.0,13.99,C,720.0,724.0,11.56,39854.0,16.0,31.0,2.0
0,11200.0,14.99,C,660.0,664.0,15.3,95000.0,9.0,29.0,2.0
0,11000.0,7.07,A,725.0,729.0,26.23,40000.0,9.0,10.0,0.0
0,20000.0,7.49,A,710.0,714.0,1.13,81000.0,17.0,49.0,2.0
1,3000.0,17.99,D,680.0,684.0,16.39,81000.0,11.0,14.0,0.0
0,15000.0,7.07,A,735.0,739.0,22.85,207000.0,18.0,30.0,0.0
0,26625.0,8.24,B,725.0,729.0,15.75,275000.0,7.0,14.0,0.0
1,6000.0,5.32,A,760.0,764.0,12.85,45000.0,8.0,20.0,0.0
0,6000.0,8.24,B,715.0,719.0,14.95,83000.0,23.0,61.0,0.0
0,25000.0,8.24,B,660.0,664.0,18.53,150000.0,12.0,43.0,0.0
0,9000.0,10.42,B,725.0,729.0,20.08,30000.0,6.0,9.0,0.0
0,6300.0,12.62,C,675.0,679.0,14.25,48000.0,6.0,6.0,0.0
0,7000.0,7.21,A,780.0,784.0,18.64,38000.0,6.0,16.0,0.0
0,18000.0,9.93,B,665.0,669.0,15.66,98000.0,12.0,26.0,0.0
0,9550.0,13.49,C,685.0,689.0,29.97,135000.0,16.0,37.0,1.0
0,35000.0,23.88,E,660.0,664.0,20.55,98000.0,14.0,24.0,0.0
0,16000.0,7.99,A,705.0,709.0,20.01,77000.0,14.0,32.0,0.0
0,5000.0,12.74,C,700.0,704.0,24.63,25000.0,5.0,8.0,1.0
0,9725.0,12.74,C,690.0,694.0,11.19,56967.0,15.0,30.0,1.0
0,6700.0,23.99,E,715.0,719.0,19.43,21000.0,5.0,6.0,0.0
0,4000.0,10.42,B,670.0,674.0,10.91,50000.0,6.0,15.0,0.0
0,21600.0,13.49,C,660.0,664.0,18.54,175000.0,8.0,13.0,0.0
0,8000.0,14.99,C,700.0,704.0,21.66,41280.0,11.0,19.0,0.0
0,2500.0,11.39,B,685.0,689.0,14.23,35000.0,6.0,9.0,0.0
1,2000.0,8.24,B,660.0,664.0,14.59,75000.0,12.0,30.0,0.0
0,35000.0,8.24,B,745.0,749.0,14.71,210000.0,15.0,29.0,0.0
0,7200.0,23.88,E,690.0,694.0,25.32,65000.0,14.0,43.0,1.0
0,9000.0,11.99,B,700.0,704.0,19.3,85000.0,7.0,21.0,1.0
1,5000.0,13.49,C,665.0,669.0,17.6,75000.0,11.0,24.0,2.0
1,16000.0,17.99,D,665.0,669.0,4.49,235000.0,10.0,13.0,0.0
0,15000.0,15.99,C,665.0,669.0,20.52,68000.0,22.0,52.0,0.0
0,10000.0,7.49,A,685.0,689.0,9.7,47000.0,3.0,8.0,1.0
0,9000.0,25.82,E,665.0,669.0,33.67,34000.0,9.0,13.0,1.0
0,25275.0,30.17,F,685.0,689.0,13.82,92450.0,8.0,29.0,0.0
0,18875.0,13.49,C,755.0,759.0,5.24,170000.0,7.0,8.0,1.0
0,16000.0,13.99,C,690.0,694.0,51.12,30000.0,11.0,15.0,0.0
0,5000.0,10.91,B,675.0,679.0,12.51,63000.0,22.0,55.0,3.0
0,3600.0,14.99,C,665.0,669.0,26.7,46155.0,9.0,31.0,1.0
0,19875.0,19.99,D,700.0,704.0,14.25,90000.0,9.0,13.0,0.0
0,15000.0,10.49,B,725.0,729.0,29.35,105000.0,19.0,49.0,1.0
0,3000.0,15.99,C,675.0,679.0,23.52,60000.0,10.0,19.0,1.0
0,35000.0,11.49,B,680.0,684.0,13.35,104500.0,10.0,20.0,1.0
0,5000.0,5.32,A,810.0,814.0,6.6,84000.0,6.0,13.0,0.0
0,5000.0,14.08,C,685.0,689.0,4.29,42000.0,4.0,6.0,0.0
0,5000.0,13.49,C,670.0,674.0,32.25,55300.0,24.0,39.0,4.0
0,25000.0,15.05,C,680.0,684.0,15.53,95000.0,16.0,29.0,1.0
1,12300.0,19.03,D,715.0,719.0,23.58,70400.0,9.0,15.0,1.0
0,20000.0,10.49,B,665.0,669.0,23.81,150000.0,13.0,24.0,1.0
0,7200.0,5.32,A,720.0,724.0,6.89,100000.0,15.0,22.0,0.0
0,30000.0,10.49,B,675.0,679.0,5.07,425000.0,19.0,27.0,2.0
0,14000.0,12.74,C,660.0,664.0,21.78,77000.0,9.0,18.0,0.0
1,15000.0,13.99,C,665.0,669.0,14.56,83000.0,8.0,9.0,2.0
0,9100.0,12.62,C,695.0,699.0,9.0,125000.0,5.0,13.0,0.0
0,7500.0,11.44,B,730.0,734.0,25.66,32000.0,16.0,30.0,1.0
0,14700.0,14.99,C,665.0,669.0,13.31,35000.0,6.0,15.0,1.0
0,10000.0,11.44,B,670.0,674.0,14.83,65000.0,20.0,39.0,1.0
0,8000.0,11.49,B,690.0,694.0,19.68,115000.0,16.0,22.0,1.0
0,10000.0,11.99,B,680.0,684.0,34.7,43000.0,21.0,39.0,0.0
1,5000.0,7.07,A,720.0,724.0,6.42,80000.0,22.0,37.0,0.0
0,7000.0,19.03,D,660.0,664.0,13.73,72000.0,24.0,27.0,2.0
0,5300.0,13.99,C,680.0,684.0,20.9,48000.0,8.0,11.0,0.0
0,3500.0,7.24,A,715.0,719.0,21.12,325000.0,15.0,29.0,2.0
0,9475.0,16.99,D,685.0,689.0,30.35,41400.0,11.0,29.0,0.0
1,10000.0,10.91,B,705.0,709.0,19.41,51000.0,9.0,21.0,1.0
0,10600.0,7.07,A,745.0,749.0,14.94,67000.0,14.0,23.0,1.0
0,4000.0,13.49,C,705.0,709.0,17.1,32000.0,7.0,32.0,1.0
0,3000.0,10.91,B,690.0,694.0,17.97,45000.0,8.0,21.0,1.0
0,3000.0,13.49,C,670.0,674.0,14.32,82864.0,4.0,9.0,1.0
0,12000.0,13.99,C,690.0,694.0,20.21,125000.0,14.0,21.0,0.0
0,16800.0,8.24,B,705.0,709.0,17.53,43000.0,12.0,27.0,0.0
0,10000.0,13.99,C,685.0,689.0,4.35,135000.0,10.0,18.0,1.0
0,19200.0,14.99,C,705.0,709.0,24.22,70000.0,7.0,12.0,1.0
1,10000.0,22.74,E,665.0,669.0,32.31,103000.0,10.0,25.0,1.0
0,7000.0,13.49,C,660.0,664.0,24.15,24000.0,6.0,14.0,1.0
0,18000.0,17.99,D,660.0,664.0,14.01,90000.0,6.0,22.0,0.0
0,16800.0,26.24,E,685.0,689.0,30.23,42000.0,10.0,15.0,2.0
0,9000.0,6.99,A,760.0,764.0,17.33,32000.0,15.0,25.0,0.0
0,5000.0,11.44,B,725.0,729.0,15.78,62000.0,7.0,22.0,0.0
0,1800.0,14.08,C,710.0,714.0,34.84,33384.0,19.0,28.0,0.0
1,18000.0,14.99,C,660.0,664.0,12.24,80000.0,21.0,26.0,2.0
1,13000.0,11.99,B,690.0,694.0,0.0,55000.0,3.0,15.0,1.0
0,14250.0,15.05,C,685.0,689.0,13.63,63000.0,8.0,26.0,0.0
0,5000.0,11.44,B,665.0,669.0,13.62,69000.0,16.0,42.0,1.0
0,24000.0,7.99,A,695.0,699.0,29.54,120000.0,14.0,28.0,0.0
1,12000.0,7.35,A,705.0,709.0,19.56,120000.0,10.0,18.0,1.0
0,10000.0,8.24,B,665.0,669.0,15.16,72000.0,10.0,13.0,0.0
0,10250.0,24.85,E,665.0,669.0,21.82,61000.0,12.0,23.0,0.0
0,5000.0,7.49,A,715.0,719.0,0.93,46000.0,11.0,39.0,1.0
0,4000.0,11.39,B,700.0,704.0,4.82,53000.0,5.0,7.0,1.0
1,3200.0,5.32,A,720.0,724.0,15.29,35000.0,9.0,20.0,1.0
0,8000.0,12.74,C,730.0,734.0,28.8,42000.0,24.0,48.0,2.0
0,35000.0,9.44,B,745.0,749.0,29.77,90000.0,23.0,41.0,0.0
0,20000.0,13.59,C,660.0,664.0,7.6,95700.0,15.0,28.0,0.0
0,4800.0,8.24,B,665.0,669.0,10.11,42000.0,8.0,26.0,0.0
0,15500.0,13.49,C,685.0,689.0,32.95,31000.0,6.0,10.0,2.0
0,15000.0,17.99,D,740.0,744.0,3.73,38000.0,7.0,10.0,0.0
0,20250.0,7.97,A,730.0,734.0,13.83,55000.0,6.0,17.0,0.0
0,10000.0,7.35,A,725.0,729.0,6.86,220000.0,6.0,18.0,0.0
0,16000.0,6.99,A,690.0,694.0,11.15,120000.0,3.0,11.0,0.0
1,7200.0,11.44,B,670.0,674.0,14.37,36576.0,5.0,18.0,0.0
0,4800.0,8.24,B,665.0,669.0,20.47,86000.0,12.0,27.0,0.0
0,3600.0,13.49,C,685.0,689.0,20.77,21000.0,5.0,10.0,0.0
0,26375.0,10.49,B,700.0,704.0,5.18,100000.0,10.0,19.0,1.0
0,30000.0,7.24,A,735.0,739.0,11.25,78000.0,12.0,21.0,0.0
1,21600.0,23.88,E,680.0,684.0,17.75,25367.0,6.0,7.0,1.0
1,15000.0,13.59,C,665.0,669.0,14.94,38000.0,13.0,17.0,1.0
0,6400.0,5.32,A,735.0,739.0,25.87,72000.0,10.0,19.0,0.0
0,6025.0,12.74,C,660.0,664.0,10.89,53000.0,6.0,11.0,0.0
0,3025.0,22.74,E,695.0,699.0,32.88,106000.0,28.0,46.0,0.0
0,9175.0,11.39,B,745.0,749.0,27.0,22000.0,12.0,27.0,0.0
1,9000.0,14.99,C,660.0,664.0,20.57,50000.0,10.0,10.0,1.0
1,5200.0,10.91,B,730.0,734.0,18.05,24000.0,9.0,21.0,2.0
0,35000.0,13.49,C,705.0,709.0,11.04,95000.0,8.0,10.0,1.0
0,5500.0,5.32,A,795.0,799.0,19.56,70000.0,11.0,23.0,1.0
0,18000.0,12.62,C,660.0,664.0,6.96,45000.0,6.0,11.0,0.0
0,10000.0,20.0,D,660.0,664.0,7.92,70000.0,8.0,28.0,2.0
0,10000.0,11.49,B,665.0,669.0,3.49,85000.0,5.0,17.0,0.0
0,4800.0,14.08,C,675.0,679.0,14.85,35000.0,9.0,15.0,0.0
0,12000.0,11.39,B,680.0,684.0,5.7,60000.0,13.0,21.0,1.0
0,5000.0,12.74,C,690.0,694.0,20.24,74000.0,13.0,28.0,1.0
0,20000.0,9.93,B,690.0,694.0,14.65,57200.0,11.0,22.0,0.0
0,8000.0,8.24,B,675.0,679.0,17.42,75000.0,29.0,34.0,1.0
0,7000.0,16.02,C,700.0,704.0,34.28,90000.0,15.0,48.0,1.0
1,12000.0,14.08,C,720.0,724.0,14.37,34000.0,6.0,10.0,1.0
0,9000.0,10.49,B,685.0,689.0,12.16,54000.0,3.0,18.0,0.0
0,13650.0,22.91,E,695.0,699.0,33.75,125000.0,15.0,30.0,0.0
0,23200.0,17.99,D,715.0,719.0,13.12,60000.0,19.0,41.0,1.0
1,5000.0,23.88,E,665.0,669.0,4.78,153000.0,9.0,13.0,4.0
0,13175.0,16.99,D,725.0,729.0,3.22,185000.0,10.0,16.0,1.0
0,2700.0,22.74,E,660.0,664.0,30.62,27000.0,5.0,7.0,0.0
1,7000.0,10.49,B,700.0,704.0,24.3,50000.0,9.0,21.0,2.0
0,15000.0,16.99,D,665.0,669.0,15.88,69000.0,7.0,15.0,0.0
1,20000.0,13.59,C,665.0,669.0,26.61,70000.0,18.0,38.0,0.0
0,17950.0,11.99,B,750.0,754.0,4.77,38000.0,6.0,8.0,0.0
0,40000.0,13.49,C,725.0,729.0,7.11,130000.0,12.0,25.0,0.0
0,10000.0,7.49,A,765.0,769.0,16.92,60000.0,11.0,26.0,0.0
1,18000.0,7.97,A,710.0,714.0,37.04,35000.0,7.0,17.0,0.0
0,7800.0,11.39,B,665.0,669.0,27.57,42000.0,8.0,9.0,1.0
0,6000.0,10.49,B,700.0,704.0,10.14,49000.0,8.0,17.0,1.0
0,9200.0,9.44,B,705.0,709.0,17.08,60000.0,7.0,27.0,0.0
1,7650.0,17.99,D,660.0,664.0,4.39,35000.0,4.0,13.0,0.0
0,15000.0,7.21,A,720.0,724.0,30.8,65500.0,12.0,19.0,0.0
0,32000.0,8.24,B,785.0,789.0,5.46,150000.0,6.0,14.0,1.0
0,8000.0,9.44,B,745.0,749.0,11.37,165000.0,13.0,18.0,2.0
0,21500.0,7.24,A,695.0,699.0,21.2,75490.0,12.0,27.0,0.0
0,6000.0,13.99,C,710.0,714.0,27.4,30000.0,6.0,9.0,0.0
0,7200.0,30.84,G,665.0,669.0,20.24,52000.0,6.0,13.0,0.0
0,8000.0,10.42,B,690.0,694.0,26.49,80000.0,8.0,23.0,0.0
0,30000.0,8.24,B,690.0,694.0,8.67,150000.0,8.0,19.0,0.0
0,8000.0,10.49,B,685.0,689.0,27.9,41000.0,6.0,12.0,0.0
0,10000.0,6.99,A,735.0,739.0,7.97,54000.0,16.0,27.0,1.0
0,10000.0,10.49,B,730.0,734.0,29.4,200000.0,9.0,27.0,2.0
0,11000.0,11.99,B,665.0,669.0,16.3,72000.0,4.0,8.0,0.0
0,10000.0,16.99,D,675.0,679.0,11.22,40000.0,7.0,9.0,0.0
1,8000.0,7.07,A,770.0,774.0,10.16,80000.0,11.0,13.0,0.0
1,14400.0,5.32,A,725.0,729.0,14.9,70000.0,16.0,26.0,0.0
1,2000.0,14.08,C,680.0,684.0,23.35,50400.0,17.0,31.0,0.0
0,4200.0,8.24,B,715.0,719.0,25.01,62000.0,13.0,27.0,0.0
1,11000.0,14.08,C,665.0,669.0,15.03,72000.0,9.0,15.0,1.0
1,8000.0,13.59,C,660.0,664.0,11.87,90000.0,10.0,19.0,2.0
0,24000.0,7.49,A,730.0,734.0,15.96,110000.0,12.0,27.0,0.0
0,4000.0,15.05,C,670.0,674.0,22.74,85000.0,10.0,33.0,0.0
0,20000.0,13.59,C,685.0,689.0,13.69,100000.0,15.0,30.0,3.0
0,4400.0,12.74,C,665.0,669.0,8.8,45000.0,6.0,29.0,0.0
0,19075.0,8.24,B,725.0,729.0,5.89,53000.0,7.0,13.0,0.0
0,6000.0,11.49,B,680.0,684.0,19.76,40500.0,10.0,27.0,1.0
0,8000.0,14.08,C,665.0,669.0,21.56,89500.0,21.0,61.0,2.0
0,8000.0,11.49,B,675.0,679.0,17.96,130000.0,17.0,33.0,1.0
0,8000.0,5.32,A,700.0,704.0,7.97,50300.0,6.0,7.0,1.0
1,6000.0,15.05,C,660.0,664.0,23.52,50000.0,11.0,44.0,1.0
0,3000.0,13.49,C,670.0,674.0,3.72,80000.0,3.0,16.0,0.0
0,12000.0,5.32,A,725.0,729.0,14.67,105000.0,12.0,26.0,0.0
0,6000.0,7.97,A,730.0,734.0,17.61,68000.0,7.0,24.0,0.0
1,6000.0,16.99,D,660.0,664.0,20.07,29952.0,9.0,13.0,1.0
0,7000.0,14.08,C,685.0,689.0,14.41,67000.0,5.0,10.0,0.0
0,10000.0,11.44,B,695.0,699.0,15.54,40000.0,5.0,7.0,0.0
0,12000.0,25.82,E,670.0,674.0,9.85,37400.0,6.0,17.0,1.0
0,11500.0,18.99,D,695.0,699.0,10.9,199900.0,11.0,13.0,1.0
0,9600.0,16.99,D,700.0,704.0,30.75,36000.0,28.0,38.0,0.0
1,4000.0,13.59,C,800.0,804.0,6.39,25000.0,9.0,13.0,0.0
0,3600.0,19.99,D,680.0,684.0,9.89,49000.0,5.0,6.0,1.0
0,3350.0,20.0,D,665.0,669.0,4.69,180000.0,10.0,19.0,1.0
0,21275.0,10.49,B,710.0,714.0,20.89,150000.0,12.0,30.0,2.0
0,16000.0,11.39,B,695.0,699.0,5.89,100000.0,17.0,26.0,1.0
1,10500.0,26.24,E,715.0,719.0,31.55,32000.0,5.0,13.0,0.0
0,20400.0,10.91,B,670.0,674.0,15.41,95000.0,11.0,22.0,1.0
1,27875.0,30.75,F,660.0,664.0,6.9,89000.0,5.0,18.0,0.0
1,10000.0,7.07,A,785.0,789.0,12.0,30000.0,6.0,24.0,0.0
0,4000.0,7.49,A,725.0,729.0,30.01,20000.0,12.0,14.0,0.0
0,6000.0,11.39,B,660.0,664.0,21.76,45000.0,9.0,11.0,0.0
0,14250.0,15.99,C,665.0,669.0,14.31,34400.0,8.0,18.0,2.0
0,5000.0,11.44,B,675.0,679.0,16.46,80000.0,10.0,20.0,0.0
1,35000.0,18.99,D,670.0,674.0,23.17,180000.0,15.0,23.0,0.0
0,10000.0,13.49,C,660.0,664.0,25.2,33000.0,9.0,16.0,0.0
1,7200.0,7.97,A,680.0,684.0,6.98,115000.0,8.0,14.0,1.0
0,8000.0,5.32,A,730.0,734.0,3.89,140000.0,6.0,9.0,2.0
1,6025.0,14.08,C,675.0,679.0,25.61,48499.0,10.0,22.0,0.0
1,15000.0,10.42,B,720.0,724.0,26.37,90000.0,8.0,40.0,1.0
1,3600.0,7.21,A,740.0,744.0,7.39,44000.0,12.0,18.0,1.0
1,18150.0,26.3,E,710.0,714.0,36.36,50000.0,8.0,13.0,0.0
1,35000.0,12.74,C,675.0,679.0,18.67,130000.0,18.0,29.0,0.0
0,12000.0,11.44,B,675.0,679.0,21.33,150000.0,20.0,43.0,0.0
0,19200.0,24.85,E,680.0,684.0,31.84,69000.0,17.0,65.0,0.0
1,2550.0,22.91,E,665.0,669.0,24.8,36000.0,17.0,21.0,1.0
1,6000.0,12.74,C,665.0,669.0,25.68,85000.0,28.0,35.0,2.0
0,8000.0,11.49,B,695.0,699.0,11.06,79000.0,6.0,7.0,0.0
1,10000.0,12.62,C,690.0,694.0,27.94,120000.0,17.0,32.0,1.0
0,25600.0,5.32,A,735.0,739.0,6.72,160000.0,7.0,13.0,0.0
0,36000.0,6.99,A,735.0,739.0,16.78,110000.0,10.0,25.0,0.0
0,8500.0,8.24,B,665.0,669.0,25.68,45000.0,6.0,13.0,1.0
0,8000.0,13.99,C,705.0,709.0,31.76,45000.0,11.0,21.0,0.0
0,4000.0,10.42,B,680.0,684.0,9.44,30000.0,5.0,22.0,0.0
1,35000.0,19.03,D,665.0,669.0,22.95,55431.41,21.0,49.0,0.0
0,3000.0,9.93,B,670.0,674.0,19.34,84000.0,20.0,41.0,0.0
0,20000.0,5.32,A,785.0,789.0,6.02,175000.0,14.0,33.0,0.0
1,6000.0,10.42,B,710.0,714.0,7.74,42000.0,9.0,21.0,1.0
1,12000.0,26.3,E,665.0,669.0,26.58,75000.0,8.0,13.0,0.0
0,12000.0,5.32,A,720.0,724.0,12.4,66000.0,11.0,18.0,0.0
1,9000.0,6.99,A,715.0,719.0,12.11,125000.0,28.0,38.0,1.0
1,2000.0,26.3,E,710.0,714.0,14.62,38000.0,3.0,17.0,0.0
0,35000.0,18.06,D,675.0,679.0,33.88,122000.0,12.0,45.0,0.0
1,5000.0,13.49,C,705.0,709.0,21.86,35000.0,13.0,24.0,1.0
0,10000.0,9.93,B,700.0,704.0,26.38,60000.0,9.0,17.0,0.0
0,4000.0,7.24,A,690.0,694.0,6.3,95000.0,17.0,27.0,0.0
0,15000.0,9.93,B,695.0,699.0,20.28,81292.0,14.0,32.0,0.0
0,11200.0,13.59,C,700.0,704.0,9.3,96000.0,8.0,21.0,1.0
0,1200.0,11.99,B,675.0,679.0,18.98,33000.0,8.0,21.0,0.0
0,6000.0,10.49,B,660.0,664.0,14.68,125000.0,16.0,27.0,1.0
0,7000.0,7.35,A,725.0,729.0,14.8,44742.0,15.0,19.0,0.0
0,22400.0,7.99,A,680.0,684.0,16.47,190000.0,19.0,27.0,1.0
0,1000.0,11.49,B,665.0,669.0,19.79,35000.0,8.0,8.0,2.0
0,20000.0,23.99,E,670.0,674.0,17.76,60000.0,6.0,29.0,0.0
0,5200.0,14.99,C,690.0,694.0,21.48,69000.0,18.0,26.0,0.0
1,35000.0,24.85,E,660.0,664.0,18.51,90000.0,16.0,21.0,0.0
0,10000.0,11.49,B,705.0,709.0,18.4,106000.0,17.0,27.0,0.0
0,25000.0,8.24,B,715.0,719.0,31.44,60000.0,9.0,17.0,0.0
0,20000.0,15.05,C,670.0,674.0,17.12,150000.0,17.0,33.0,0.0
0,18000.0,16.02,C,705.0,709.0,19.68,50000.0,10.0,24.0,0.0
0,13000.0,10.42,B,670.0,674.0,24.59,135000.0,15.0,35.0,1.0
0,5000.0,11.39,B,720.0,724.0,12.93,90000.0,9.0,16.0,1.0
0,4000.0,13.49,C,725.0,729.0,24.93,53000.0,14.0,17.0,0.0
0,17300.0,9.93,B,675.0,679.0,20.66,75000.0,10.0,18.0,0.0
0,8000.0,7.97,A,715.0,719.0,17.4,56000.0,6.0,17.0,0.0
0,2500.0,7.99,A,720.0,724.0,15.02,85000.0,16.0,20.0,0.0
1,10000.0,18.99,D,660.0,664.0,19.38,37000.0,10.0,29.0,1.0
0,28000.0,15.05,C,690.0,694.0,34.74,129896.0,8.0,20.0,0.0
0,2700.0,7.99,A,695.0,699.0,9.6,70000.0,15.0,53.0,1.0
0,10000.0,17.99,D,670.0,674.0,30.13,80000.0,11.0,17.0,1.0
0,20000.0,16.99,D,665.0,669.0,21.82,105000.0,17.0,32.0,0.0
0,20000.0,9.93,B,725.0,729.0,10.84,100000.0,16.0,45.0,1.0
0,9000.0,14.99,C,660.0,664.0,7.77,36000.0,13.0,21.0,1.0
0,8500.0,9.44,B,660.0,664.0,14.21,55000.0,6.0,25.0,0.0
0,5000.0,7.21,A,745.0,749.0,14.65,90000.0,7.0,18.0,0.0
0,20000.0,10.91,B,680.0,684.0,28.8,90000.0,12.0,25.0,0.0
0,7500.0,15.99,C,660.0,664.0,26.4,48000.0,13.0,22.0,0.0
0,25000.0,11.39,B,755.0,759.0,36.3,48000.0,14.0,28.0,0.0
1,25325.0,19.03,D,675.0,679.0,34.77,90000.0,14.0,19.0,0.0
1,20000.0,11.44,B,705.0,709.0,23.66,63000.0,9.0,17.0,0.0
0,11000.0,7.97,A,680.0,684.0,17.24,60000.0,16.0,16.0,0.0
0,18000.0,12.74,C,665.0,669.0,26.49,40000.0,15.0,26.0,0.0
0,4000.0,11.99,B,665.0,669.0,27.12,85000.0,13.0,31.0,2.0
0,28000.0,13.49,C,660.0,664.0,20.79,62400.0,19.0,35.0,0.0
0,7000.0,7.49,A,690.0,694.0,8.8,75000.0,14.0,43.0,2.0
0,24000.0,7.21,A,710.0,714.0,25.76,110000.0,22.0,34.0,0.0
0,4000.0,15.99,C,675.0,679.0,10.45,65000.0,20.0,31.0,1.0
1,20000.0,10.91,B,670.0,674.0,11.63,96000.0,10.0,30.0,0.0
1,25000.0,16.99,D,675.0,679.0,25.55,62000.0,10.0,21.0,0.0
1,21275.0,23.99,E,670.0,674.0,17.51,56000.0,9.0,18.0,1.0
0,15000.0,11.99,B,720.0,724.0,21.49,105000.0,13.0,19.0,1.0
0,6000.0,8.24,B,705.0,709.0,33.68,75000.0,11.0,22.0,0.0
0,24500.0,7.97,A,690.0,694.0,14.58,130000.0,15.0,43.0,0.0
0,15000.0,5.32,A,750.0,754.0,13.86,100000.0,10.0,17.0,0.0
1,6000.0,16.02,C,665.0,669.0,26.36,50000.0,6.0,25.0,1.0
0,7500.0,8.24,B,665.0,669.0,14.75,58000.0,12.0,34.0,1.0
1,8000.0,9.93,B,735.0,739.0,20.52,87000.0,12.0,38.0,2.0
0,26400.0,22.74,E,725.0,729.0,24.74,57000.0,20.0,54.0,0.0
0,7000.0,11.39,B,660.0,664.0,11.47,56000.0,3.0,22.0,0.0
0,30000.0,7.99,A,690.0,694.0,15.15,110000.0,18.0,39.0,0.0
0,6400.0,7.21,A,710.0,714.0,18.03,36000.0,10.0,29.0,0.0
0,10625.0,7.99,A,725.0,729.0,7.35,70252.0,4.0,9.0,0.0
1,35000.0,11.49,B,675.0,679.0,31.35,108000.0,19.0,41.0,0.0
0,4800.0,7.99,A,680.0,684.0,14.18,44000.0,7.0,18.0,0.0
0,4000.0,5.32,A,795.0,799.0,18.09,56000.0,11.0,26.0,0.0
0,20000.0,5.32,A,735.0,739.0,26.87,110000.0,10.0,26.0,0.0
0,25000.0,12.62,C,665.0,669.0,13.14,100000.0,8.0,15.0,1.0
0,3000.0,23.99,E,660.0,664.0,16.39,44000.0,9.0,16.0,2.0
0,6000.0,8.24,B,670.0,674.0,10.17,90000.0,12.0,26.0,1.0
0,6800.0,17.09,D,670.0,674.0,15.04,30000.0,4.0,10.0,0.0
0,10000.0,13.99,C,670.0,674.0,20.62,70000.0,7.0,15.0,1.0
0,4075.0,15.99,C,665.0,669.0,6.54,23856.0,5.0,6.0,0.0
0,40000.0,5.32,A,760.0,764.0,7.98,240000.0,8.0,22.0,1.0
1,30000.0,23.88,E,660.0,664.0,22.69,64000.0,8.0,12.0,2.0
0,4000.0,13.99,C,805.0,809.0,4.02,20000.0,8.0,18.0,2.0
1,20000.0,20.0,D,695.0,699.0,15.52,100000.0,8.0,22.0,1.0
0,3500.0,9.44,B,715.0,719.0,8.23,70000.0,9.0,20.0,1.0
1,7000.0,11.49,B,665.0,669.0,12.53,135000.0,8.0,21.0,0.0
0,4800.0,14.08,C,690.0,694.0,21.97,130000.0,11.0,12.0,0.0
0,8000.0,15.99,C,665.0,669.0,27.43,20000.0,4.0,14.0,1.0
0,6000.0,13.99,C,675.0,679.0,11.03,53000.0,6.0,12.0,1.0
0,12000.0,10.42,B,675.0,679.0,10.92,53000.0,24.0,27.0,0.0
0,2500.0,11.49,B,750.0,754.0,7.28,17472.0,12.0,12.0,0.0
0,18000.0,13.49,C,685.0,689.0,25.61,50000.0,11.0,16.0,0.0
1,17825.0,19.03,D,665.0,669.0,32.35,51000.0,23.0,28.0,1.0
0,5000.0,11.99,B,665.0,669.0,22.98,40000.0,9.0,9.0,1.0
0,21000.0,11.49,B,705.0,709.0,22.66,145000.0,11.0,18.0,1.0
0,21600.0,5.32,A,820.0,824.0,16.04,119000.0,16.0,32.0,0.0
0,5500.0,7.07,A,750.0,754.0,3.22,56604.0,9.0,19.0,0.0
0,9500.0,10.42,B,670.0,674.0,8.64,66000.0,7.0,17.0,0.0
0,8000.0,7.97,A,690.0,694.0,11.55,45000.0,16.0,26.0,0.0
0,3150.0,7.24,A,755.0,759.0,9.38,120000.0,6.0,23.0,0.0
0,21000.0,8.24,B,760.0,764.0,21.06,120000.0,6.0,16.0,0.0
0,6000.0,7.24,A,700.0,704.0,12.87,70030.0,9.0,19.0,0.0
1,8500.0,12.62,C,680.0,684.0,30.36,33000.0,9.0,21.0,0.0
0,30000.0,11.49,B,660.0,664.0,17.21,85000.0,13.0,29.0,0.0
0,14000.0,10.49,B,720.0,724.0,13.42,70000.0,11.0,13.0,0.0
0,10000.0,11.39,B,720.0,724.0,29.96,28000.0,8.0,19.0,0.0
0,10000.0,5.32,A,705.0,709.0,21.66,60000.0,14.0,24.0,0.0
0,5500.0,11.99,B,675.0,679.0,27.24,30000.0,6.0,14.0,0.0
0,10000.0,10.91,B,715.0,719.0,6.92,60000.0,9.0,15.0,2.0
0,8000.0,10.91,B,695.0,699.0,25.75,55000.0,9.0,14.0,0.0
0,5000.0,11.39,B,720.0,724.0,20.63,21000.0,13.0,19.0,0.0
0,7000.0,10.91,B,675.0,679.0,10.39,62000.0,7.0,18.0,0.0
0,1500.0,15.99,C,660.0,664.0,23.2,100000.0,11.0,14.0,2.0
0,20000.0,14.99,C,675.0,679.0,8.32,120000.0,18.0,30.0,1.0
0,10500.0,5.32,A,720.0,724.0,14.7,68000.0,8.0,14.0,1.0
0,16000.0,16.99,D,670.0,674.0,16.45,85000.0,8.0,16.0,1.0
0,20000.0,5.32,A,690.0,694.0,8.19,120000.0,9.0,20.0,0.0
1,2000.0,13.99,C,690.0,694.0,28.89,48188.0,19.0,49.0,0.0
0,35000.0,10.49,B,690.0,694.0,51.6,60000.0,15.0,21.0,2.0
0,35000.0,13.49,C,700.0,704.0,23.36,91000.0,13.0,20.0,0.0
0,9000.0,13.49,C,680.0,684.0,13.33,78500.0,9.0,27.0,0.0
0,24000.0,7.24,A,755.0,759.0,18.52,110000.0,17.0,50.0,1.0
0,3600.0,11.39,B,660.0,664.0,18.72,45137.44,9.0,15.0,0.0
1,10000.0,12.62,C,700.0,704.0,36.25,81000.0,19.0,42.0,0.0
0,24000.0,14.99,C,665.0,669.0,25.19,72334.0,20.0,43.0,1.0
0,9000.0,22.74,E,670.0,674.0,4.52,62000.0,9.0,17.0,0.0
0,14900.0,14.99,C,675.0,679.0,26.49,54000.0,13.0,19.0,1.0
0,35000.0,14.08,C,675.0,679.0,13.29,103000.0,9.0,23.0,0.0
0,3000.0,8.24,B,660.0,664.0,27.27,25000.0,10.0,17.0,0.0
0,13000.0,11.49,B,665.0,669.0,25.21,59950.0,20.0,31.0,3.0
0,17350.0,11.99,B,740.0,744.0,29.9,55000.0,18.0,49.0,0.0
0,8650.0,22.91,E,680.0,684.0,20.35,48000.0,10.0,31.0,2.0
0,8000.0,8.24,B,665.0,669.0,29.36,58000.0,29.0,59.0,0.0
1,12000.0,15.99,C,665.0,669.0,28.99,65450.0,8.0,16.0,0.0
1,13550.0,16.02,C,685.0,689.0,11.52,100000.0,5.0,25.0,0.0
0,30000.0,22.74,E,705.0,709.0,34.49,60000.0,11.0,14.0,1.0
1,12000.0,13.49,C,680.0,684.0,6.19,45000.0,6.0,12.0,0.0
0,12700.0,11.39,B,670.0,674.0,22.91,82000.0,13.0,19.0,0.0
0,34175.0,12.74,C,690.0,694.0,12.01,350000.0,19.0,21.0,0.0
0,18000.0,7.07,A,750.0,754.0,31.78,85000.0,18.0,30.0,0.0
0,15000.0,10.91,B,660.0,664.0,12.27,68000.0,16.0,40.0,0.0
0,8400.0,8.24,B,660.0,664.0,10.61,140000.0,10.0,16.0,0.0
1,12000.0,12.62,C,665.0,669.0,17.61,52000.0,5.0,20.0,0.0
0,10000.0,9.93,B,675.0,679.0,5.56,60000.0,4.0,17.0,0.0
1,20000.0,9.44,B,690.0,694.0,6.05,220000.0,12.0,17.0,2.0
0,15000.0,16.99,D,660.0,664.0,16.28,62000.0,7.0,8.0,2.0
0,35000.0,13.49,C,685.0,689.0,23.63,83158.0,13.0,20.0,0.0
0,8000.0,8.24,B,670.0,674.0,13.03,110000.0,9.0,15.0,0.0
0,15000.0,7.99,A,680.0,684.0,30.09,102000.0,16.0,44.0,0.0
0,5600.0,7.07,A,815.0,819.0,4.72,125000.0,6.0,12.0,0.0
1,30000.0,12.74,C,745.0,749.0,19.79,65000.0,9.0,35.0,0.0
0,20000.0,11.49,B,685.0,689.0,13.92,65000.0,9.0,18.0,1.0
0,14000.0,8.24,B,675.0,679.0,11.65,122000.0,7.0,11.0,0.0
0,5000.0,5.32,A,780.0,784.0,25.8,40000.0,8.0,14.0,0.0
0,20000.0,7.35,A,740.0,744.0,14.79,50000.0,11.0,17.0,0.0
0,25000.0,9.44,B,720.0,724.0,27.29,163000.0,18.0,32.0,0.0
0,10000.0,7.99,A,705.0,709.0,10.65,103000.0,15.0,30.0,0.0
0,5000.0,11.99,B,660.0,664.0,12.71,100000.0,8.0,22.0,0.0
0,3000.0,10.42,B,710.0,714.0,14.09,52000.0,5.0,8.0,0.0
0,30000.0,11.44,B,670.0,674.0,19.72,125000.0,8.0,31.0,0.0
1,10150.0,15.05,C,685.0,689.0,30.8,36000.0,7.0,17.0,0.0
0,8000.0,10.91,B,670.0,674.0,27.23,40702.0,17.0,35.0,1.0
0,15000.0,9.44,B,720.0,724.0,21.11,41000.0,20.0,34.0,1.0
0,7200.0,11.39,B,790.0,794.0,48.67,64000.0,15.0,30.0,2.0
0,2225.0,18.99,D,675.0,679.0,26.3,34992.0,4.0,23.0,0.0
0,35000.0,16.02,C,675.0,679.0,25.74,103000.0,31.0,48.0,0.0
0,24000.0,11.39,B,700.0,704.0,25.64,90000.0,12.0,29.0,0.0
0,7000.0,7.99,A,745.0,749.0,11.25,35000.0,6.0,15.0,1.0
0,4700.0,15.99,C,660.0,664.0,12.37,100046.0,6.0,14.0,0.0
1,25000.0,7.49,A,710.0,714.0,14.89,100000.0,27.0,42.0,0.0
1,10000.0,9.44,B,745.0,749.0,34.5,32000.0,12.0,24.0,0.0
1,2400.0,7.35,A,715.0,719.0,2.3,60000.0,17.0,28.0,0.0
1,20000.0,13.49,C,695.0,699.0,22.51,75000.0,9.0,29.0,1.0
1,5000.0,19.03,D,660.0,664.0,10.68,30000.0,10.0,10.0,0.0
1,4800.0,12.62,C,710.0,714.0,19.47,100981.0,15.0,31.0,1.0
1,25225.0,11.99,B,695.0,699.0,7.36,60000.0,11.0,16.0,0.0
0,22000.0,7.24,A,710.0,714.0,9.33,90000.0,15.0,30.0,0.0
0,6000.0,5.32,A,720.0,724.0,15.7,36000.0,6.0,14.0,0.0
0,2700.0,11.49,B,680.0,684.0,9.17,92000.0,12.0,15.0,0.0
0,21000.0,16.99,D,660.0,664.0,18.73,87000.0,11.0,22.0,0.0
0,15000.0,15.99,C,685.0,689.0,19.62,40000.0,14.0,26.0,1.0
0,5000.0,5.32,A,775.0,779.0,22.7,36000.0,15.0,40.0,0.0
0,4000.0,11.49,B,660.0,664.0,17.78,45760.0,9.0,34.0,1.0
1,3250.0,13.59,C,700.0,704.0,18.16,38000.0,20.0,21.0,0.0
0,10000.0,6.99,A,760.0,764.0,25.05,95000.0,32.0,42.0,2.0
1,30000.0,15.05,C,740.0,744.0,10.93,65000.0,4.0,16.0,0.0
0,40000.0,7.99,A,705.0,709.0,10.61,207000.0,24.0,54.0,0.0
0,9500.0,10.49,B,685.0,689.0,28.25,66000.0,17.0,35.0,1.0
0,10000.0,13.59,C,660.0,664.0,24.47,52000.0,12.0,17.0,1.0
0,10000.0,13.59,C,675.0,679.0,20.2,90000.0,7.0,31.0,0.0
0,5000.0,10.91,B,685.0,689.0,27.73,49000.0,24.0,37.0,0.0
0,16000.0,5.32,A,745.0,749.0,12.68,186000.0,11.0,21.0,0.0
0,4500.0,21.45,D,675.0,679.0,33.17,27000.0,11.0,21.0,0.0
0,24000.0,5.32,A,760.0,764.0,11.05,135000.0,7.0,34.0,0.0
0,15000.0,9.93,B,740.0,744.0,17.14,60000.0,8.0,13.0,0.0
0,3500.0,18.06,D,660.0,664.0,10.17,55000.0,5.0,13.0,1.0
1,6625.0,14.08,C,680.0,684.0,22.28,30000.0,8.0,10.0,0.0
1,13125.0,9.93,B,675.0,679.0,19.65,66240.0,13.0,30.0,0.0
1,35000.0,30.99,G,660.0,664.0,25.41,90000.0,13.0,22.0,0.0
0,9700.0,19.99,D,685.0,689.0,23.02,27000.0,9.0,10.0,0.0
0,12000.0,12.74,C,660.0,664.0,19.63,65000.0,10.0,36.0,2.0
0,7000.0,10.42,B,705.0,709.0,24.16,33280.0,8.0,13.0,0.0
0,9600.0,10.49,B,725.0,729.0,19.85,90000.0,9.0,19.0,0.0
0,16550.0,16.02,C,710.0,714.0,34.61,55000.0,21.0,30.0,0.0
1,20000.0,10.42,B,710.0,714.0,8.67,125000.0,8.0,12.0,0.0
1,10000.0,11.99,B,705.0,709.0,24.2,48000.0,9.0,81.0,0.0
0,10600.0,9.44,B,705.0,709.0,17.01,45000.0,6.0,25.0,0.0
0,6400.0,9.93,B,660.0,664.0,18.92,150000.0,12.0,26.0,0.0
0,1500.0,6.99,A,810.0,814.0,24.44,83000.0,20.0,34.0,0.0
0,4175.0,16.02,C,680.0,684.0,10.08,42000.0,6.0,13.0,1.0
0,8000.0,17.99,D,670.0,674.0,34.28,80000.0,19.0,28.0,0.0
0,6400.0,14.99,C,705.0,709.0,7.39,31000.0,6.0,6.0,0.0
0,5000.0,8.24,B,765.0,769.0,13.36,60000.0,20.0,23.0,1.0
0,24000.0,6.99,A,725.0,729.0,9.22,120000.0,13.0,25.0,0.0
0,6750.0,16.02,C,660.0,664.0,22.0,45000.0,6.0,52.0,0.0
0,5600.0,14.08,C,660.0,664.0,15.53,32000.0,22.0,25.0,2.0
0,6500.0,8.24,B,680.0,684.0,28.03,150000.0,19.0,37.0,0.0
1,20000.0,11.44,B,665.0,669.0,15.72,130000.0,10.0,39.0,2.0
0,40000.0,16.99,D,695.0,699.0,30.41,86000.0,20.0,37.0,0.0
1,15000.0,17.09,D,675.0,679.0,21.95,56000.0,6.0,20.0,0.0
1,35000.0,14.99,C,705.0,709.0,17.75,165000.0,15.0,23.0,0.0
0,3000.0,13.99,C,680.0,684.0,4.44,27000.0,6.0,7.0,1.0
0,4000.0,11.49,B,675.0,679.0,3.04,47000.0,5.0,11.0,0.0
1,10000.0,12.62,C,665.0,669.0,9.38,111000.0,8.0,17.0,1.0
0,7000.0,8.24,B,675.0,679.0,5.63,72000.0,7.0,12.0,0.0
0,2500.0,11.39,B,670.0,674.0,11.71,90000.0,6.0,14.0,0.0
0,15000.0,10.49,B,710.0,714.0,15.14,45000.0,11.0,23.0,0.0
0,8400.0,17.99,D,675.0,679.0,33.9,106000.0,23.0,30.0,1.0
0,9600.0,13.49,C,675.0,679.0,10.8,44000.0,3.0,7.0,0.0
0,12000.0,13.99,C,710.0,714.0,31.08,55000.0,6.0,11.0,1.0
1,32000.0,11.44,B,675.0,679.0,9.8,102000.0,7.0,16.0,0.0
1,3500.0,14.99,C,670.0,674.0,19.09,33000.0,9.0,12.0,1.0
0,6000.0,7.99,A,680.0,684.0,23.46,38000.0,11.0,31.0,1.0
0,32000.0,15.99,C,670.0,674.0,21.77,82500.0,9.0,12.0,1.0
0,32000.0,11.49,B,715.0,719.0,15.0,150000.0,15.0,35.0,0.0
0,3500.0,13.59,C,690.0,694.0,20.27,85000.0,13.0,23.0,2.0
0,3500.0,11.44,B,735.0,739.0,12.99,40000.0,4.0,8.0,0.0
0,1800.0,17.99,D,670.0,674.0,2.48,43000.0,5.0,15.0,1.0
0,5000.0,12.74,C,665.0,669.0,3.98,148272.0,4.0,15.0,1.0
0,15000.0,12.74,C,690.0,694.0,16.59,80000.0,13.0,19.0,0.0
0,2000.0,12.62,C,790.0,794.0,31.1,60000.0,6.0,8.0,1.0
0,1800.0,11.49,B,700.0,704.0,19.36,70000.0,11.0,30.0,1.0
0,8075.0,5.32,A,765.0,769.0,17.45,52000.0,8.0,17.0,0.0
0,27000.0,11.99,B,685.0,689.0,18.24,60000.0,13.0,29.0,0.0
1,16000.0,11.44,B,675.0,679.0,25.42,50000.0,9.0,12.0,0.0
0,8000.0,5.32,A,755.0,759.0,17.76,205000.0,11.0,26.0,0.0
0,18725.0,14.99,C,680.0,684.0,26.45,98000.0,15.0,26.0,0.0
0,6400.0,13.99,C,690.0,694.0,33.95,56000.0,10.0,21.0,0.0
0,24000.0,11.44,B,700.0,704.0,12.54,147000.0,14.0,35.0,0.0
0,8000.0,12.74,C,680.0,684.0,20.33,50000.0,11.0,18.0,2.0
0,32000.0,29.69,F,680.0,684.0,54.32,20000.0,6.0,9.0,0.0
0,14000.0,6.99,A,720.0,724.0,14.58,95000.0,7.0,12.0,0.0
0,10000.0,13.99,C,665.0,669.0,8.35,110000.0,2.0,17.0,1.0
1,9400.0,20.0,D,665.0,669.0,30.65,33000.0,9.0,16.0,2.0
0,2650.0,18.99,D,660.0,664.0,17.2,230000.0,22.0,39.0,2.0
1,7000.0,9.93,B,695.0,699.0,10.32,32000.0,4.0,7.0,0.0
0,1600.0,12.74,C,690.0,694.0,23.97,29000.0,4.0,8.0,0.0
0,4200.0,11.49,B,725.0,729.0,9.96,53000.0,11.0,23.0,0.0
0,7200.0,11.49,B,695.0,699.0,18.73,36000.0,23.0,24.0,0.0
1,6000.0,18.99,D,770.0,774.0,16.63,28000.0,5.0,11.0,0.0
0,4000.0,11.44,B,700.0,704.0,18.11,60000.0,11.0,25.0,0.0
0,12000.0,13.49,C,680.0,684.0,30.88,98000.0,18.0,53.0,2.0
0,22000.0,13.59,C,660.0,664.0,23.31,99176.0,16.0,34.0,0.0
0,5400.0,13.49,C,660.0,664.0,24.83,80000.0,7.0,24.0,2.0
0,25000.0,13.59,C,705.0,709.0,9.39,130000.0,4.0,12.0,0.0
1,9600.0,20.0,D,675.0,679.0,16.21,172000.0,16.0,25.0,0.0
0,8500.0,11.44,B,670.0,674.0,27.65,52000.0,15.0,24.0,1.0
0,18000.0,17.99,D,670.0,674.0,11.26,107220.0,17.0,36.0,0.0
0,13000.0,19.99,D,690.0,694.0,17.54,60000.0,9.0,69.0,4.0
1,12275.0,14.99,C,690.0,694.0,23.58,40000.0,8.0,21.0,0.0
0,2500.0,19.99,D,690.0,694.0,13.47,36000.0,5.0,6.0,1.0
0,6000.0,12.74,C,665.0,669.0,13.76,64000.0,6.0,9.0,1.0
0,10000.0,11.49,B,665.0,669.0,26.75,45000.0,11.0,18.0,0.0
0,19950.0,18.06,D,665.0,669.0,5.23,90000.0,5.0,8.0,0.0
1,3450.0,15.05,C,690.0,694.0,9.06,20800.0,7.0,54.0,0.0
0,20000.0,11.39,B,695.0,699.0,5.35,46895.0,3.0,7.0,0.0
0,4950.0,13.49,C,715.0,719.0,19.29,28000.0,7.0,15.0,0.0
0,40000.0,8.24,B,730.0,734.0,3.84,95000.0,10.0,20.0,0.0
0,35000.0,14.99,C,710.0,714.0,20.71,89000.0,12.0,51.0,0.0
0,40000.0,7.24,A,715.0,719.0,23.45,130000.0,8.0,16.0,0.0
1,23350.0,11.39,B,715.0,719.0,30.4,170000.0,38.0,81.0,1.0
0,4000.0,5.32,A,790.0,794.0,20.62,75000.0,16.0,25.0,0.0
0,20000.0,13.99,C,720.0,724.0,19.87,90000.0,14.0,28.0,0.0
1,1400.0,15.05,C,705.0,709.0,28.47,33000.0,11.0,15.0,0.0
1,8500.0,15.99,C,670.0,674.0,8.01,62500.0,10.0,14.0,2.0
0,15000.0,13.99,C,665.0,669.0,29.91,54000.0,9.0,16.0,0.0
1,1400.0,14.08,C,660.0,664.0,21.4,82000.0,16.0,36.0,1.0
0,16000.0,18.99,D,710.0,714.0,30.71,46900.0,13.0,15.0,0.0
1,15000.0,10.49,B,700.0,704.0,18.79,117000.0,15.0,28.0,0.0
0,10925.0,11.39,B,705.0,709.0,19.27,81000.0,12.0,20.0,0.0
0,4850.0,13.49,C,665.0,669.0,27.39,58242.0,14.0,18.0,1.0
0,16000.0,14.99,C,710.0,714.0,26.18,48000.0,10.0,24.0,1.0
0,24000.0,5.32,A,730.0,734.0,9.96,100000.0,8.0,16.0,0.0
1,7500.0,14.99,C,670.0,674.0,27.58,60000.0,15.0,20.0,0.0
0,12000.0,12.74,C,670.0,674.0,24.45,112000.0,35.0,75.0,2.0
0,2000.0,22.74,E,725.0,729.0,3.6,40000.0,5.0,6.0,1.0
1,14400.0,11.99,B,730.0,734.0,20.6,103000.0,16.0,21.0,0.0
1,28000.0,14.08,C,660.0,664.0,8.7,208000.0,8.0,15.0,1.0
0,4000.0,11.39,B,705.0,709.0,12.3,60000.0,13.0,44.0,0.0
0,8000.0,23.99,E,675.0,679.0,13.38,114000.0,9.0,20.0,2.0
0,10000.0,7.97,A,700.0,704.0,14.79,93000.0,10.0,30.0,0.0
0,16000.0,15.05,C,680.0,684.0,16.91,120000.0,7.0,29.0,1.0
0,15000.0,9.44,B,725.0,729.0,25.68,45000.0,12.0,37.0,1.0
0,25000.0,9.44,B,685.0,689.0,7.9,120000.0,8.0,15.0,0.0
0,11200.0,13.49,C,670.0,674.0,27.55,110000.0,23.0,43.0,0.0
0,6000.0,13.99,C,680.0,684.0,17.59,70000.0,11.0,16.0,0.0
1,30000.0,7.97,A,740.0,744.0,25.2,75000.0,7.0,14.0,0.0
0,13150.0,19.99,D,665.0,669.0,18.93,81000.0,8.0,12.0,1.0
0,7000.0,7.24,A,785.0,789.0,19.2,100000.0,23.0,39.0,1.0
1,12000.0,21.45,D,725.0,729.0,31.59,65000.0,28.0,30.0,1.0
0,10000.0,11.99,B,665.0,669.0,11.8,43000.0,5.0,12.0,1.0
0,9000.0,8.24,B,670.0,674.0,21.54,43300.0,8.0,32.0,0.0
1,35000.0,10.49,B,695.0,699.0,27.45,120000.0,16.0,30.0,1.0
0,11000.0,11.99,B,680.0,684.0,12.0,27000.0,3.0,14.0,0.0
0,13000.0,11.44,B,660.0,664.0,5.15,100000.0,8.0,15.0,1.0
0,12000.0,6.99,A,755.0,759.0,18.66,83000.0,13.0,27.0,0.0
0,40000.0,5.32,A,810.0,814.0,16.52,225000.0,10.0,21.0,0.0
0,20000.0,11.44,B,665.0,669.0,12.12,98000.0,5.0,10.0,0.0
1,30000.0,21.45,D,675.0,679.0,24.86,85000.0,10.0,14.0,1.0
1,3600.0,12.74,C,675.0,679.0,4.1,48000.0,11.0,14.0,0.0
0,5575.0,17.99,D,660.0,664.0,27.62,70000.0,14.0,34.0,1.0
0,12000.0,5.32,A,780.0,784.0,6.76,230000.0,6.0,18.0,0.0
0,4800.0,11.99,B,685.0,689.0,19.71,75000.0,23.0,34.0,0.0
1,8800.0,16.02,C,690.0,694.0,23.93,34600.0,12.0,23.0,0.0
0,6000.0,13.99,C,705.0,709.0,16.86,80000.0,5.0,14.0,1.0
0,5500.0,14.99,C,690.0,694.0,11.94,57000.0,8.0,26.0,0.0
0,30000.0,12.74,C,690.0,694.0,10.25,120000.0,10.0,25.0,2.0
0,7800.0,12.74,C,710.0,714.0,17.37,78000.0,7.0,31.0,0.0
0,16000.0,8.24,B,665.0,669.0,11.4,72000.0,9.0,27.0,0.0
0,10000.0,11.49,B,680.0,684.0,8.7,61000.0,4.0,11.0,0.0
0,8000.0,11.44,B,675.0,679.0,17.39,35000.0,9.0,13.0,0.0
0,21000.0,11.49,B,745.0,749.0,21.11,48000.0,13.0,24.0,0.0
0,7200.0,7.21,A,690.0,694.0,10.51,53000.0,6.0,11.0,1.0
0,5600.0,11.99,B,700.0,704.0,18.95,23000.0,9.0,13.0,0.0
0,10000.0,14.99,C,710.0,714.0,22.51,90000.0,13.0,32.0,0.0
1,20000.0,11.49,B,675.0,679.0,23.31,110000.0,12.0,18.0,2.0
0,16000.0,9.44,B,695.0,699.0,13.3,140000.0,8.0,17.0,0.0
0,4500.0,6.99,A,775.0,779.0,10.82,62000.0,7.0,13.0,0.0
0,30000.0,16.99,D,820.0,824.0,6.51,70404.0,10.0,22.0,1.0
0,8000.0,18.06,D,690.0,694.0,25.63,84000.0,15.0,20.0,2.0
0,15000.0,7.35,A,725.0,729.0,15.0,106000.0,17.0,35.0,0.0
0,3800.0,13.99,C,670.0,674.0,26.73,40000.0,10.0,34.0,0.0
1,20000.0,18.06,D,705.0,709.0,16.94,85000.0,18.0,46.0,1.0
0,20000.0,14.08,C,675.0,679.0,11.76,160000.0,12.0,26.0,1.0
0,1500.0,10.49,B,670.0,674.0,15.01,75000.0,9.0,28.0,0.0
0,32000.0,11.44,B,690.0,694.0,29.52,88000.0,17.0,33.0,0.0
1,10850.0,11.99,B,735.0,739.0,28.42,101000.0,11.0,28.0,0.0
0,8200.0,8.24,B,680.0,684.0,26.87,31000.0,8.0,22.0,0.0
0,12000.0,7.99,A,710.0,714.0,10.66,52000.0,7.0,19.0,0.0
0,24000.0,8.24,B,715.0,719.0,11.76,165000.0,9.0,16.0,0.0
0,6000.0,10.91,B,700.0,704.0,34.02,48360.0,8.0,16.0,1.0
0,6800.0,7.07,A,720.0,724.0,17.94,44300.0,18.0,36.0,1.0
0,18000.0,10.49,B,670.0,674.0,17.46,120000.0,7.0,16.0,0.0
0,6025.0,15.05,C,745.0,749.0,34.48,48000.0,15.0,35.0,0.0
1,4950.0,16.02,C,680.0,684.0,5.67,36000.0,6.0,9.0,1.0
1,19675.0,13.49,C,705.0,709.0,8.5,90000.0,7.0,22.0,0.0
1,30000.0,13.99,C,695.0,699.0,25.71,106000.0,17.0,39.0,1.0
0,12000.0,8.24,B,685.0,689.0,24.24,55000.0,8.0,10.0,1.0
0,35000.0,11.44,B,690.0,694.0,12.83,400000.0,11.0,17.0,0.0
0,12000.0,8.24,B,725.0,729.0,33.13,68000.0,24.0,36.0,0.0
0,7000.0,9.44,B,745.0,749.0,24.67,45000.0,16.0,21.0,0.0
0,23850.0,15.05,C,690.0,694.0,17.15,102000.0,10.0,29.0,1.0
1,16000.0,10.42,B,660.0,664.0,16.72,70000.0,10.0,12.0,0.0
0,5000.0,6.99,A,750.0,754.0,6.99,57500.0,15.0,19.0,0.0
0,5000.0,7.49,A,700.0,704.0,25.8,142000.0,17.0,23.0,0.0
0,9600.0,15.05,C,660.0,664.0,13.21,105000.0,10.0,29.0,3.0
0,29800.0,16.99,D,715.0,719.0,29.0,59600.0,10.0,28.0,0.0
0,3000.0,18.06,D,660.0,664.0,32.1,65000.0,15.0,32.0,1.0
0,27200.0,5.32,A,720.0,724.0,8.44,260000.0,15.0,24.0,0.0
0,35000.0,11.44,B,730.0,734.0,15.0,92906.0,18.0,30.0,1.0
0,30000.0,12.62,C,685.0,689.0,4.2,70000.0,6.0,10.0,0.0
0,15000.0,18.06,D,715.0,719.0,20.97,36000.0,12.0,17.0,0.0
0,3300.0,8.24,B,710.0,714.0,10.65,70000.0,7.0,15.0,0.0
0,6000.0,15.05,C,680.0,684.0,13.38,60000.0,18.0,35.0,1.0
0,11200.0,8.24,B,710.0,714.0,6.56,80000.0,6.0,9.0,0.0
0,11000.0,12.74,C,685.0,689.0,11.32,46000.0,8.0,17.0,0.0
0,6000.0,13.49,C,680.0,684.0,18.54,65000.0,11.0,24.0,0.0
0,18000.0,13.99,C,715.0,719.0,28.02,49000.0,13.0,15.0,2.0
1,10000.0,11.99,B,700.0,704.0,11.88,90000.0,13.0,31.0,0.0
1,4000.0,7.35,A,725.0,729.0,17.23,28000.0,5.0,6.0,0.0
0,3000.0,7.99,A,715.0,719.0,25.82,33000.0,9.0,31.0,1.0
0,8200.0,7.99,A,680.0,684.0,15.05,80000.0,19.0,34.0,2.0
0,7700.0,7.49,A,700.0,704.0,16.88,56000.0,7.0,17.0,0.0
1,17975.0,15.05,C,660.0,664.0,4.91,110000.0,3.0,26.0,0.0
0,8000.0,12.62,C,715.0,719.0,13.14,125000.0,8.0,16.0,2.0
0,7200.0,14.08,C,685.0,689.0,21.02,54000.0,6.0,12.0,0.0
0,25600.0,10.91,B,670.0,674.0,7.94,160000.0,9.0,22.0,1.0
0,10000.0,15.99,C,675.0,679.0,26.8,100000.0,30.0,41.0,2.0
0,6000.0,10.49,B,685.0,689.0,10.42,71000.0,6.0,9.0,0.0
0,35000.0,8.24,B,790.0,794.0,24.59,79200.0,14.0,31.0,0.0
0,35000.0,18.06,D,695.0,699.0,32.32,125000.0,23.0,47.0,0.0
0,9600.0,11.44,B,755.0,759.0,21.43,36000.0,8.0,16.0,0.0
0,30000.0,9.93,B,670.0,674.0,18.44,115000.0,15.0,41.0,1.0
0,1200.0,5.32,A,725.0,729.0,15.98,44000.0,12.0,26.0,0.0
0,10800.0,8.24,B,675.0,679.0,18.33,115000.0,8.0,11.0,0.0
0,12000.0,13.99,C,660.0,664.0,11.83,113000.0,14.0,24.0,0.0
0,5000.0,5.32,A,760.0,764.0,13.94,55000.0,12.0,28.0,0.0
0,8000.0,11.44,B,680.0,684.0,26.42,60000.0,17.0,47.0,1.0
0,14275.0,13.99,C,675.0,679.0,18.01,90000.0,13.0,24.0,2.0
0,6025.0,10.49,B,660.0,664.0,18.57,40000.0,7.0,15.0,0.0
1,6000.0,6.72,A,715.0,719.0,21.76,60000.0,8.0,13.0,2.0
0,15000.0,14.99,C,665.0,669.0,27.75,90000.0,18.0,42.0,0.0
0,9000.0,14.99,C,790.0,794.0,18.29,50000.0,8.0,18.0,1.0
0,2500.0,19.99,D,665.0,669.0,30.99,115000.0,9.0,23.0,0.0
0,1200.0,18.99,D,680.0,684.0,12.07,57000.0,9.0,32.0,0.0
0,3600.0,16.02,C,670.0,674.0,11.59,58000.0,5.0,11.0,1.0
1,10000.0,16.99,D,685.0,689.0,29.37,39000.0,13.0,16.0,0.0
0,5725.0,15.99,C,685.0,689.0,3.67,85000.0,5.0,19.0,0.0
0,6025.0,16.02,C,670.0,674.0,19.05,40000.0,6.0,7.0,1.0
1,3200.0,25.49,E,660.0,664.0,7.8,65400.0,10.0,30.0,3.0
1,5000.0,9.44,B,680.0,684.0,16.1,65000.0,12.0,42.0,2.0
0,24000.0,14.99,C,665.0,669.0,17.95,70000.0,11.0,18.0,0.0
0,5000.0,11.49,B,670.0,674.0,9.49,30000.0,8.0,9.0,0.0
0,15000.0,11.99,B,680.0,684.0,25.97,75000.0,9.0,21.0,1.0
1,14650.0,14.99,C,660.0,664.0,17.52,80000.0,6.0,13.0,1.0
0,2400.0,16.02,C,665.0,669.0,28.44,135000.0,21.0,35.0,2.0
0,3500.0,12.74,C,695.0,699.0,33.67,31835.96,9.0,33.0,0.0
0,10500.0,7.97,A,680.0,684.0,21.25,62500.0,11.0,23.0,2.0
1,4200.0,13.99,C,670.0,674.0,11.73,75000.0,10.0,17.0,1.0
0,4000.0,7.07,A,745.0,749.0,21.09,33000.0,12.0,18.0,0.0
0,8400.0,7.97,A,725.0,729.0,16.93,20000.0,5.0,8.0,0.0
0,20000.0,9.93,B,705.0,709.0,19.0,76000.0,6.0,14.0,0.0
1,9600.0,15.05,C,670.0,674.0,28.13,50000.0,14.0,29.0,0.0
0,15000.0,11.39,B,700.0,704.0,4.3,86000.0,6.0,20.0,0.0
0,10000.0,18.99,D,660.0,664.0,14.84,54000.0,16.0,18.0,2.0
0,25000.0,13.99,C,695.0,699.0,21.47,97000.0,16.0,24.0,0.0
0,14050.0,17.99,D,705.0,709.0,32.46,120000.0,12.0,24.0,1.0
0,14000.0,13.59,C,715.0,719.0,8.09,325000.0,9.0,20.0,1.0
0,35000.0,5.32,A,725.0,729.0,8.43,325000.0,10.0,26.0,0.0
0,8000.0,10.42,B,670.0,674.0,29.95,45760.0,10.0,21.0,0.0
0,6000.0,8.24,B,670.0,674.0,20.7,40000.0,8.0,18.0,0.0
0,3000.0,7.97,A,700.0,704.0,13.94,62000.0,17.0,26.0,1.0
0,13000.0,9.93,B,695.0,699.0,12.67,100000.0,13.0,25.0,0.0
0,6000.0,11.44,B,685.0,689.0,20.75,65000.0,14.0,23.0,0.0
1,16725.0,9.93,B,690.0,694.0,12.67,137500.0,3.0,22.0,0.0
0,14000.0,13.49,C,670.0,674.0,6.99,70000.0,5.0,10.0,0.0
0,15000.0,16.99,D,680.0,684.0,34.76,39582.0,9.0,25.0,0.0
0,4325.0,23.88,E,680.0,684.0,19.82,35000.0,12.0,13.0,3.0
1,10000.0,14.08,C,685.0,689.0,19.82,95000.0,8.0,12.0,1.0
0,16000.0,14.99,C,660.0,664.0,16.89,43000.0,9.0,17.0,0.0
0,10800.0,8.24,B,680.0,684.0,9.74,85000.0,8.0,12.0,0.0
1,27000.0,19.03,D,690.0,694.0,23.11,85000.0,17.0,20.0,0.0
0,8000.0,16.99,D,680.0,684.0,22.63,51810.11,10.0,13.0,1.0
0,35000.0,13.99,C,705.0,709.0,9.66,110000.0,13.0,15.0,0.0
0,10000.0,11.39,B,665.0,669.0,22.56,50000.0,10.0,16.0,0.0
0,6025.0,11.49,B,675.0,679.0,25.57,90000.0,10.0,12.0,0.0
0,12000.0,11.49,B,695.0,699.0,15.21,60116.0,10.0,15.0,0.0
0,15875.0,12.74,C,665.0,669.0,13.54,95000.0,6.0,13.0,1.0
0,3000.0,11.49,B,720.0,724.0,17.4,60000.0,15.0,24.0,0.0
1,34650.0,22.74,E,670.0,674.0,15.21,105615.0,10.0,22.0,0.0
1,15000.0,19.03,D,690.0,694.0,21.66,120000.0,20.0,26.0,0.0
0,12000.0,14.99,C,730.0,734.0,27.79,60000.0,7.0,18.0,0.0
0,8000.0,12.62,C,660.0,664.0,18.24,55000.0,11.0,24.0,0.0
0,30100.0,10.49,B,795.0,799.0,30.22,75000.0,24.0,51.0,2.0
0,17000.0,13.99,C,665.0,669.0,14.53,60000.0,14.0,32.0,1.0
0,12000.0,8.24,B,700.0,704.0,2.87,90000.0,7.0,18.0,0.0
0,25000.0,14.99,C,705.0,709.0,27.89,63000.0,16.0,52.0,0.0
0,10000.0,6.99,A,720.0,724.0,22.91,46000.0,20.0,35.0,1.0
0,6500.0,10.49,B,695.0,699.0,19.13,75712.0,6.0,11.0,0.0
0,20950.0,18.99,D,685.0,689.0,7.4,90000.0,10.0,13.0,0.0
0,7000.0,11.99,B,685.0,689.0,22.54,79000.0,20.0,37.0,0.0
0,12000.0,14.99,C,705.0,709.0,17.16,47704.0,12.0,16.0,0.0
0,8400.0,10.42,B,680.0,684.0,6.35,145000.0,7.0,16.0,1.0
0,14000.0,12.74,C,670.0,674.0,15.73,48000.0,7.0,9.0,0.0
1,16000.0,11.39,B,660.0,664.0,11.87,75000.0,12.0,25.0,2.0
0,4500.0,22.91,E,700.0,704.0,12.51,110000.0,11.0,24.0,2.0
0,13000.0,14.99,C,670.0,674.0,25.49,46000.0,8.0,10.0,1.0
1,20000.0,19.03,D,675.0,679.0,16.75,75000.0,13.0,23.0,1.0
0,10000.0,14.08,C,695.0,699.0,16.19,82000.0,8.0,27.0,0.0
0,19000.0,5.32,A,730.0,734.0,10.15,176500.0,25.0,51.0,1.0
0,28000.0,12.74,C,690.0,694.0,25.88,98000.0,26.0,35.0,0.0
0,4000.0,5.32,A,790.0,794.0,8.71,162000.0,12.0,25.0,0.0
0,6425.0,11.39,B,665.0,669.0,17.7,55000.0,12.0,14.0,0.0
0,9925.0,13.49,C,660.0,664.0,34.76,55000.0,13.0,25.0,0.0
0,4000.0,13.49,C,680.0,684.0,25.44,120000.0,23.0,36.0,0.0
0,12000.0,10.49,B,675.0,679.0,18.19,103000.0,19.0,25.0,1.0
0,19200.0,11.44,B,705.0,709.0,33.96,76000.0,15.0,17.0,0.0
0,10000.0,10.42,B,700.0,704.0,5.11,175000.0,3.0,15.0,1.0
0,13200.0,8.24,B,735.0,739.0,8.48,72000.0,12.0,21.0,0.0
0,12000.0,7.49,A,760.0,764.0,9.65,240000.0,41.0,64.0,1.0
0,8400.0,9.93,B,690.0,694.0,10.59,70000.0,4.0,9.0,0.0
0,35000.0,22.74,E,705.0,709.0,29.54,165000.0,19.0,36.0,2.0
0,15000.0,12.62,C,685.0,689.0,18.33,80000.0,16.0,21.0,0.0
0,10000.0,10.49,B,685.0,689.0,10.7,115400.0,10.0,16.0,0.0
0,30000.0,7.07,A,740.0,744.0,17.46,125000.0,10.0,29.0,1.0
0,9600.0,7.99,A,685.0,689.0,15.1,65000.0,12.0,15.0,0.0
0,8500.0,13.49,C,680.0,684.0,6.55,50000.0,5.0,12.0,0.0
1,9600.0,13.49,C,670.0,674.0,8.5,62000.0,11.0,42.0,1.0
1,6025.0,11.99,B,675.0,679.0,22.87,48800.0,11.0,21.0,2.0
0,35000.0,12.74,C,665.0,669.0,22.53,120000.0,10.0,26.0,3.0
1,20000.0,13.99,C,680.0,684.0,19.43,85000.0,10.0,21.0,0.0
1,35000.0,23.88,E,680.0,684.0,15.0,170000.0,21.0,35.0,1.0
0,1000.0,11.99,B,670.0,674.0,19.9,72000.0,10.0,47.0,0.0
1,17000.0,21.49,D,695.0,699.0,34.48,52000.0,6.0,16.0,0.0
1,8500.0,7.99,A,825.0,829.0,15.74,89600.0,4.0,9.0,2.0
0,10000.0,12.74,C,725.0,729.0,10.4,30000.0,4.0,10.0,0.0
0,6000.0,9.44,B,735.0,739.0,19.93,62500.0,7.0,26.0,0.0
0,3000.0,9.93,B,675.0,679.0,28.08,43000.0,11.0,18.0,0.0
0,8500.0,7.07,A,750.0,754.0,11.69,85000.0,8.0,14.0,0.0
1,10000.0,12.74,C,685.0,689.0,11.0,40000.0,7.0,17.0,2.0
1,10800.0,10.42,B,675.0,679.0,10.09,69000.0,16.0,16.0,1.0
0,6000.0,17.99,D,665.0,669.0,4.95,36000.0,4.0,6.0,0.0
0,10000.0,11.49,B,695.0,699.0,22.71,87000.0,9.0,17.0,0.0
1,40000.0,9.44,B,730.0,734.0,14.93,144000.0,23.0,53.0,0.0
0,25000.0,15.05,C,695.0,699.0,11.02,120000.0,7.0,16.0,0.0
0,8000.0,13.99,C,705.0,709.0,22.52,34213.0,11.0,16.0,0.0
0,2800.0,7.07,A,720.0,724.0,11.46,84000.0,21.0,38.0,2.0
0,15000.0,13.99,C,675.0,679.0,8.82,80000.0,6.0,8.0,0.0
0,12000.0,10.42,B,725.0,729.0,30.85,44000.0,7.0,13.0,0.0
0,10000.0,12.74,C,710.0,714.0,9.49,85000.0,10.0,19.0,0.0
0,5600.0,9.44,B,735.0,739.0,27.99,25000.0,22.0,29.0,0.0
1,35000.0,15.99,C,680.0,684.0,14.86,65000.0,8.0,16.0,0.0
0,5000.0,16.99,D,675.0,679.0,32.23,36000.0,5.0,11.0,0.0
1,9500.0,24.85,E,670.0,674.0,25.99,28000.0,15.0,18.0,0.0
0,22250.0,30.84,G,670.0,674.0,18.78,110000.0,19.0,28.0,1.0
0,1600.0,18.99,D,660.0,664.0,14.62,60000.0,4.0,16.0,1.0
0,4000.0,7.99,A,695.0,699.0,16.12,30000.0,7.0,12.0,0.0
0,5600.0,5.32,A,790.0,794.0,13.57,120000.0,23.0,38.0,0.0
0,9600.0,11.39,B,700.0,704.0,18.96,55000.0,13.0,19.0,0.0
0,4800.0,9.44,B,735.0,739.0,24.53,55000.0,12.0,28.0,0.0
0,8500.0,15.99,C,660.0,664.0,8.53,41787.0,7.0,12.0,1.0
1,30000.0,10.42,B,685.0,689.0,27.77,90000.0,8.0,17.0,0.0
0,12000.0,11.49,B,675.0,679.0,14.33,68000.0,14.0,21.0,0.0
1,1200.0,11.39,B,770.0,774.0,6.97,30000.0,7.0,10.0,1.0
0,5000.0,14.99,C,685.0,689.0,24.5,22000.0,9.0,25.0,1.0
1,9600.0,16.99,D,665.0,669.0,2.85,550000.0,14.0,35.0,1.0
0,25000.0,9.93,B,670.0,674.0,2.13,135000.0,9.0,31.0,2.0
0,2200.0,13.59,C,665.0,669.0,27.25,41000.0,8.0,13.0,0.0
0,12000.0,10.91,B,730.0,734.0,32.15,65000.0,7.0,13.0,0.0
1,8000.0,16.02,C,660.0,664.0,0.63,48000.0,4.0,16.0,0.0
1,9925.0,14.08,C,660.0,664.0,1.57,42000.0,3.0,11.0,1.0
1,35000.0,18.99,D,680.0,684.0,21.55,300000.0,22.0,44.0,0.0
0,10000.0,8.24,B,675.0,679.0,11.86,145128.0,14.0,28.0,0.0
0,20000.0,7.21,A,740.0,744.0,17.25,130000.0,13.0,34.0,1.0
0,15675.0,10.42,B,735.0,739.0,19.77,116000.0,9.0,22.0,0.0
1,7025.0,14.99,C,665.0,669.0,18.09,83400.0,8.0,23.0,2.0
0,15000.0,11.39,B,695.0,699.0,12.38,48000.0,7.0,12.0,0.0
0,5000.0,12.74,C,665.0,669.0,20.15,115200.0,31.0,43.0,5.0
0,16000.0,10.91,B,660.0,664.0,22.05,75000.0,20.0,55.0,0.0
1,12000.0,11.49,B,745.0,749.0,23.52,45000.0,13.0,19.0,1.0
0,12000.0,9.93,B,715.0,719.0,16.74,73905.0,6.0,33.0,0.0
0,3000.0,16.99,D,660.0,664.0,14.24,45000.0,3.0,39.0,1.0
0,7000.0,14.99,C,700.0,704.0,21.85,92000.0,8.0,19.0,0.0
0,8000.0,15.05,C,660.0,664.0,6.15,140000.0,8.0,13.0,0.0
0,3600.0,15.05,C,675.0,679.0,24.97,78000.0,11.0,28.0,0.0
0,19000.0,15.99,C,705.0,709.0,12.53,43000.0,12.0,24.0,1.0
1,12000.0,11.49,B,705.0,709.0,14.64,44000.0,9.0,12.0,0.0
0,8000.0,7.35,A,720.0,724.0,13.49,95000.0,9.0,20.0,2.0
1,2200.0,15.05,C,685.0,689.0,32.08,30000.0,7.0,7.0,0.0
0,19625.0,13.99,C,690.0,694.0,15.78,134000.0,13.0,25.0,0.0
0,15000.0,20.0,D,665.0,669.0,22.44,60000.0,10.0,11.0,1.0
0,25000.0,11.49,B,680.0,684.0,9.36,139000.0,12.0,26.0,0.0
0,8000.0,7.49,A,760.0,764.0,28.24,45000.0,6.0,20.0,0.0
0,30000.0,7.49,A,695.0,699.0,6.36,197662.0,9.0,22.0,1.0
0,6500.0,14.99,C,670.0,674.0,18.18,35000.0,8.0,15.0,0.0
0,7000.0,29.69,F,660.0,664.0,10.89,41000.0,10.0,22.0,5.0
0,35000.0,5.32,A,755.0,759.0,10.96,500000.0,14.0,33.0,0.0
0,21250.0,14.99,C,690.0,694.0,34.22,80000.0,22.0,31.0,1.0
1,18000.0,11.99,B,670.0,674.0,15.21,137000.0,16.0,18.0,1.0
0,36400.0,5.32,A,720.0,724.0,27.16,150000.0,15.0,43.0,1.0
0,10175.0,23.88,E,685.0,689.0,24.16,45000.0,13.0,20.0,1.0
1,36000.0,7.99,A,745.0,749.0,29.99,100000.0,16.0,46.0,0.0
0,5000.0,15.99,C,665.0,669.0,22.2,34000.0,11.0,20.0,1.0
0,4800.0,11.44,B,680.0,684.0,18.6,44000.0,7.0,17.0,0.0
0,5500.0,7.99,A,750.0,754.0,6.79,37440.0,7.0,9.0,0.0
0,7000.0,10.42,B,695.0,699.0,15.89,139000.0,23.0,49.0,1.0
0,1000.0,13.49,C,735.0,739.0,18.73,36000.0,12.0,36.0,0.0
1,6000.0,15.05,C,665.0,669.0,24.45,35000.0,9.0,11.0,1.0
0,8000.0,13.59,C,675.0,679.0,15.4,107000.0,17.0,34.0,1.0
0,32000.0,7.49,A,705.0,709.0,11.92,135000.0,9.0,30.0,0.0
1,20000.0,14.08,C,700.0,704.0,3.04,73000.0,7.0,16.0,1.0
0,19200.0,7.99,A,710.0,714.0,27.3,70000.0,12.0,21.0,0.0
0,6000.0,23.99,E,665.0,669.0,8.21,75000.0,16.0,25.0,3.0
0,30000.0,8.24,B,665.0,669.0,12.22,185100.0,17.0,34.0,0.0
0,6000.0,10.49,B,715.0,719.0,32.23,55000.0,26.0,45.0,0.0
0,3500.0,16.99,D,765.0,769.0,10.19,65000.0,11.0,26.0,2.0
0,12000.0,14.08,C,710.0,714.0,20.14,150000.0,25.0,38.0,1.0
0,12000.0,18.06,D,665.0,669.0,14.37,68000.0,10.0,19.0,1.0
0,10000.0,10.49,B,730.0,734.0,18.49,110000.0,6.0,19.0,0.0
0,5500.0,8.24,B,710.0,714.0,13.32,40000.0,12.0,27.0,1.0
1,6000.0,10.42,B,700.0,704.0,11.5,51028.0,9.0,19.0,0.0
0,8125.0,16.99,D,675.0,679.0,31.92,59000.0,17.0,51.0,0.0
1,3000.0,14.08,C,660.0,664.0,32.93,43000.0,7.0,25.0,1.0
0,35000.0,11.99,B,660.0,664.0,25.54,110000.0,12.0,24.0,2.0
0,15000.0,11.39,B,680.0,684.0,19.2,34000.0,7.0,17.0,0.0
0,3000.0,17.09,D,695.0,699.0,31.0,57624.0,22.0,31.0,2.0
1,1000.0,11.99,B,675.0,679.0,13.03,144000.0,14.0,38.0,1.0
0,15000.0,7.99,A,695.0,699.0,17.72,110000.0,19.0,31.0,0.0
1,9600.0,13.59,C,820.0,824.0,1.01,80000.0,8.0,31.0,1.0
0,7000.0,11.49,B,690.0,694.0,12.24,30000.0,8.0,10.0,1.0
0,16000.0,10.49,B,795.0,799.0,5.01,58500.0,7.0,11.0,0.0
0,10800.0,14.99,C,670.0,674.0,30.03,36000.0,13.0,25.0,2.0
1,8000.0,16.02,C,670.0,674.0,16.74,40000.0,6.0,8.0,0.0
1,12000.0,14.08,C,675.0,679.0,17.17,90000.0,11.0,22.0,0.0
0,18000.0,7.24,A,705.0,709.0,14.19,75000.0,8.0,18.0,0.0
0,12000.0,10.49,B,680.0,684.0,22.85,75000.0,11.0,19.0,1.0
0,14000.0,16.99,D,660.0,664.0,10.58,53000.0,27.0,38.0,0.0
0,20000.0,13.49,C,685.0,689.0,19.66,100000.0,10.0,32.0,0.0
0,7500.0,9.44,B,670.0,674.0,5.58,47759.0,6.0,16.0,0.0
1,10000.0,11.99,B,665.0,669.0,27.62,65000.0,12.0,16.0,1.0
1,3500.0,17.99,D,665.0,669.0,15.18,58740.0,6.0,11.0,0.0
0,9800.0,5.32,A,700.0,704.0,13.96,65000.0,21.0,40.0,0.0
0,1500.0,16.02,C,675.0,679.0,17.93,70000.0,5.0,11.0,1.0
1,7050.0,18.06,D,665.0,669.0,12.98,22000.0,7.0,15.0,1.0
0,23900.0,13.49,C,715.0,719.0,15.26,125000.0,8.0,27.0,0.0
0,8000.0,12.62,C,695.0,699.0,19.47,145000.0,25.0,53.0,1.0
0,25000.0,19.99,D,665.0,669.0,23.95,120000.0,13.0,31.0,0.0
0,6000.0,13.59,C,660.0,664.0,2.03,79500.0,8.0,15.0,1.0
0,14000.0,10.91,B,660.0,664.0,8.86,65000.0,4.0,8.0,0.0
0,11200.0,9.93,B,695.0,699.0,7.5,53000.0,10.0,24.0,1.0
0,12000.0,8.24,B,665.0,669.0,19.83,65000.0,7.0,10.0,0.0
1,16000.0,11.99,B,670.0,674.0,18.69,40000.0,6.0,6.0,0.0
0,4000.0,11.49,B,665.0,669.0,16.0,36000.0,7.0,16.0,0.0
1,5000.0,7.97,A,730.0,734.0,1.9,72000.0,2.0,2.0,0.0
0,16000.0,11.99,B,665.0,669.0,5.93,120000.0,21.0,50.0,1.0
1,30000.0,18.99,D,665.0,669.0,19.46,132182.4,12.0,37.0,1.0
0,8000.0,11.49,B,690.0,694.0,17.82,40000.0,29.0,48.0,0.0
0,7000.0,13.49,C,665.0,669.0,12.58,79000.0,13.0,21.0,2.0
0,1500.0,9.93,B,705.0,709.0,12.06,80000.0,9.0,26.0,0.0
0,15000.0,7.97,A,745.0,749.0,19.41,38841.0,9.0,22.0,0.0
1,8500.0,11.49,B,670.0,674.0,11.13,82132.0,14.0,19.0,1.0
0,10000.0,12.74,C,810.0,814.0,33.99,68000.0,10.0,26.0,0.0
0,5000.0,11.99,B,660.0,664.0,17.52,35000.0,6.0,10.0,0.0
0,9000.0,13.49,C,660.0,664.0,14.32,70000.0,23.0,43.0,1.0
1,4500.0,13.49,C,730.0,734.0,28.45,37000.0,4.0,12.0,0.0
0,9800.0,8.24,B,700.0,704.0,18.16,70000.0,14.0,18.0,0.0
0,35000.0,12.62,C,710.0,714.0,19.85,140000.0,6.0,18.0,0.0
1,10000.0,11.99,B,670.0,674.0,15.01,75000.0,10.0,13.0,1.0
1,15500.0,10.91,B,735.0,739.0,5.13,97700.0,8.0,15.0,0.0
0,11875.0,13.99,C,720.0,724.0,27.43,35000.0,9.0,27.0,0.0
0,20000.0,5.32,A,785.0,789.0,8.13,206000.0,14.0,42.0,1.0
1,5600.0,19.03,D,680.0,684.0,10.77,48000.0,11.0,12.0,1.0
0,5000.0,7.97,A,685.0,689.0,18.75,130000.0,16.0,37.0,1.0
1,8000.0,9.44,B,665.0,669.0,26.34,75000.0,25.0,37.0,0.0
1,15000.0,7.97,A,725.0,729.0,11.2,102000.0,14.0,26.0,0.0
1,5600.0,12.62,C,715.0,719.0,16.15,50000.0,4.0,7.0,0.0
0,5000.0,11.44,B,715.0,719.0,26.74,25000.0,20.0,31.0,0.0
0,9000.0,10.49,B,750.0,754.0,21.75,52530.0,7.0,31.0,0.0
0,11000.0,15.99,C,665.0,669.0,14.43,75000.0,20.0,25.0,1.0
0,12000.0,11.44,B,675.0,679.0,3.02,80000.0,9.0,12.0,0.0
0,12900.0,10.91,B,705.0,709.0,24.41,260000.0,20.0,34.0,0.0
0,25000.0,12.74,C,720.0,724.0,22.73,110000.0,11.0,28.0,1.0
1,2400.0,15.05,C,680.0,684.0,11.32,48565.0,11.0,42.0,0.0
1,15000.0,12.62,C,710.0,714.0,33.95,100000.0,16.0,27.0,1.0
0,7000.0,6.99,A,765.0,769.0,3.01,75000.0,5.0,11.0,0.0
0,6000.0,9.44,B,680.0,684.0,4.89,70000.0,5.0,8.0,0.0
0,21000.0,10.49,B,690.0,694.0,16.82,77000.0,20.0,24.0,0.0
0,3500.0,13.49,C,695.0,699.0,25.91,27000.0,8.0,9.0,1.0
0,10000.0,7.49,A,680.0,684.0,18.96,40000.0,12.0,16.0,0.0
0,5000.0,18.06,D,660.0,664.0,7.69,101600.0,7.0,15.0,2.0
1,6000.0,18.06,D,725.0,729.0,12.56,45000.0,15.0,16.0,2.0
1,32000.0,15.99,C,680.0,684.0,18.76,245000.0,11.0,16.0,0.0
1,22400.0,16.02,C,690.0,694.0,9.32,60500.0,11.0,17.0,0.0
0,14900.0,13.49,C,730.0,734.0,29.06,57000.0,18.0,31.0,0.0
0,14000.0,11.39,B,685.0,689.0,26.38,60000.0,10.0,17.0,0.0
0,10000.0,7.99,A,695.0,699.0,16.08,55000.0,9.0,23.0,0.0
0,30000.0,8.24,B,710.0,714.0,19.28,160000.0,32.0,46.0,0.0
0,6000.0,8.24,B,660.0,664.0,16.92,90580.0,18.0,31.0,1.0
0,10000.0,13.99,C,665.0,669.0,4.75,73000.0,7.0,14.0,1.0
0,10000.0,10.42,B,675.0,679.0,9.01,102000.0,6.0,17.0,1.0
1,1200.0,13.99,C,680.0,684.0,32.74,70000.0,10.0,18.0,0.0
0,9500.0,8.24,B,685.0,689.0,23.42,129416.0,11.0,21.0,0.0
1,3625.0,17.99,D,670.0,674.0,16.39,33600.0,11.0,15.0,1.0
0,10000.0,15.05,C,660.0,664.0,13.08,71000.0,12.0,25.0,0.0
0,10000.0,6.99,A,735.0,739.0,18.88,120000.0,12.0,26.0,0.0
0,14400.0,10.42,B,690.0,694.0,10.43,52000.0,6.0,11.0,0.0
0,12425.0,7.99,A,770.0,774.0,12.27,50000.0,4.0,9.0,0.0
0,21000.0,11.39,B,680.0,684.0,21.62,118000.0,14.0,51.0,0.0
0,29000.0,24.85,E,725.0,729.0,23.98,58000.0,16.0,42.0,1.0
0,7000.0,12.62,C,675.0,679.0,20.51,124330.0,11.0,20.0,0.0
0,35000.0,8.24,B,730.0,734.0,16.9,145000.0,9.0,20.0,0.0
0,10250.0,11.39,B,695.0,699.0,24.73,20582.0,9.0,14.0,0.0
1,15000.0,7.35,A,735.0,739.0,12.57,85000.0,12.0,32.0,0.0
0,7000.0,13.99,C,700.0,704.0,18.83,55000.0,9.0,15.0,1.0
0,12000.0,12.74,C,680.0,684.0,19.02,65000.0,13.0,22.0,1.0
0,3000.0,10.91,B,705.0,709.0,27.7,48000.0,8.0,12.0,0.0
0,4000.0,14.99,C,660.0,664.0,6.33,26000.0,7.0,12.0,0.0
0,6400.0,6.99,A,740.0,744.0,22.29,56000.0,6.0,7.0,0.0
0,5000.0,8.24,B,660.0,664.0,11.02,44000.0,9.0,10.0,0.0
1,16650.0,14.99,C,680.0,684.0,22.02,37000.0,15.0,16.0,1.0
1,1600.0,26.3,E,680.0,684.0,23.92,57000.0,22.0,44.0,2.0
1,12000.0,11.99,B,715.0,719.0,22.77,36000.0,4.0,5.0,0.0
1,25000.0,11.49,B,765.0,769.0,28.26,60000.0,7.0,9.0,0.0
0,13250.0,10.91,B,680.0,684.0,25.94,93000.0,19.0,37.0,0.0
0,10000.0,8.24,B,660.0,664.0,23.51,47000.0,14.0,56.0,0.0
1,9600.0,13.59,C,685.0,689.0,23.91,67500.0,16.0,30.0,0.0
0,16000.0,14.99,C,715.0,719.0,32.1,55000.0,19.0,27.0,0.0
0,3000.0,13.99,C,685.0,689.0,23.09,42000.0,9.0,13.0,0.0
0,7000.0,11.39,B,710.0,714.0,9.99,68500.0,4.0,8.0,1.0
0,4000.0,7.35,A,690.0,694.0,17.25,45000.0,9.0,14.0,0.0
1,6000.0,18.06,D,680.0,684.0,18.32,33280.0,9.0,25.0,0.0
0,8000.0,18.06,D,685.0,689.0,24.62,62000.0,20.0,65.0,2.0
0,5300.0,9.44,B,675.0,679.0,9.04,45000.0,9.0,18.0,0.0
0,7000.0,17.99,D,675.0,679.0,5.43,30720.0,2.0,7.0,0.0
0,15000.0,5.32,A,715.0,719.0,12.67,125000.0,7.0,16.0,0.0
0,2400.0,11.39,B,700.0,704.0,26.02,25000.0,8.0,29.0,0.0
0,5000.0,10.49,B,660.0,664.0,11.98,111000.0,9.0,20.0,1.0
0,9000.0,13.99,C,730.0,734.0,19.6,60000.0,8.0,20.0,1.0
0,9600.0,11.49,B,730.0,734.0,18.76,95200.0,10.0,20.0,0.0
0,10000.0,7.99,A,685.0,689.0,6.99,50000.0,6.0,15.0,0.0
0,10000.0,5.32,A,715.0,719.0,9.9,47476.0,12.0,21.0,0.0
1,40000.0,30.79,G,680.0,684.0,24.16,120000.0,16.0,48.0,3.0
0,15000.0,7.21,A,730.0,734.0,10.26,115000.0,10.0,26.0,0.0
1,40000.0,15.05,C,710.0,714.0,20.81,120000.0,20.0,40.0,0.0
0,35000.0,16.02,C,690.0,694.0,12.62,500000.0,12.0,20.0,0.0
0,1000.0,12.74,C,755.0,759.0,18.27,40000.0,10.0,37.0,0.0
0,35000.0,6.99,A,800.0,804.0,9.04,220000.0,29.0,49.0,0.0
1,15000.0,10.91,B,665.0,669.0,23.31,50000.0,10.0,16.0,0.0
0,5500.0,6.99,A,705.0,709.0,20.27,36000.0,13.0,31.0,2.0
1,8000.0,11.99,B,685.0,689.0,11.49,55000.0,6.0,26.0,1.0
0,11200.0,10.91,B,680.0,684.0,22.61,55000.0,16.0,26.0,0.0
0,14000.0,5.32,A,790.0,794.0,16.86,61000.0,19.0,30.0,0.0
0,17300.0,11.49,B,705.0,709.0,21.0,40000.0,6.0,12.0,0.0
0,10000.0,8.24,B,710.0,714.0,13.57,45000.0,10.0,20.0,0.0
0,19900.0,15.99,C,720.0,724.0,31.77,55000.0,7.0,24.0,1.0
0,9600.0,7.97,A,680.0,684.0,22.19,76950.0,20.0,30.0,0.0
1,20000.0,14.08,C,670.0,674.0,14.54,85000.0,15.0,20.0,0.0
0,12000.0,11.39,B,725.0,729.0,24.02,55000.0,5.0,18.0,1.0
0,4500.0,11.49,B,715.0,719.0,10.13,32000.0,5.0,7.0,0.0
0,3000.0,11.44,B,720.0,724.0,24.44,25000.0,9.0,14.0,0.0
0,12000.0,11.39,B,710.0,714.0,18.02,30000.0,12.0,35.0,0.0
1,10000.0,7.97,A,730.0,734.0,22.09,300000.0,6.0,10.0,0.0
0,18000.0,12.62,C,685.0,689.0,22.08,72000.0,6.0,22.0,0.0
0,11200.0,7.49,A,695.0,699.0,20.29,65000.0,12.0,22.0,0.0
1,33000.0,16.99,D,685.0,689.0,13.3,118000.0,13.0,25.0,1.0
0,1000.0,10.91,B,660.0,664.0,30.13,37564.0,12.0,18.0,1.0
0,16000.0,7.99,A,740.0,744.0,24.1,100000.0,15.0,19.0,1.0
0,15000.0,11.44,B,660.0,664.0,21.0,155000.0,10.0,38.0,0.0
0,20000.0,17.99,D,710.0,714.0,43.28,45000.0,15.0,35.0,0.0
0,5000.0,5.32,A,730.0,734.0,14.46,117000.0,10.0,26.0,0.0
1,7000.0,10.42,B,675.0,679.0,31.52,82000.0,19.0,29.0,0.0
0,6400.0,11.49,B,680.0,684.0,18.96,25000.0,10.0,14.0,0.0
1,7500.0,9.44,B,710.0,714.0,17.97,67000.0,12.0,13.0,0.0
0,10000.0,10.91,B,665.0,669.0,6.85,85000.0,4.0,12.0,0.0
0,3000.0,7.99,A,695.0,699.0,16.07,80000.0,17.0,37.0,0.0
0,9800.0,13.99,C,680.0,684.0,32.61,70000.0,14.0,41.0,0.0
0,35000.0,7.35,A,735.0,739.0,8.67,186000.0,7.0,16.0,0.0
1,8000.0,14.08,C,670.0,674.0,6.26,60000.0,9.0,16.0,3.0
0,2800.0,7.97,A,695.0,699.0,12.86,16800.0,6.0,11.0,0.0
0,8000.0,8.24,B,685.0,689.0,27.12,91658.0,17.0,38.0,0.0
0,5000.0,7.97,A,735.0,739.0,17.23,36000.0,8.0,20.0,0.0
0,7200.0,13.49,C,675.0,679.0,14.84,129000.0,6.0,20.0,1.0
0,15000.0,7.35,A,700.0,704.0,3.35,150000.0,6.0,26.0,0.0
0,8000.0,7.99,A,740.0,744.0,20.94,43200.0,7.0,14.0,0.0
0,7200.0,11.44,B,680.0,684.0,21.13,38000.0,6.0,7.0,1.0
0,9600.0,15.99,C,695.0,699.0,32.07,75000.0,14.0,22.0,0.0
0,15500.0,15.99,C,695.0,699.0,23.12,66907.0,25.0,43.0,0.0
0,10000.0,11.39,B,705.0,709.0,27.46,110000.0,21.0,34.0,0.0
0,7000.0,13.49,C,705.0,709.0,6.22,55000.0,21.0,25.0,0.0
0,20000.0,5.32,A,735.0,739.0,26.05,120000.0,10.0,25.0,0.0
0,3200.0,7.35,A,730.0,734.0,15.99,68000.0,12.0,24.0,0.0
0,30000.0,13.99,C,710.0,714.0,33.25,150000.0,17.0,27.0,2.0
1,10150.0,15.99,C,705.0,709.0,34.28,30000.0,21.0,34.0,0.0
0,30000.0,8.24,B,730.0,734.0,21.13,121000.0,14.0,30.0,0.0
0,35000.0,10.49,B,765.0,769.0,3.57,120000.0,11.0,37.0,2.0
0,10275.0,17.99,D,685.0,689.0,16.87,50000.0,6.0,18.0,0.0
1,12000.0,20.0,D,665.0,669.0,6.87,58000.0,3.0,4.0,0.0
0,18000.0,13.99,C,675.0,679.0,8.45,86600.0,6.0,14.0,1.0
0,14000.0,7.99,A,680.0,684.0,17.19,75000.0,18.0,28.0,1.0
0,17325.0,11.39,B,700.0,704.0,26.59,48560.0,8.0,8.0,0.0
0,6000.0,7.07,A,740.0,744.0,23.97,56000.0,26.0,45.0,0.0
0,40000.0,17.99,D,680.0,684.0,27.15,145000.0,24.0,33.0,0.0
0,13000.0,11.49,B,685.0,689.0,5.49,130000.0,6.0,11.0,1.0
0,20000.0,10.49,B,690.0,694.0,26.11,117000.0,37.0,49.0,1.0
0,12500.0,12.74,C,690.0,694.0,33.93,130000.0,17.0,34.0,0.0
0,25000.0,7.49,A,730.0,734.0,10.85,53000.0,14.0,27.0,0.0
0,9000.0,7.24,A,730.0,734.0,31.23,50000.0,19.0,34.0,1.0
0,9000.0,15.99,C,695.0,699.0,17.76,55000.0,16.0,24.0,0.0
0,16975.0,12.62,C,715.0,719.0,32.98,92000.0,7.0,13.0,0.0
0,19200.0,16.02,C,660.0,664.0,9.57,79597.0,10.0,24.0,1.0
0,9900.0,26.24,E,665.0,669.0,20.68,120000.0,6.0,13.0,0.0
0,28000.0,19.99,D,670.0,674.0,18.67,90000.0,12.0,18.0,0.0
0,2000.0,12.74,C,690.0,694.0,23.32,30000.0,8.0,13.0,0.0
1,10175.0,18.06,D,665.0,669.0,26.83,56000.0,15.0,23.0,1.0
0,16000.0,7.49,A,720.0,724.0,21.96,70000.0,23.0,30.0,0.0
0,12000.0,9.93,B,675.0,679.0,19.05,125000.0,9.0,11.0,0.0
0,18000.0,9.93,B,725.0,729.0,27.92,80000.0,22.0,54.0,1.0
1,24000.0,13.59,C,660.0,664.0,14.87,69000.0,7.0,12.0,1.0
1,20000.0,14.08,C,665.0,669.0,28.33,51000.0,12.0,28.0,0.0
0,6000.0,10.91,B,670.0,674.0,1.01,45000.0,4.0,12.0,1.0
1,18000.0,10.91,B,660.0,664.0,12.31,80000.0,11.0,22.0,0.0
0,8000.0,6.99,A,745.0,749.0,15.28,52000.0,7.0,18.0,0.0
1,15000.0,12.74,C,675.0,679.0,14.48,58000.0,19.0,35.0,0.0
1,6000.0,16.99,D,680.0,684.0,7.4,65000.0,4.0,11.0,0.0
0,30000.0,8.24,B,675.0,679.0,19.39,180000.0,19.0,56.0,0.0
0,12000.0,5.32,A,720.0,724.0,14.21,77000.0,13.0,28.0,0.0
0,14150.0,16.02,C,675.0,679.0,17.83,50000.0,13.0,29.0,2.0
0,6000.0,7.97,A,700.0,704.0,26.8,43560.0,10.0,15.0,0.0
0,4000.0,13.99,C,665.0,669.0,25.0,84000.0,26.0,32.0,1.0
0,25500.0,23.88,E,710.0,714.0,28.59,95000.0,13.0,23.0,2.0
0,18000.0,13.99,C,695.0,699.0,24.51,75000.0,24.0,38.0,1.0
1,4925.0,12.74,C,750.0,754.0,26.65,77000.0,21.0,55.0,2.0
1,10000.0,11.44,B,695.0,699.0,12.74,75000.0,10.0,14.0,1.0
0,8000.0,13.59,C,685.0,689.0,22.93,38000.0,6.0,8.0,0.0
0,36300.0,18.99,D,685.0,689.0,12.56,108000.0,12.0,27.0,1.0
1,35000.0,11.44,B,710.0,714.0,7.91,165000.0,9.0,11.0,0.0
0,10075.0,23.88,E,670.0,674.0,15.26,28000.0,10.0,26.0,1.0
0,8400.0,16.99,D,700.0,704.0,3.29,98000.0,11.0,17.0,0.0
0,3000.0,15.05,C,665.0,669.0,28.62,52000.0,14.0,37.0,1.0
0,8400.0,7.49,A,700.0,704.0,7.57,42500.0,11.0,19.0,0.0
1,10000.0,14.08,C,660.0,664.0,2.66,60000.0,3.0,3.0,0.0
0,24000.0,7.99,A,730.0,734.0,26.2,74000.0,11.0,23.0,0.0
1,15450.0,17.99,D,705.0,709.0,6.3,93000.0,6.0,12.0,3.0
0,15000.0,9.93,B,735.0,739.0,29.35,68000.0,13.0,24.0,0.0
0,6000.0,11.44,B,710.0,714.0,18.93,40000.0,7.0,9.0,1.0
0,15000.0,10.42,B,685.0,689.0,8.68,57824.0,5.0,6.0,0.0
0,40000.0,5.32,A,735.0,739.0,4.69,205000.0,7.0,13.0,0.0
0,7000.0,16.99,D,665.0,669.0,15.24,26000.0,4.0,10.0,0.0
0,10000.0,16.02,C,680.0,684.0,31.85,57000.0,18.0,43.0,0.0
0,8000.0,11.44,B,670.0,674.0,21.49,45000.0,15.0,16.0,1.0
0,2500.0,7.24,A,740.0,744.0,17.6,35000.0,13.0,36.0,0.0
0,9600.0,14.99,C,690.0,694.0,24.09,40000.0,9.0,16.0,1.0
0,6000.0,6.99,A,715.0,719.0,22.16,41000.0,37.0,66.0,1.0
0,5400.0,9.44,B,695.0,699.0,32.33,65000.0,17.0,39.0,0.0
0,9000.0,7.49,A,695.0,699.0,13.81,150000.0,14.0,33.0,1.0
1,10000.0,20.0,D,660.0,664.0,11.52,100000.0,20.0,43.0,0.0
0,12000.0,7.99,A,695.0,699.0,19.51,78000.0,7.0,13.0,0.0
0,10000.0,7.24,A,685.0,689.0,6.76,135000.0,13.0,32.0,0.0
0,5000.0,11.44,B,670.0,674.0,16.83,40000.0,5.0,19.0,0.0
1,10000.0,11.44,B,705.0,709.0,25.11,55000.0,6.0,9.0,1.0
0,24000.0,11.39,B,705.0,709.0,13.72,145000.0,15.0,25.0,3.0
0,25000.0,7.35,A,725.0,729.0,11.82,150000.0,13.0,32.0,1.0
0,15000.0,5.32,A,725.0,729.0,19.62,102000.0,25.0,51.0,0.0
0,5000.0,10.49,B,700.0,704.0,3.79,31660.0,3.0,6.0,0.0
0,5375.0,13.49,C,725.0,729.0,3.24,30000.0,5.0,12.0,0.0
0,6650.0,11.49,B,660.0,664.0,28.37,50000.0,12.0,24.0,0.0
0,15000.0,8.24,B,705.0,709.0,22.57,41000.0,28.0,65.0,0.0
0,3600.0,11.39,B,780.0,784.0,8.13,162000.0,11.0,18.0,0.0
0,32000.0,7.49,A,680.0,684.0,27.82,100000.0,10.0,19.0,0.0
0,28300.0,15.99,C,665.0,669.0,19.81,96500.0,8.0,20.0,0.0
0,6000.0,7.97,A,675.0,679.0,16.07,26000.0,17.0,31.0,1.0
1,15000.0,18.99,D,685.0,689.0,34.36,70000.0,8.0,19.0,2.0
0,12000.0,11.39,B,705.0,709.0,19.27,55000.0,12.0,18.0,0.0
0,6000.0,12.62,C,685.0,689.0,11.45,250000.0,10.0,14.0,0.0
0,23800.0,8.24,B,720.0,724.0,17.15,150000.0,18.0,26.0,0.0
0,24000.0,5.32,A,770.0,774.0,18.29,175000.0,17.0,42.0,0.0
0,11000.0,7.24,A,780.0,784.0,12.41,115000.0,10.0,14.0,0.0
0,30800.0,13.99,C,725.0,729.0,16.78,103000.0,12.0,24.0,2.0
1,8000.0,17.99,D,670.0,674.0,27.01,26000.0,7.0,18.0,0.0
0,25000.0,11.99,B,705.0,709.0,10.71,111000.0,5.0,15.0,0.0
0,8000.0,15.99,C,685.0,689.0,32.44,67000.0,37.0,45.0,4.0
1,2400.0,10.42,B,715.0,719.0,27.97,68640.0,16.0,33.0,0.0
0,13900.0,21.45,D,675.0,679.0,12.07,98700.0,7.0,14.0,0.0
0,40000.0,12.62,C,725.0,729.0,25.49,113000.0,9.0,14.0,0.0
0,35000.0,12.62,C,690.0,694.0,22.25,140000.0,25.0,47.0,0.0
0,23000.0,11.39,B,660.0,664.0,13.83,110750.0,16.0,24.0,0.0
0,15000.0,13.59,C,670.0,674.0,7.13,100000.0,5.0,9.0,0.0
1,30000.0,7.07,A,705.0,709.0,9.14,80000.0,11.0,19.0,1.0
0,32450.0,14.99,C,695.0,699.0,22.07,189000.0,29.0,32.0,0.0
0,17600.0,5.32,A,720.0,724.0,31.63,114360.0,12.0,41.0,0.0
0,30000.0,11.49,B,710.0,714.0,37.48,43000.0,14.0,27.0,0.0
0,8000.0,6.99,A,705.0,709.0,16.21,65000.0,9.0,20.0,0.0
0,4000.0,7.24,A,740.0,744.0,19.97,45000.0,7.0,15.0,0.0
0,15000.0,11.49,B,665.0,669.0,34.89,46440.0,14.0,19.0,2.0
0,10000.0,7.99,A,690.0,694.0,7.14,95000.0,13.0,43.0,2.0
0,25000.0,13.99,C,685.0,689.0,20.13,125000.0,32.0,45.0,1.0
0,8000.0,11.49,B,675.0,679.0,25.11,108000.0,9.0,16.0,0.0
0,1000.0,11.49,B,700.0,704.0,26.6,50000.0,9.0,15.0,0.0
0,10550.0,6.99,A,775.0,779.0,14.62,51800.0,10.0,13.0,0.0
0,5000.0,15.99,C,660.0,664.0,27.45,25000.0,7.0,11.0,0.0
0,15000.0,17.99,D,660.0,664.0,7.35,105000.0,11.0,13.0,0.0
0,9600.0,5.32,A,715.0,719.0,12.72,80000.0,11.0,32.0,0.0
0,28000.0,5.32,A,760.0,764.0,6.83,145000.0,10.0,24.0,0.0
0,5000.0,11.99,B,700.0,704.0,13.27,50000.0,15.0,23.0,3.0
0,3600.0,10.42,B,660.0,664.0,14.61,125000.0,12.0,23.0,0.0
0,6275.0,10.42,B,750.0,754.0,33.53,43000.0,10.0,16.0,0.0
0,7000.0,12.74,C,675.0,679.0,10.96,33500.0,6.0,6.0,0.0
1,11200.0,6.99,A,740.0,744.0,10.27,118000.0,14.0,27.0,0.0
0,18500.0,8.24,B,695.0,699.0,24.3,97463.0,16.0,51.0,0.0
1,10000.0,17.09,D,725.0,729.0,3.56,28000.0,4.0,6.0,2.0
0,12000.0,9.93,B,700.0,704.0,25.88,64000.0,18.0,26.0,0.0
0,20000.0,16.02,C,680.0,684.0,30.83,78000.0,19.0,25.0,0.0
0,20000.0,7.24,A,735.0,739.0,23.93,80000.0,16.0,28.0,0.0
0,4000.0,13.99,C,680.0,684.0,26.39,75300.0,30.0,45.0,0.0
0,4200.0,5.32,A,745.0,749.0,9.44,30000.0,4.0,5.0,0.0
0,25000.0,12.62,C,675.0,679.0,17.86,75000.0,7.0,13.0,0.0
0,9600.0,13.49,C,715.0,719.0,10.67,180000.0,22.0,34.0,3.0
0,12000.0,10.49,B,715.0,719.0,14.33,61000.0,10.0,38.0,0.0
1,35000.0,30.65,F,695.0,699.0,21.12,120000.0,8.0,17.0,0.0
1,15000.0,7.35,A,735.0,739.0,7.96,55000.0,8.0,9.0,0.0
0,9200.0,19.03,D,675.0,679.0,20.01,95000.0,6.0,13.0,0.0
0,10000.0,13.49,C,710.0,714.0,17.79,179000.0,15.0,23.0,1.0
0,5500.0,15.99,C,670.0,674.0,17.72,55000.0,10.0,14.0,0.0
0,10800.0,23.99,E,685.0,689.0,32.01,39000.0,24.0,28.0,1.0
0,16800.0,11.39,B,670.0,674.0,19.13,52000.0,8.0,24.0,2.0
0,13300.0,18.99,D,660.0,664.0,4.28,315000.0,8.0,19.0,1.0
0,12000.0,13.99,C,700.0,704.0,21.45,49000.0,11.0,38.0,0.0
1,16000.0,13.99,C,665.0,669.0,27.28,110272.0,9.0,22.0,0.0
0,10000.0,8.24,B,695.0,699.0,27.93,72000.0,9.0,15.0,0.0
0,16000.0,16.99,D,685.0,689.0,20.96,60000.0,9.0,22.0,1.0
0,28000.0,9.93,B,690.0,694.0,8.0,36000.0,7.0,10.0,1.0
0,13600.0,16.02,C,680.0,684.0,28.26,64500.0,18.0,43.0,1.0
1,22100.0,21.45,D,685.0,689.0,31.06,60000.0,8.0,16.0,0.0
0,3600.0,6.99,A,735.0,739.0,20.98,27000.0,6.0,12.0,0.0
0,15000.0,12.74,C,705.0,709.0,27.56,60000.0,9.0,20.0,1.0
0,25000.0,10.42,B,715.0,719.0,5.77,130000.0,14.0,41.0,0.0
0,7000.0,5.32,A,715.0,719.0,11.5,60000.0,7.0,13.0,0.0
1,5750.0,18.06,D,680.0,684.0,31.06,16000.0,8.0,10.0,0.0
0,17500.0,10.49,B,695.0,699.0,11.82,60000.0,7.0,22.0,1.0
1,10000.0,10.91,B,725.0,729.0,1.28,48000.0,3.0,7.0,2.0
1,10000.0,16.02,C,665.0,669.0,22.4,30000.0,11.0,18.0,0.0
0,25000.0,19.03,D,730.0,734.0,16.33,62400.0,9.0,17.0,1.0
1,7900.0,17.99,D,670.0,674.0,21.33,22000.0,11.0,24.0,1.0
0,5000.0,11.49,B,680.0,684.0,6.42,40000.0,6.0,7.0,1.0
0,25000.0,5.32,A,735.0,739.0,5.22,400000.0,7.0,18.0,0.0
0,13000.0,15.99,C,670.0,674.0,17.62,66000.0,14.0,18.0,0.0
0,1000.0,13.59,C,695.0,699.0,24.95,52000.0,14.0,22.0,1.0
1,16000.0,7.35,A,690.0,694.0,7.81,90000.0,7.0,15.0,0.0
0,7000.0,7.24,A,715.0,719.0,26.8,75000.0,6.0,38.0,0.0
0,12000.0,12.74,C,675.0,679.0,15.05,50000.0,8.0,9.0,1.0
0,10500.0,8.24,B,715.0,719.0,8.57,78000.0,5.0,10.0,1.0
1,14575.0,21.49,D,680.0,684.0,16.27,57000.0,16.0,17.0,1.0
0,28000.0,15.99,C,725.0,729.0,13.31,125000.0,5.0,12.0,0.0
1,28075.0,14.99,C,680.0,684.0,32.7,120000.0,22.0,32.0,1.0
0,3700.0,13.49,C,670.0,674.0,15.39,40000.0,7.0,14.0,0.0
1,15000.0,7.99,A,700.0,704.0,25.67,64000.0,17.0,36.0,0.0
0,25000.0,24.85,E,710.0,714.0,49.33,54476.0,16.0,36.0,0.0
0,10000.0,5.32,A,690.0,694.0,7.11,130000.0,7.0,19.0,0.0
0,20000.0,12.62,C,670.0,674.0,14.29,67000.0,11.0,25.0,1.0
0,17525.0,15.99,C,690.0,694.0,7.27,185000.0,10.0,13.0,1.0
0,10000.0,5.32,A,755.0,759.0,6.29,245000.0,10.0,28.0,0.0
1,15400.0,24.85,E,670.0,674.0,14.78,35000.0,7.0,8.0,0.0
0,10000.0,5.32,A,770.0,774.0,11.65,100000.0,9.0,15.0,0.0
0,8000.0,13.59,C,670.0,674.0,16.77,42000.0,10.0,19.0,0.0
0,8000.0,11.49,B,690.0,694.0,23.65,65000.0,8.0,14.0,0.0
0,2500.0,10.91,B,670.0,674.0,11.04,50000.0,3.0,7.0,0.0
0,13850.0,16.99,D,665.0,669.0,26.86,50000.0,13.0,25.0,0.0
1,11100.0,20.0,D,675.0,679.0,19.78,77000.0,16.0,22.0,3.0
0,10000.0,7.49,A,750.0,754.0,24.21,80000.0,9.0,25.0,1.0
0,6000.0,11.49,B,665.0,669.0,14.39,90000.0,13.0,38.0,1.0
0,7200.0,11.44,B,685.0,689.0,14.0,90546.0,6.0,7.0,0.0
0,11000.0,11.39,B,705.0,709.0,21.44,22000.0,14.0,38.0,0.0
0,7000.0,18.99,D,670.0,674.0,25.38,40000.0,18.0,37.0,2.0
0,13000.0,11.49,B,695.0,699.0,16.83,40000.0,17.0,27.0,0.0
0,1400.0,8.24,B,665.0,669.0,20.45,52000.0,11.0,13.0,0.0
0,5000.0,5.32,A,785.0,789.0,5.57,75000.0,16.0,34.0,1.0
0,6000.0,13.59,C,695.0,699.0,18.55,48000.0,18.0,20.0,1.0
1,8000.0,15.05,C,670.0,674.0,29.03,65000.0,10.0,20.0,0.0
0,5500.0,12.74,C,660.0,664.0,17.81,70000.0,10.0,26.0,0.0
0,32000.0,11.99,B,700.0,704.0,13.94,98000.0,9.0,26.0,1.0
0,10800.0,7.21,A,780.0,784.0,9.18,115000.0,17.0,21.0,2.0
0,18000.0,6.99,A,715.0,719.0,16.47,86000.0,12.0,31.0,0.0
0,4800.0,15.99,C,690.0,694.0,7.69,42000.0,10.0,21.0,1.0
0,34950.0,10.42,B,825.0,829.0,12.77,72000.0,8.0,10.0,0.0
1,4800.0,14.99,C,685.0,689.0,6.29,17000.0,3.0,9.0,0.0
0,8950.0,7.49,A,680.0,684.0,17.47,60000.0,12.0,28.0,1.0
0,8000.0,11.44,B,700.0,704.0,13.5,77000.0,10.0,11.0,0.0
0,15000.0,10.42,B,710.0,714.0,28.23,48000.0,8.0,20.0,0.0
0,9000.0,13.49,C,680.0,684.0,2.09,85000.0,4.0,6.0,0.0
0,18000.0,5.32,A,835.0,839.0,22.41,96000.0,17.0,32.0,0.0
0,10000.0,15.05,C,710.0,714.0,9.24,57000.0,7.0,9.0,1.0
0,5400.0,12.62,C,670.0,674.0,10.66,67000.0,9.0,15.0,1.0
0,5600.0,11.49,B,690.0,694.0,24.03,48000.0,10.0,29.0,0.0
0,5500.0,7.49,A,690.0,694.0,14.09,58000.0,22.0,29.0,0.0
1,7500.0,15.05,C,695.0,699.0,16.67,56000.0,6.0,9.0,1.0
0,3000.0,11.49,B,690.0,694.0,13.03,60320.0,7.0,10.0,1.0
1,18000.0,11.99,B,725.0,729.0,37.84,68000.0,40.0,53.0,3.0
0,15000.0,18.06,D,700.0,704.0,33.54,107000.0,24.0,42.0,0.0
0,6000.0,8.24,B,680.0,684.0,10.85,28220.0,23.0,56.0,0.0
1,17000.0,16.02,C,660.0,664.0,61.79,25000.0,5.0,17.0,0.0
1,8000.0,14.08,C,675.0,679.0,8.36,65000.0,23.0,49.0,3.0
0,4600.0,12.74,C,700.0,704.0,5.03,32000.0,3.0,3.0,0.0
0,15000.0,8.24,B,695.0,699.0,11.53,86000.0,7.0,9.0,0.0
0,8000.0,13.99,C,660.0,664.0,31.55,38725.0,11.0,13.0,2.0
0,25000.0,7.49,A,710.0,714.0,18.74,150000.0,21.0,43.0,0.0
0,35000.0,7.49,A,735.0,739.0,33.1,90000.0,12.0,27.0,0.0
1,7050.0,16.02,C,675.0,679.0,28.35,40000.0,12.0,25.0,1.0
0,32000.0,19.99,D,685.0,689.0,31.0,72400.0,13.0,22.0,0.0
1,8500.0,13.49,C,685.0,689.0,10.58,115000.0,9.0,16.0,0.0
0,23000.0,19.99,D,705.0,709.0,2.51,165000.0,7.0,20.0,1.0
1,8000.0,9.93,B,670.0,674.0,23.49,49000.0,15.0,20.0,1.0
1,3500.0,14.08,C,675.0,679.0,8.25,40000.0,3.0,5.0,0.0
0,20000.0,6.99,A,815.0,819.0,11.56,90000.0,15.0,26.0,0.0
1,6350.0,15.05,C,665.0,669.0,17.13,54000.0,9.0,11.0,0.0
0,7500.0,9.44,B,680.0,684.0,19.28,60000.0,9.0,15.0,0.0
0,6050.0,13.99,C,695.0,699.0,21.65,28000.0,8.0,11.0,0.0
1,5000.0,12.62,C,685.0,689.0,8.64,41000.0,15.0,24.0,0.0
0,2000.0,11.39,B,675.0,679.0,14.79,109000.0,7.0,21.0,0.0
1,7500.0,16.02,C,675.0,679.0,18.69,40000.0,7.0,23.0,0.0
0,9600.0,14.99,C,670.0,674.0,23.82,40000.0,8.0,17.0,0.0
0,5625.0,16.99,D,670.0,674.0,10.12,91997.0,7.0,13.0,0.0
0,23000.0,13.99,C,675.0,679.0,14.87,187000.0,16.0,35.0,1.0
1,2800.0,9.93,B,695.0,699.0,13.36,65000.0,10.0,15.0,0.0
1,6000.0,7.97,A,715.0,719.0,14.32,58000.0,20.0,32.0,1.0
0,1750.0,6.99,A,785.0,789.0,9.57,80000.0,7.0,23.0,0.0
